icon_name	target_size	category	source	source_dimensions	decoder
3floppy-mount	16	apps	pics/mini/3floppy_mount.xpm	16x16	pillow
3floppy-mount	22	apps	pics/mini/3floppy_mount.xpm	16x16	pillow
3floppy-mount	24	apps	pics/3floppy_mount.xpm	32x32	pillow
3floppy-mount	32	apps	pics/3floppy_mount.xpm	32x32	pillow
3floppy-mount	48	apps	pics/3floppy_mount.xpm	32x32	pillow
3floppy-unmount	16	apps	pics/mini/3floppy_unmount.xpm	16x16	pillow
3floppy-unmount	22	apps	pics/mini/3floppy_unmount.xpm	16x16	pillow
3floppy-unmount	24	apps	pics/3floppy_unmount.xpm	32x32	pillow
3floppy-unmount	32	apps	pics/3floppy_unmount.xpm	32x32	pillow
3floppy-unmount	48	apps	pics/3floppy_unmount.xpm	32x32	pillow
5floppy-mount	16	apps	pics/mini/5floppy_mount.xpm	16x16	pillow
5floppy-mount	22	apps	pics/mini/5floppy_mount.xpm	16x16	pillow
5floppy-mount	24	apps	pics/5floppy_mount.xpm	32x32	pillow
5floppy-mount	32	apps	pics/5floppy_mount.xpm	32x32	pillow
5floppy-mount	48	apps	pics/5floppy_mount.xpm	32x32	pillow
5floppy-unmount	16	apps	pics/mini/5floppy_unmount.xpm	16x16	pillow
5floppy-unmount	22	apps	pics/mini/5floppy_unmount.xpm	16x16	pillow
5floppy-unmount	24	apps	pics/5floppy_unmount.xpm	32x32	pillow
5floppy-unmount	32	apps	pics/5floppy_unmount.xpm	32x32	pillow
5floppy-unmount	48	apps	pics/5floppy_unmount.xpm	32x32	pillow
acroread	16	apps	kappfinder/pics/mini/acroread.xpm	16x14	pillow
acroread	22	apps	kappfinder/pics/mini/acroread.xpm	16x14	pillow
acroread	24	apps	kappfinder/pics/acroread.xpm	32x32	pillow
acroread	32	apps	kappfinder/pics/acroread.xpm	32x32	pillow
acroread	48	apps	kappfinder/pics/acroread.xpm	32x32	pillow
application-settings	16	apps	kcontrol/kcontrol/pics/mini/application_settings.xpm	16x16	pillow
application-settings	22	apps	kcontrol/kcontrol/pics/mini/application_settings.xpm	16x16	pillow
application-settings	24	apps	kcontrol/kcontrol/pics/application_settings.xpm	32x32	pillow
application-settings	32	apps	kcontrol/kcontrol/pics/application_settings.xpm	32x32	pillow
application-settings	48	apps	kcontrol/kcontrol/pics/application_settings.xpm	32x32	pillow
applications-package	16	apps	pics/mini/applications_package.xpm	16x16	pillow
applications-package	22	apps	pics/mini/applications_package.xpm	16x16	pillow
applications-package	24	apps	pics/applications_package.xpm	32x32	pillow
applications-package	32	apps	pics/applications_package.xpm	32x32	pillow
applications-package	48	apps	pics/applications_package.xpm	32x32	pillow
applix	16	apps	kappfinder/pics/applix.xpm	32x32	pillow
applix	22	apps	kappfinder/pics/applix.xpm	32x32	pillow
applix	24	apps	kappfinder/pics/applix.xpm	32x32	pillow
applix	32	apps	kappfinder/pics/applix.xpm	32x32	pillow
applix	48	apps	kappfinder/pics/applix.xpm	32x32	pillow
applixware	16	apps	kappfinder/pics/mini/applixware.xpm	16x16	pillow
applixware	22	apps	kappfinder/pics/mini/applixware.xpm	16x16	pillow
applixware	24	apps	kappfinder/pics/applixware.xpm	32x32	pillow
applixware	32	apps	kappfinder/pics/applixware.xpm	32x32	pillow
applixware	48	apps	kappfinder/pics/applixware.xpm	32x32	pillow
archive	16	mimetypes	kfind/pics/archive.xpm	22x22	pillow
archive	22	mimetypes	kfind/pics/archive.xpm	22x22	pillow
archive	24	mimetypes	kfind/pics/archive.xpm	22x22	pillow
archive	32	mimetypes	kfind/pics/archive.xpm	22x22	pillow
archive	48	mimetypes	kfind/pics/archive.xpm	22x22	pillow
audiovol	16	apps	pics/mini/audiovol.xpm	14x14	pillow
audiovol	22	apps	pics/mini/audiovol.xpm	14x14	pillow
audiovol	24	apps	pics/mini/audiovol.xpm	14x14	pillow
audiovol	32	apps	pics/mini/audiovol.xpm	14x14	pillow
audiovol	48	apps	pics/mini/audiovol.xpm	14x14	pillow
background	16	apps	kcontrol/display/pics/mini/background.xpm	16x16	pillow
background	22	apps	kcontrol/display/pics/mini/background.xpm	16x16	pillow
background	24	apps	kcontrol/display/pics/background.xpm	32x32	pillow
background	32	apps	kcontrol/display/pics/background.xpm	32x32	pillow
background	48	apps	kcontrol/display/pics/background.xpm	32x32	pillow
ball	16	apps	kmenuedit/icons/mini-ball.xpm	16x14	xpm-fallback
ball	22	apps	kmenuedit/icons/mini-ball.xpm	16x14	xpm-fallback
ball	24	apps	kmenuedit/icons/mini-ball.xpm	16x14	xpm-fallback
ball	32	apps	kmenuedit/icons/mini-ball.xpm	16x14	xpm-fallback
ball	48	apps	kmenuedit/icons/mini-ball.xpm	16x14	xpm-fallback
bash	16	apps	ksysguard/pics/bash.xpm	16x14	xpm-fallback
bash	22	apps	ksysguard/pics/bash.xpm	16x14	xpm-fallback
bash	24	apps	ksysguard/pics/bash.xpm	16x14	xpm-fallback
bash	32	apps	ksysguard/pics/bash.xpm	16x14	xpm-fallback
bash	48	apps	ksysguard/pics/bash.xpm	16x14	xpm-fallback
bball	16	apps	kmenuedit/icons/mini-bball.xpm	16x14	xpm-fallback
bball	22	apps	kmenuedit/icons/mini-bball.xpm	16x14	xpm-fallback
bball	24	apps	kmenuedit/icons/mini-bball.xpm	16x14	xpm-fallback
bball	32	apps	kmenuedit/icons/mini-bball.xpm	16x14	xpm-fallback
bball	48	apps	kmenuedit/icons/mini-bball.xpm	16x14	xpm-fallback
bell	16	apps	kcontrol/bell/mini-bell.xpm	16x16	pillow
bell	22	apps	kcontrol/bell/mini-bell.xpm	16x16	pillow
bell	24	apps	kcontrol/bell/bell.xpm	32x32	pillow
bell	32	apps	kcontrol/bell/bell.xpm	32x32	pillow
bell	48	apps	kcontrol/bell/bell.xpm	32x32	pillow
binary	16	mimetypes	pics/mini/binary.xpm	16x16	pillow
binary	22	mimetypes	pics/mini/binary.xpm	16x16	pillow
binary	24	mimetypes	pics/binary.xpm	32x32	pillow
binary	32	mimetypes	pics/binary.xpm	32x32	pillow
binary	48	mimetypes	pics/binary.xpm	32x32	pillow
blockdevice	16	apps	pics/mini/blockdevice.xpm	16x16	pillow
blockdevice	22	apps	pics/mini/blockdevice.xpm	16x16	pillow
blockdevice	24	apps	pics/blockdevice.xpm	32x32	pillow
blockdevice	32	apps	pics/blockdevice.xpm	32x32	pillow
blockdevice	48	apps	pics/blockdevice.xpm	32x32	pillow
bomb	16	apps	kmenuedit/icons/mini-bomb.xpm	16x14	xpm-fallback
bomb	22	apps	kmenuedit/icons/mini-bomb.xpm	16x14	xpm-fallback
bomb	24	apps	kmenuedit/icons/mini-bomb.xpm	16x14	xpm-fallback
bomb	32	apps	kmenuedit/icons/mini-bomb.xpm	16x14	xpm-fallback
bomb	48	apps	kmenuedit/icons/mini-bomb.xpm	16x14	xpm-fallback
book1	16	apps	kmenuedit/icons/mini-book1.xpm	16x14	xpm-fallback
book1	22	apps	kmenuedit/icons/mini-book1.xpm	16x14	xpm-fallback
book1	24	apps	kmenuedit/icons/mini-book1.xpm	16x14	xpm-fallback
book1	32	apps	kmenuedit/icons/mini-book1.xpm	16x14	xpm-fallback
book1	48	apps	kmenuedit/icons/mini-book1.xpm	16x14	xpm-fallback
book2	16	apps	kmenuedit/icons/mini-book2.xpm	16x14	xpm-fallback
book2	22	apps	kmenuedit/icons/mini-book2.xpm	16x14	xpm-fallback
book2	24	apps	kmenuedit/icons/mini-book2.xpm	16x14	xpm-fallback
book2	32	apps	kmenuedit/icons/mini-book2.xpm	16x14	xpm-fallback
book2	48	apps	kmenuedit/icons/mini-book2.xpm	16x14	xpm-fallback
bottomleft	16	apps	kcontrol/thememgr/Themes/Wood/bottomleft.xpm	20x20	pillow
bottomleft	22	apps	kcontrol/thememgr/Themes/Wood/bottomleft.xpm	20x20	pillow
bottomleft	24	apps	kcontrol/thememgr/Themes/Wood/bottomleft.xpm	20x20	pillow
bottomleft	32	apps	kcontrol/thememgr/Themes/Wood/bottomleft.xpm	20x20	pillow
bottomleft	48	apps	kcontrol/thememgr/Themes/Wood/bottomleft.xpm	20x20	pillow
bottomright	16	apps	kcontrol/thememgr/Themes/Wood/bottomright.xpm	20x20	pillow
bottomright	22	apps	kcontrol/thememgr/Themes/Wood/bottomright.xpm	20x20	pillow
bottomright	24	apps	kcontrol/thememgr/Themes/Wood/bottomright.xpm	20x20	pillow
bottomright	32	apps	kcontrol/thememgr/Themes/Wood/bottomright.xpm	20x20	pillow
bottomright	48	apps	kcontrol/thememgr/Themes/Wood/bottomright.xpm	20x20	pillow
brightness	16	apps	konsole/other/brightness.xpm	15x15	xpm-fallback
brightness	22	apps	konsole/other/brightness.xpm	15x15	xpm-fallback
brightness	24	apps	konsole/other/brightness.xpm	15x15	xpm-fallback
brightness	32	apps	konsole/other/brightness.xpm	15x15	xpm-fallback
brightness	48	apps	konsole/other/brightness.xpm	15x15	xpm-fallback
bsh	16	apps	ksysguard/pics/bsh.xpm	16x14	xpm-fallback
bsh	22	apps	ksysguard/pics/bsh.xpm	16x14	xpm-fallback
bsh	24	apps	ksysguard/pics/bsh.xpm	16x14	xpm-fallback
bsh	32	apps	ksysguard/pics/bsh.xpm	16x14	xpm-fallback
bsh	48	apps	ksysguard/pics/bsh.xpm	16x14	xpm-fallback
bug1	16	apps	kmenuedit/icons/mini-bug1.xpm	16x14	xpm-fallback
bug1	22	apps	kmenuedit/icons/mini-bug1.xpm	16x14	xpm-fallback
bug1	24	apps	kmenuedit/icons/mini-bug1.xpm	16x14	xpm-fallback
bug1	32	apps	kmenuedit/icons/mini-bug1.xpm	16x14	xpm-fallback
bug1	48	apps	kmenuedit/icons/mini-bug1.xpm	16x14	xpm-fallback
bug2	16	apps	kmenuedit/icons/mini-bug2.xpm	16x14	xpm-fallback
bug2	22	apps	kmenuedit/icons/mini-bug2.xpm	16x14	xpm-fallback
bug2	24	apps	kmenuedit/icons/mini-bug2.xpm	16x14	xpm-fallback
bug2	32	apps	kmenuedit/icons/mini-bug2.xpm	16x14	xpm-fallback
bug2	48	apps	kmenuedit/icons/mini-bug2.xpm	16x14	xpm-fallback
buttons	16	apps	kcontrol/kwm/pics/mini/buttons.xpm	16x16	pillow
buttons	22	apps	kcontrol/kwm/pics/mini/buttons.xpm	16x16	pillow
buttons	24	apps	kcontrol/kwm/pics/buttons.xpm	32x32	pillow
buttons	32	apps	kcontrol/kwm/pics/buttons.xpm	32x32	pillow
buttons	48	apps	kcontrol/kwm/pics/buttons.xpm	32x32	pillow
bx2	16	apps	pics/mini/mini-bx2.xpm	16x16	xpm-fallback
bx2	22	apps	pics/mini/mini-bx2.xpm	16x16	xpm-fallback
bx2	24	apps	pics/mini/mini-bx2.xpm	16x16	xpm-fallback
bx2	32	apps	pics/mini/mini-bx2.xpm	16x16	xpm-fallback
bx2	48	apps	pics/mini/mini-bx2.xpm	16x16	xpm-fallback
c++	16	apps	ksysguard/pics/c++.xpm	16x16	pillow
c++	22	apps	ksysguard/pics/c++.xpm	16x16	pillow
c++	24	apps	ksysguard/pics/c++.xpm	16x16	pillow
c++	32	apps	ksysguard/pics/c++.xpm	16x16	pillow
c++	48	apps	ksysguard/pics/c++.xpm	16x16	pillow
c-src	16	apps	pics/mini/c_src.xpm	16x16	pillow
c-src	22	apps	pics/mini/c_src.xpm	16x16	pillow
c-src	24	apps	pics/c_src.xpm	32x32	pillow
c-src	32	apps	pics/c_src.xpm	32x32	pillow
c-src	48	apps	pics/c_src.xpm	32x32	pillow
calc	16	apps	kmenuedit/icons/mini-calc.xpm	16x14	xpm-fallback
calc	22	apps	kmenuedit/icons/mini-calc.xpm	16x14	xpm-fallback
calc	24	apps	kmenuedit/icons/mini-calc.xpm	16x14	xpm-fallback
calc	32	apps	kmenuedit/icons/mini-calc.xpm	16x14	xpm-fallback
calc	48	apps	kmenuedit/icons/mini-calc.xpm	16x14	xpm-fallback
camera	16	apps	kmenuedit/icons/mini-camera.xpm	16x14	xpm-fallback
camera	22	apps	kmenuedit/icons/mini-camera.xpm	16x14	xpm-fallback
camera	24	apps	kmenuedit/icons/mini-camera.xpm	16x14	xpm-fallback
camera	32	apps	kmenuedit/icons/mini-camera.xpm	16x14	xpm-fallback
camera	48	apps	kmenuedit/icons/mini-camera.xpm	16x14	xpm-fallback
cc	16	apps	ksysguard/pics/cc.xpm	16x16	pillow
cc	22	apps	ksysguard/pics/cc.xpm	16x16	pillow
cc	24	apps	ksysguard/pics/cc.xpm	16x16	pillow
cc	32	apps	ksysguard/pics/cc.xpm	16x16	pillow
cc	48	apps	ksysguard/pics/cc.xpm	16x16	pillow
cdlabel	16	apps	kmenuedit/icons/mini-cdlabel.xpm	16x14	xpm-fallback
cdlabel	22	apps	kmenuedit/icons/mini-cdlabel.xpm	16x14	xpm-fallback
cdlabel	24	apps	kmenuedit/icons/mini-cdlabel.xpm	16x14	xpm-fallback
cdlabel	32	apps	kmenuedit/icons/mini-cdlabel.xpm	16x14	xpm-fallback
cdlabel	48	apps	kmenuedit/icons/mini-cdlabel.xpm	16x14	xpm-fallback
cdrom-mount	16	places	pics/mini/cdrom_mount.xpm	16x16	pillow
cdrom-mount	22	places	pics/mini/cdrom_mount.xpm	16x16	pillow
cdrom-mount	24	places	pics/cdrom_mount.xpm	32x32	pillow
cdrom-mount	32	places	pics/cdrom_mount.xpm	32x32	pillow
cdrom-mount	48	places	pics/cdrom_mount.xpm	32x32	pillow
cdrom-unmount	16	places	pics/mini/cdrom_unmount.xpm	16x16	pillow
cdrom-unmount	22	places	pics/mini/cdrom_unmount.xpm	16x16	pillow
cdrom-unmount	24	places	pics/cdrom_unmount.xpm	32x32	pillow
cdrom-unmount	32	places	pics/cdrom_unmount.xpm	32x32	pillow
cdrom-unmount	48	places	pics/cdrom_unmount.xpm	32x32	pillow
chardevice	16	apps	pics/mini/chardevice.xpm	16x16	pillow
chardevice	22	apps	pics/mini/chardevice.xpm	16x16	pillow
chardevice	24	apps	pics/chardevice.xpm	32x32	pillow
chardevice	32	apps	pics/chardevice.xpm	32x32	pillow
chardevice	48	apps	pics/chardevice.xpm	32x32	pillow
clock	16	apps	kmenuedit/icons/mini-clock.xpm	16x14	xpm-fallback
clock	22	apps	kmenuedit/icons/mini-clock.xpm	16x14	xpm-fallback
clock	24	apps	kmenuedit/icons/mini-clock.xpm	16x14	xpm-fallback
clock	32	apps	kmenuedit/icons/mini-clock.xpm	16x14	xpm-fallback
clock	48	apps	kmenuedit/icons/mini-clock.xpm	16x14	xpm-fallback
close	16	actions	kfm/pics/close.xpm	16x16	pillow
close	22	actions	kcontrol/thememgr/Themes/MGBreizh/close.xpm	20x20	xpm-fallback
close	24	actions	kcontrol/thememgr/Themes/MGBreizh/close.xpm	20x20	xpm-fallback
close	32	actions	kcontrol/thememgr/Themes/MGBreizh/close.xpm	20x20	xpm-fallback
close	48	actions	kcontrol/thememgr/Themes/MGBreizh/close.xpm	20x20	xpm-fallback
colors	16	apps	kcontrol/display/pics/mini/colors.xpm	16x16	pillow
colors	22	apps	kcontrol/display/pics/mini/colors.xpm	16x16	pillow
colors	24	apps	kcontrol/display/pics/colors.xpm	32x32	pillow
colors	32	apps	kcontrol/display/pics/colors.xpm	32x32	pillow
colors	48	apps	kcontrol/display/pics/colors.xpm	32x32	pillow
colourness	16	apps	konsole/other/colourness.xpm	15x15	xpm-fallback
colourness	22	apps	konsole/other/colourness.xpm	15x15	xpm-fallback
colourness	24	apps	konsole/other/colourness.xpm	15x15	xpm-fallback
colourness	32	apps	konsole/other/colourness.xpm	15x15	xpm-fallback
colourness	48	apps	konsole/other/colourness.xpm	15x15	xpm-fallback
connect	16	apps	kmenuedit/icons/mini-connect.xpm	16x14	xpm-fallback
connect	22	apps	kmenuedit/icons/mini-connect.xpm	16x14	xpm-fallback
connect	24	apps	kmenuedit/icons/mini-connect.xpm	16x14	xpm-fallback
connect	32	apps	kmenuedit/icons/mini-connect.xpm	16x14	xpm-fallback
connect	48	apps	kmenuedit/icons/mini-connect.xpm	16x14	xpm-fallback
connected	16	apps	kmenuedit/icons/mini-connected.xpm	16x14	pillow
connected	22	apps	kmenuedit/icons/mini-connected.xpm	16x14	pillow
connected	24	apps	kmenuedit/icons/mini-connected.xpm	16x14	pillow
connected	32	apps	kmenuedit/icons/mini-connected.xpm	16x14	pillow
connected	48	apps	kmenuedit/icons/mini-connected.xpm	16x14	pillow
console	16	apps	ksysguard/pics/console.xpm	16x16	pillow
console	22	apps	ksysguard/pics/console.xpm	16x16	pillow
console	24	apps	ksysguard/pics/console.xpm	16x16	pillow
console	32	apps	ksysguard/pics/console.xpm	16x16	pillow
console	48	apps	ksysguard/pics/console.xpm	16x16	pillow
contrast	16	apps	konsole/other/contrast.xpm	15x15	xpm-fallback
contrast	22	apps	konsole/other/contrast.xpm	15x15	xpm-fallback
contrast	24	apps	konsole/other/contrast.xpm	15x15	xpm-fallback
contrast	32	apps	konsole/other/contrast.xpm	15x15	xpm-fallback
contrast	48	apps	konsole/other/contrast.xpm	15x15	xpm-fallback
core	16	apps	pics/mini/core.xpm	16x16	pillow
core	22	apps	pics/mini/core.xpm	16x16	pillow
core	24	apps	pics/core.xpm	32x32	pillow
core	32	apps	pics/core.xpm	32x32	pillow
core	48	apps	pics/core.xpm	32x32	pillow
cross	16	apps	kmenuedit/icons/mini-cross.xpm	16x14	xpm-fallback
cross	22	apps	kmenuedit/icons/mini-cross.xpm	16x14	xpm-fallback
cross	24	apps	kmenuedit/icons/mini-cross.xpm	16x14	xpm-fallback
cross	32	apps	kmenuedit/icons/mini-cross.xpm	16x14	xpm-fallback
cross	48	apps	kmenuedit/icons/mini-cross.xpm	16x14	xpm-fallback
csh	16	apps	ksysguard/pics/csh.xpm	16x14	xpm-fallback
csh	22	apps	ksysguard/pics/csh.xpm	16x14	xpm-fallback
csh	24	apps	ksysguard/pics/csh.xpm	16x14	xpm-fallback
csh	32	apps	ksysguard/pics/csh.xpm	16x14	xpm-fallback
csh	48	apps	ksysguard/pics/csh.xpm	16x14	xpm-fallback
default	16	apps	kpanel/pics/mini-default.xpm	14x14	xpm-fallback
default	22	apps	kpanel/pics/mini-default.xpm	14x14	xpm-fallback
default	24	apps	kpanel/pics/mini-default.xpm	14x14	xpm-fallback
default	32	apps	kpanel/pics/mini-default.xpm	14x14	xpm-fallback
default	48	apps	kdm/pics/default.xpm	62x63	pillow
default2	16	apps	kdm/pics/default2.xpm	71x66	xpm-fallback
default2	22	apps	kdm/pics/default2.xpm	71x66	xpm-fallback
default2	24	apps	kdm/pics/default2.xpm	71x66	xpm-fallback
default2	32	apps	kdm/pics/default2.xpm	71x66	xpm-fallback
default2	48	apps	kdm/pics/default2.xpm	71x66	xpm-fallback
delete	16	actions	kfind/pics/delete.xpm	22x22	xpm-fallback
delete	22	actions	kfind/pics/delete.xpm	22x22	xpm-fallback
delete	24	actions	kfind/pics/delete.xpm	22x22	xpm-fallback
delete	32	actions	kfind/pics/delete.xpm	22x22	xpm-fallback
delete	48	actions	kfind/pics/delete.xpm	22x22	xpm-fallback
desktop	16	places	pics/mini/desktop.xpm	16x16	pillow
desktop	22	places	pics/mini/desktop.xpm	16x16	pillow
desktop	24	places	pics/desktop.xpm	32x32	pillow
desktop	32	places	pics/desktop.xpm	32x32	pillow
desktop	48	places	pics/desktop.xpm	32x32	pillow
desktop-settings	16	places	kcontrol/kcontrol/pics/mini/desktop_settings.xpm	16x16	xpm-fallback
desktop-settings	22	places	kcontrol/kcontrol/pics/mini/desktop_settings.xpm	16x16	xpm-fallback
desktop-settings	24	places	kcontrol/kcontrol/pics/desktop_settings.xpm	32x32	xpm-fallback
desktop-settings	32	places	kcontrol/kcontrol/pics/desktop_settings.xpm	32x32	xpm-fallback
desktop-settings	48	places	kcontrol/kcontrol/pics/desktop_settings.xpm	32x32	xpm-fallback
display	16	apps	kmenuedit/icons/mini-display.xpm	16x14	xpm-fallback
display	22	apps	kmenuedit/icons/mini-display.xpm	16x14	xpm-fallback
display	24	apps	kmenuedit/icons/mini-display.xpm	16x14	xpm-fallback
display	32	apps	kmenuedit/icons/mini-display.xpm	16x14	xpm-fallback
display	48	apps	kmenuedit/icons/mini-display.xpm	16x14	xpm-fallback
dlgedit	16	apps	kappfinder/pics/mini/dlgedit.xpm	16x16	pillow
dlgedit	22	apps	kappfinder/pics/mini/dlgedit.xpm	16x16	pillow
dlgedit	24	apps	kappfinder/pics/dlgedit.xpm	32x32	pillow
dlgedit	32	apps	kappfinder/pics/dlgedit.xpm	32x32	pillow
dlgedit	48	apps	kappfinder/pics/dlgedit.xpm	32x32	pillow
doc	16	apps	kmenuedit/icons/mini-doc.xpm	16x14	xpm-fallback
doc	22	apps	kmenuedit/icons/mini-doc.xpm	16x14	xpm-fallback
doc	24	apps	kmenuedit/icons/mini-doc.xpm	16x14	xpm-fallback
doc	32	apps	kmenuedit/icons/mini-doc.xpm	16x14	xpm-fallback
doc	48	apps	kmenuedit/icons/mini-doc.xpm	16x14	xpm-fallback
document	16	mimetypes	pics/mini/document.xpm	16x16	pillow
document	22	mimetypes	pics/mini/document.xpm	16x16	pillow
document	24	mimetypes	pics/document.xpm	32x32	pillow
document	32	mimetypes	pics/document.xpm	32x32	pillow
document	48	mimetypes	pics/document.xpm	32x32	pillow
dvi	16	apps	pics/mini/dvi.xpm	16x16	pillow
dvi	22	apps	pics/mini/dvi.xpm	16x16	pillow
dvi	24	apps	pics/dvi.xpm	32x32	pillow
dvi	32	apps	pics/dvi.xpm	32x32	pillow
dvi	48	apps	pics/dvi.xpm	32x32	pillow
edit	16	actions	kmenuedit/icons/mini-edit.xpm	16x14	pillow
edit	22	actions	kmenuedit/icons/mini-edit.xpm	16x14	pillow
edit	24	actions	kappfinder/pics/edit.xpm	32x32	pillow
edit	32	actions	kappfinder/pics/edit.xpm	32x32	pillow
edit	48	actions	kappfinder/pics/edit.xpm	32x32	pillow
editors-package	16	apps	pics/mini/editors_package.xpm	16x16	pillow
editors-package	22	apps	pics/mini/editors_package.xpm	16x16	pillow
editors-package	24	apps	pics/editors_package.xpm	32x32	pillow
editors-package	32	apps	pics/editors_package.xpm	32x32	pillow
editors-package	48	apps	pics/editors_package.xpm	32x32	pillow
emacs	16	apps	ksysguard/pics/emacs.xpm	16x15	pillow
emacs	22	apps	ksysguard/pics/emacs.xpm	16x15	pillow
emacs	24	apps	kappfinder/pics/emacs.xpm	32x30	pillow
emacs	32	apps	kappfinder/pics/emacs.xpm	32x30	pillow
emacs	48	apps	kappfinder/pics/emacs.xpm	32x30	pillow
email	16	apps	kappfinder/pics/mini/email.xpm	16x16	pillow
email	22	apps	kappfinder/pics/mini/email.xpm	16x16	pillow
email	24	apps	kappfinder/pics/email.xpm	32x32	pillow
email	32	apps	kappfinder/pics/email.xpm	32x32	pillow
email	48	apps	kappfinder/pics/email.xpm	32x32	pillow
exclam	16	apps	kmenuedit/icons/mini-exclam.xpm	16x14	xpm-fallback
exclam	22	apps	kmenuedit/icons/mini-exclam.xpm	16x14	xpm-fallback
exclam	24	apps	kmenuedit/icons/mini-exclam.xpm	16x14	xpm-fallback
exclam	32	apps	kmenuedit/icons/mini-exclam.xpm	16x14	xpm-fallback
exclam	48	apps	kmenuedit/icons/mini-exclam.xpm	16x14	xpm-fallback
exec	16	actions	pics/mini/exec.xpm	16x16	pillow
exec	22	actions	pics/mini/exec.xpm	16x16	pillow
exec	24	actions	pics/exec.xpm	32x32	pillow
exec	32	actions	pics/exec.xpm	32x32	pillow
exec	48	actions	pics/exec.xpm	32x32	pillow
exit	16	actions	kpanel/pics/mini/mini-exit.xpm	16x16	pillow
exit	22	actions	kpanel/pics/exit.xpm	22x22	pillow
exit	24	actions	kpanel/pics/exit.xpm	22x22	pillow
exit	32	actions	kpanel/pics/exit.xpm	22x22	pillow
exit	48	actions	kpanel/pics/exit.xpm	22x22	pillow
exp	16	apps	kmenuedit/icons/mini-exp.xpm	16x14	xpm-fallback
exp	22	apps	kmenuedit/icons/mini-exp.xpm	16x14	xpm-fallback
exp	24	apps	kmenuedit/icons/mini-exp.xpm	16x14	xpm-fallback
exp	32	apps	kmenuedit/icons/mini-exp.xpm	16x14	xpm-fallback
exp	48	apps	kmenuedit/icons/mini-exp.xpm	16x14	xpm-fallback
eyes	16	apps	kmenuedit/icons/mini-eyes.xpm	16x14	xpm-fallback
eyes	22	apps	kmenuedit/icons/mini-eyes.xpm	16x14	xpm-fallback
eyes	24	apps	kmenuedit/icons/mini-eyes.xpm	16x14	xpm-fallback
eyes	32	apps	kmenuedit/icons/mini-eyes.xpm	16x14	xpm-fallback
eyes	48	apps	kmenuedit/icons/mini-eyes.xpm	16x14	xpm-fallback
f-src	16	apps	pics/mini/f_src.xpm	16x16	pillow
f-src	22	apps	pics/mini/f_src.xpm	16x16	pillow
f-src	24	apps	pics/f_src.xpm	32x32	pillow
f-src	32	apps	pics/f_src.xpm	32x32	pillow
f-src	48	apps	pics/f_src.xpm	32x32	pillow
filemgr	16	apps	kmenuedit/icons/mini-filemgr.xpm	16x14	xpm-fallback
filemgr	22	apps	kmenuedit/icons/mini-filemgr.xpm	16x14	xpm-fallback
filemgr	24	apps	kmenuedit/icons/mini-filemgr.xpm	16x14	xpm-fallback
filemgr	32	apps	kmenuedit/icons/mini-filemgr.xpm	16x14	xpm-fallback
filemgr	48	apps	kmenuedit/icons/mini-filemgr.xpm	16x14	xpm-fallback
folder	16	places	pics/mini/folder.xpm	16x16	pillow
folder	22	places	pics/mini/folder.xpm	16x16	pillow
folder	24	places	pics/folder.xpm	32x32	xpm-fallback
folder	32	places	pics/folder.xpm	32x32	xpm-fallback
folder	48	places	pics/large/folder.xpm	48x48	pillow
folder-blue	16	places	pics/mini/folder_blue.xpm	16x16	pillow
folder-blue	22	places	pics/mini/folder_blue.xpm	16x16	pillow
folder-blue	24	places	pics/folder_blue.xpm	32x32	xpm-fallback
folder-blue	32	places	pics/folder_blue.xpm	32x32	xpm-fallback
folder-blue	48	places	pics/large/folder_blue.xpm	48x48	pillow
folder-cyan	16	places	pics/mini/folder_cyan.xpm	16x16	pillow
folder-cyan	22	places	pics/mini/folder_cyan.xpm	16x16	pillow
folder-cyan	24	places	pics/folder_cyan.xpm	32x32	xpm-fallback
folder-cyan	32	places	pics/folder_cyan.xpm	32x32	xpm-fallback
folder-cyan	48	places	pics/large/folder_cyan.xpm	48x48	pillow
folder-green	16	places	pics/mini/folder_green.xpm	16x16	pillow
folder-green	22	places	pics/mini/folder_green.xpm	16x16	pillow
folder-green	24	places	pics/folder_green.xpm	32x32	xpm-fallback
folder-green	32	places	pics/folder_green.xpm	32x32	xpm-fallback
folder-green	48	places	pics/large/folder_green.xpm	48x48	pillow
folder-open	16	places	pics/mini/folder_open.xpm	16x16	pillow
folder-open	22	places	pics/mini/folder_open.xpm	16x16	pillow
folder-open	24	places	pics/folder_open.xpm	32x32	xpm-fallback
folder-open	32	places	pics/folder_open.xpm	32x32	xpm-fallback
folder-open	48	places	pics/large/folder_open.xpm	48x48	pillow
folder-red	16	places	pics/mini/folder_red.xpm	16x16	pillow
folder-red	22	places	pics/mini/folder_red.xpm	16x16	pillow
folder-red	24	places	pics/folder_red.xpm	32x32	xpm-fallback
folder-red	32	places	pics/folder_red.xpm	32x32	xpm-fallback
folder-red	48	places	pics/large/folder_red.xpm	48x48	pillow
folder-yellow	16	places	pics/mini/folder_yellow.xpm	16x16	pillow
folder-yellow	22	places	pics/mini/folder_yellow.xpm	16x16	pillow
folder-yellow	24	places	pics/folder_yellow.xpm	32x32	xpm-fallback
folder-yellow	32	places	pics/folder_yellow.xpm	32x32	xpm-fallback
folder-yellow	48	places	pics/large/folder_yellow.xpm	48x48	pillow
font	16	apps	pics/mini/font.xpm	16x16	pillow
font	22	apps	pics/mini/font.xpm	16x16	pillow
font	24	apps	pics/font.xpm	32x32	pillow
font	32	apps	pics/font.xpm	32x32	pillow
font	48	apps	pics/font.xpm	32x32	pillow
fonts	16	apps	kcontrol/display/pics/mini/fonts.xpm	16x16	pillow
fonts	22	apps	kcontrol/display/pics/mini/fonts.xpm	16x16	pillow
fonts	24	apps	kcontrol/display/pics/fonts.xpm	32x32	pillow
fonts	32	apps	kcontrol/display/pics/fonts.xpm	32x32	pillow
fonts	48	apps	kcontrol/display/pics/fonts.xpm	32x32	pillow
fractal	16	apps	kmenuedit/icons/mini-fractal.xpm	16x14	xpm-fallback
fractal	22	apps	kmenuedit/icons/mini-fractal.xpm	16x14	xpm-fallback
fractal	24	apps	kmenuedit/icons/mini-fractal.xpm	16x14	xpm-fallback
fractal	32	apps	kmenuedit/icons/mini-fractal.xpm	16x14	xpm-fallback
fractal	48	apps	kmenuedit/icons/mini-fractal.xpm	16x14	xpm-fallback
ftp	16	apps	pics/mini/ftp.xpm	16x16	pillow
ftp	22	apps	pics/mini/ftp.xpm	16x16	pillow
ftp	24	apps	pics/ftp.xpm	32x32	pillow
ftp	32	apps	pics/ftp.xpm	32x32	pillow
ftp	48	apps	pics/ftp.xpm	32x32	pillow
g++	16	apps	ksysguard/pics/g++.xpm	16x16	pillow
g++	22	apps	ksysguard/pics/g++.xpm	16x16	pillow
g++	24	apps	ksysguard/pics/g++.xpm	16x16	pillow
g++	32	apps	ksysguard/pics/g++.xpm	16x16	pillow
g++	48	apps	ksysguard/pics/g++.xpm	16x16	pillow
games-package	16	apps	pics/mini/games_package.xpm	16x16	pillow
games-package	22	apps	pics/mini/games_package.xpm	16x16	pillow
games-package	24	apps	pics/games_package.xpm	32x32	pillow
games-package	32	apps	pics/games_package.xpm	32x32	pillow
games-package	48	apps	pics/games_package.xpm	32x32	pillow
gball	16	apps	kmenuedit/icons/mini-gball.xpm	16x14	xpm-fallback
gball	22	apps	kmenuedit/icons/mini-gball.xpm	16x14	xpm-fallback
gball	24	apps	kmenuedit/icons/mini-gball.xpm	16x14	xpm-fallback
gball	32	apps	kmenuedit/icons/mini-gball.xpm	16x14	xpm-fallback
gball	48	apps	kmenuedit/icons/mini-gball.xpm	16x14	xpm-fallback
gbd	16	apps	ksysguard/pics/gbd.xpm	16x14	xpm-fallback
gbd	22	apps	ksysguard/pics/gbd.xpm	16x14	xpm-fallback
gbd	24	apps	ksysguard/pics/gbd.xpm	16x14	xpm-fallback
gbd	32	apps	ksysguard/pics/gbd.xpm	16x14	xpm-fallback
gbd	48	apps	ksysguard/pics/gbd.xpm	16x14	xpm-fallback
gcc	16	apps	ksysguard/pics/gcc.xpm	16x16	pillow
gcc	22	apps	ksysguard/pics/gcc.xpm	16x16	pillow
gcc	24	apps	ksysguard/pics/gcc.xpm	16x16	pillow
gcc	32	apps	ksysguard/pics/gcc.xpm	16x16	pillow
gcc	48	apps	ksysguard/pics/gcc.xpm	16x16	pillow
gdb	16	apps	ksysguard/pics/gdb.xpm	16x14	xpm-fallback
gdb	22	apps	ksysguard/pics/gdb.xpm	16x14	xpm-fallback
gdb	24	apps	ksysguard/pics/gdb.xpm	16x14	xpm-fallback
gdb	32	apps	ksysguard/pics/gdb.xpm	16x14	xpm-fallback
gdb	48	apps	ksysguard/pics/gdb.xpm	16x14	xpm-fallback
general-settings	16	apps	kcontrol/kcontrol/pics/mini/general_settings.xpm	16x16	pillow
general-settings	22	apps	kcontrol/kcontrol/pics/mini/general_settings.xpm	16x16	pillow
general-settings	24	apps	kcontrol/kcontrol/pics/general_settings.xpm	32x32	pillow
general-settings	32	apps	kcontrol/kcontrol/pics/general_settings.xpm	32x32	pillow
general-settings	48	apps	kcontrol/kcontrol/pics/general_settings.xpm	32x32	pillow
gf	16	apps	pics/mini/gf.xpm	16x16	pillow
gf	22	apps	pics/mini/gf.xpm	16x16	pillow
gf	24	apps	pics/gf.xpm	32x32	pillow
gf	32	apps	pics/gf.xpm	32x32	pillow
gf	48	apps	pics/gf.xpm	32x32	pillow
gimp	16	apps	kappfinder/pics/mini/gimp.xpm	16x16	pillow
gimp	22	apps	kappfinder/pics/mini/gimp.xpm	16x16	pillow
gimp	24	apps	kappfinder/pics/gimp.xpm	32x32	pillow
gimp	32	apps	kappfinder/pics/gimp.xpm	32x32	pillow
gimp	48	apps	kappfinder/pics/gimp.xpm	32x32	pillow
go	16	apps	kpanel/pics/mini/go.xpm	16x16	pillow
go	22	apps	kpanel/pics/mini/go.xpm	16x16	pillow
go	24	apps	kpanel/pics/go.xpm	32x32	xpm-fallback
go	32	apps	kpanel/pics/go.xpm	32x32	xpm-fallback
go	48	apps	pics/large/go.xpm	48x48	xpm-fallback
graphics-package	16	apps	pics/mini/graphics_package.xpm	16x16	pillow
graphics-package	22	apps	pics/mini/graphics_package.xpm	16x16	pillow
graphics-package	24	apps	pics/graphics_package.xpm	32x32	pillow
graphics-package	32	apps	pics/graphics_package.xpm	32x32	pillow
graphics-package	48	apps	pics/graphics_package.xpm	32x32	pillow
gv	16	apps	kappfinder/pics/mini/gv.xpm	16x14	pillow
gv	22	apps	kappfinder/pics/mini/gv.xpm	16x14	pillow
gv	24	apps	kappfinder/pics/mini/gv.xpm	16x14	pillow
gv	32	apps	kappfinder/pics/gv.xpm	40x34	pillow
gv	48	apps	kappfinder/pics/gv.xpm	40x34	pillow
h-src	16	apps	pics/mini/h_src.xpm	16x16	pillow
h-src	22	apps	pics/mini/h_src.xpm	16x16	pillow
h-src	24	apps	pics/h_src.xpm	32x32	pillow
h-src	32	apps	pics/h_src.xpm	32x32	pillow
h-src	48	apps	pics/h_src.xpm	32x32	pillow
hammer	16	apps	kmenuedit/icons/mini-hammer.xpm	16x14	xpm-fallback
hammer	22	apps	kmenuedit/icons/mini-hammer.xpm	16x14	xpm-fallback
hammer	24	apps	kmenuedit/icons/mini-hammer.xpm	16x14	xpm-fallback
hammer	32	apps	kmenuedit/icons/mini-hammer.xpm	16x14	xpm-fallback
hammer	48	apps	kmenuedit/icons/mini-hammer.xpm	16x14	xpm-fallback
happy	16	apps	kmenuedit/icons/mini-happy.xpm	16x14	xpm-fallback
happy	22	apps	kmenuedit/icons/mini-happy.xpm	16x14	xpm-fallback
happy	24	apps	kmenuedit/icons/mini-happy.xpm	16x14	xpm-fallback
happy	32	apps	kmenuedit/icons/mini-happy.xpm	16x14	xpm-fallback
happy	48	apps	kmenuedit/icons/mini-happy.xpm	16x14	xpm-fallback
harddrive-mount	16	apps	pics/mini/harddrive_mount.xpm	16x16	pillow
harddrive-mount	22	apps	pics/mini/harddrive_mount.xpm	16x16	pillow
harddrive-mount	24	apps	pics/harddrive_mount.xpm	32x32	pillow
harddrive-mount	32	apps	pics/harddrive_mount.xpm	32x32	pillow
harddrive-mount	48	apps	pics/harddrive_mount.xpm	32x32	pillow
harddrive-unmount	16	apps	pics/mini/harddrive_unmount.xpm	16x16	pillow
harddrive-unmount	22	apps	pics/mini/harddrive_unmount.xpm	16x16	pillow
harddrive-unmount	24	apps	pics/harddrive_unmount.xpm	32x32	pillow
harddrive-unmount	32	apps	pics/harddrive_unmount.xpm	32x32	pillow
harddrive-unmount	48	apps	pics/harddrive_unmount.xpm	32x32	pillow
hextris	16	apps	kmenuedit/icons/mini-hextris.xpm	16x14	xpm-fallback
hextris	22	apps	kmenuedit/icons/mini-hextris.xpm	16x14	xpm-fallback
hextris	24	apps	kmenuedit/icons/mini-hextris.xpm	16x14	xpm-fallback
hextris	32	apps	kmenuedit/icons/mini-hextris.xpm	16x14	xpm-fallback
hextris	48	apps	kmenuedit/icons/mini-hextris.xpm	16x14	xpm-fallback
html	16	mimetypes	pics/mini/html.xpm	16x16	pillow
html	22	mimetypes	pics/mini/html.xpm	16x16	pillow
html	24	mimetypes	pics/html.xpm	32x32	pillow
html	32	mimetypes	pics/html.xpm	32x32	pillow
html	48	mimetypes	pics/html.xpm	32x32	pillow
iconify	16	apps	kwm/pics/iconify.xpm	16x16	xpm-fallback
iconify	22	apps	kcontrol/thememgr/Themes/MGBreizh/iconify.xpm	20x20	xpm-fallback
iconify	24	apps	kcontrol/thememgr/Themes/MGBreizh/iconify.xpm	20x20	xpm-fallback
iconify	32	apps	kcontrol/thememgr/Themes/MGBreizh/iconify.xpm	20x20	xpm-fallback
iconify	48	apps	kcontrol/thememgr/Themes/MGBreizh/iconify.xpm	20x20	xpm-fallback
idea	16	apps	kfind/pics/idea.xpm	22x22	pillow
idea	22	apps	kfind/pics/idea.xpm	22x22	pillow
idea	24	apps	kfind/pics/idea.xpm	22x22	pillow
idea	32	apps	kfind/pics/idea.xpm	22x22	pillow
idea	48	apps	kfind/pics/idea.xpm	22x22	pillow
image	16	mimetypes	pics/mini/image.xpm	16x16	pillow
image	22	mimetypes	pics/mini/image.xpm	16x16	pillow
image	24	mimetypes	pics/image.xpm	32x32	pillow
image	32	mimetypes	pics/image.xpm	32x32	pillow
image	48	mimetypes	pics/image.xpm	32x32	pillow
info	16	apps	pics/mini/info.xpm	16x16	pillow
info	22	apps	kfind/pics/info.xpm	22x22	xpm-fallback
info	24	apps	kfind/pics/info.xpm	22x22	xpm-fallback
info	32	apps	pics/info.xpm	32x32	pillow
info	48	apps	pics/info.xpm	32x32	pillow
information	16	apps	applnk/Settings/Information/information.xpm	32x32	pillow
information	22	apps	applnk/Settings/Information/information.xpm	32x32	pillow
information	24	apps	applnk/Settings/Information/information.xpm	32x32	pillow
information	32	apps	applnk/Settings/Information/information.xpm	32x32	pillow
information	48	apps	applnk/Settings/Information/information.xpm	32x32	pillow
information-settings	16	apps	kcontrol/kcontrol/pics/mini/information_settings.xpm	16x16	pillow
information-settings	22	apps	kcontrol/kcontrol/pics/mini/information_settings.xpm	16x16	pillow
information-settings	24	apps	kcontrol/kcontrol/pics/information_settings.xpm	32x32	pillow
information-settings	32	apps	kcontrol/kcontrol/pics/information_settings.xpm	32x32	pillow
information-settings	48	apps	kcontrol/kcontrol/pics/information_settings.xpm	32x32	pillow
init	16	apps	ksysguard/pics/init.xpm	16x18	xpm-fallback
init	22	apps	ksysguard/pics/init.xpm	16x18	xpm-fallback
init	24	apps	ksysguard/pics/init.xpm	16x18	xpm-fallback
init	32	apps	ksysguard/pics/init.xpm	16x18	xpm-fallback
init	48	apps	ksysguard/pics/init.xpm	16x18	xpm-fallback
input-devices-settings	16	apps	kcontrol/kcontrol/pics/mini/input_devices_settings.xpm	16x16	pillow
input-devices-settings	22	apps	kcontrol/kcontrol/pics/mini/input_devices_settings.xpm	16x16	pillow
input-devices-settings	24	apps	kcontrol/kcontrol/pics/input_devices_settings.xpm	32x32	pillow
input-devices-settings	32	apps	kcontrol/kcontrol/pics/input_devices_settings.xpm	32x32	pillow
input-devices-settings	48	apps	kcontrol/kcontrol/pics/input_devices_settings.xpm	32x32	pillow
java-src	16	apps	pics/mini/java_src.xpm	16x16	pillow
java-src	22	apps	pics/mini/java_src.xpm	16x16	pillow
java-src	24	apps	pics/java_src.xpm	32x32	pillow
java-src	32	apps	pics/java_src.xpm	32x32	pillow
java-src	48	apps	pics/java_src.xpm	32x32	pillow
k	16	apps	kmenuedit/icons/mini-k.xpm	14x14	pillow
k	22	apps	kmenuedit/icons/mini-k.xpm	14x14	pillow
k	24	apps	kmenuedit/icons/mini-k.xpm	14x14	pillow
k	32	apps	kmenuedit/icons/mini-k.xpm	14x14	pillow
k	48	apps	kmenuedit/icons/mini-k.xpm	14x14	pillow
kaudioserver	16	apps	ksysguard/pics/kaudioserver.xpm	16x16	pillow
kaudioserver	22	apps	ksysguard/pics/kaudioserver.xpm	16x16	pillow
kaudioserver	24	apps	ksysguard/pics/kaudioserver.xpm	16x16	pillow
kaudioserver	32	apps	ksysguard/pics/kaudioserver.xpm	16x16	pillow
kaudioserver	48	apps	ksysguard/pics/kaudioserver.xpm	16x16	pillow
kbgndwm	16	apps	ksysguard/pics/kbgndwm.xpm	16x14	pillow
kbgndwm	22	apps	ksysguard/pics/kbgndwm.xpm	16x14	pillow
kbgndwm	24	apps	ksysguard/pics/kbgndwm.xpm	16x14	pillow
kbgndwm	32	apps	ksysguard/pics/kbgndwm.xpm	16x14	pillow
kbgndwm	48	apps	ksysguard/pics/kbgndwm.xpm	16x14	pillow
kcmdevices	16	apps	kcontrol/info/pics/mini-kcmdevices.xpm	16x16	pillow
kcmdevices	22	apps	kcontrol/info/pics/mini-kcmdevices.xpm	16x16	pillow
kcmdevices	24	apps	kcontrol/info/pics/kcmdevices.xpm	32x32	pillow
kcmdevices	32	apps	kcontrol/info/pics/kcmdevices.xpm	32x32	pillow
kcmdevices	48	apps	kcontrol/info/pics/kcmdevices.xpm	32x32	pillow
kcmkpanel	16	apps	kcontrol/kpanel/mini-kcmkpanel.xpm	16x16	pillow
kcmkpanel	22	apps	kcontrol/kpanel/mini-kcmkpanel.xpm	16x16	pillow
kcmkpanel	24	apps	kcontrol/kpanel/kcmkpanel.xpm	32x32	pillow
kcmkpanel	32	apps	kcontrol/kpanel/kcmkpanel.xpm	32x32	pillow
kcmkpanel	48	apps	kcontrol/kpanel/kcmkpanel.xpm	32x32	pillow
kcmkwm	16	apps	kcontrol/kwm/pics/mini/kcmkwm.xpm	16x16	pillow
kcmkwm	22	apps	kcontrol/kwm/pics/mini/kcmkwm.xpm	16x16	pillow
kcmkwm	24	apps	kcontrol/kwm/pics/kcmkwm.xpm	32x32	pillow
kcmkwm	32	apps	kcontrol/kwm/pics/kcmkwm.xpm	32x32	pillow
kcmkwm	48	apps	kcontrol/kwm/pics/kcmkwm.xpm	32x32	pillow
kcmmemory	16	apps	kcontrol/info/pics/mini-kcmmemory.xpm	16x16	pillow
kcmmemory	22	apps	kcontrol/info/pics/mini-kcmmemory.xpm	16x16	pillow
kcmmemory	24	apps	kcontrol/info/pics/kcmmemory.xpm	32x32	pillow
kcmmemory	32	apps	kcontrol/info/pics/kcmmemory.xpm	32x32	pillow
kcmmemory	48	apps	kcontrol/info/pics/kcmmemory.xpm	32x32	pillow
kcmpartitions	16	apps	kcontrol/info/pics/mini-kcmpartitions.xpm	16x16	pillow
kcmpartitions	22	apps	kcontrol/info/pics/mini-kcmpartitions.xpm	16x16	pillow
kcmpartitions	24	apps	kcontrol/info/pics/kcmpartitions.xpm	32x32	pillow
kcmpartitions	32	apps	kcontrol/info/pics/kcmpartitions.xpm	32x32	pillow
kcmpartitions	48	apps	kcontrol/info/pics/kcmpartitions.xpm	32x32	pillow
kcmpci	16	apps	kcontrol/info/pics/mini-kcmpci.xpm	16x16	pillow
kcmpci	22	apps	kcontrol/info/pics/mini-kcmpci.xpm	16x16	pillow
kcmpci	24	apps	kcontrol/info/pics/kcmpci.xpm	32x32	pillow
kcmpci	32	apps	kcontrol/info/pics/kcmpci.xpm	32x32	pillow
kcmpci	48	apps	kcontrol/info/pics/kcmpci.xpm	32x32	pillow
kcmprocessor	16	apps	kcontrol/info/pics/mini-kcmprocessor.xpm	16x16	pillow
kcmprocessor	22	apps	kcontrol/info/pics/mini-kcmprocessor.xpm	16x16	pillow
kcmprocessor	24	apps	kcontrol/info/pics/kcmprocessor.xpm	32x32	pillow
kcmprocessor	32	apps	kcontrol/info/pics/kcmprocessor.xpm	32x32	pillow
kcmprocessor	48	apps	kcontrol/info/pics/kcmprocessor.xpm	32x32	pillow
kcmscsi	16	apps	kcontrol/info/pics/mini-kcmscsi.xpm	16x16	pillow
kcmscsi	22	apps	kcontrol/info/pics/mini-kcmscsi.xpm	16x16	pillow
kcmscsi	24	apps	kcontrol/info/pics/kcmscsi.xpm	32x32	pillow
kcmscsi	32	apps	kcontrol/info/pics/kcmscsi.xpm	32x32	pillow
kcmscsi	48	apps	kcontrol/info/pics/kcmscsi.xpm	32x32	pillow
kcmsound	16	apps	kcontrol/info/pics/mini-kcmsound.xpm	14x14	pillow
kcmsound	22	apps	kcontrol/info/pics/mini-kcmsound.xpm	14x14	pillow
kcmsound	24	apps	kcontrol/info/pics/kcmsound.xpm	32x32	pillow
kcmsound	32	apps	kcontrol/info/pics/kcmsound.xpm	32x32	pillow
kcmsound	48	apps	kcontrol/info/pics/kcmsound.xpm	32x32	pillow
kcmsyssound	16	apps	kcontrol/syssound/mini-kcmsyssound.xpm	16x16	pillow
kcmsyssound	22	apps	kcontrol/syssound/mini-kcmsyssound.xpm	16x16	pillow
kcmsyssound	24	apps	kcontrol/syssound/kcmsyssound.xpm	32x32	pillow
kcmsyssound	32	apps	kcontrol/syssound/kcmsyssound.xpm	32x32	pillow
kcmsyssound	48	apps	kcontrol/syssound/kcmsyssound.xpm	32x32	pillow
kcmx	16	apps	kcontrol/info/pics/mini-kcmx.xpm	16x14	xpm-fallback
kcmx	22	apps	kcontrol/info/pics/mini-kcmx.xpm	16x14	xpm-fallback
kcmx	24	apps	kcontrol/info/pics/kcmx.xpm	32x32	pillow
kcmx	32	apps	kcontrol/info/pics/kcmx.xpm	32x32	pillow
kcmx	48	apps	kcontrol/info/pics/kcmx.xpm	32x32	pillow
kcontrol	16	apps	kcontrol/kcontrol/pics/mini/kcontrol.xpm	16x16	pillow
kcontrol	22	apps	kcontrol/kcontrol/pics/mini/kcontrol.xpm	16x16	pillow
kcontrol	24	apps	kcontrol/kcontrol/pics/kcontrol.xpm	32x32	xpm-fallback
kcontrol	32	apps	kcontrol/kcontrol/pics/kcontrol.xpm	32x32	xpm-fallback
kcontrol	48	apps	pics/large/kcontrol.xpm	48x48	xpm-fallback
kde1	16	apps	kfm/pics/kde1.xpm	22x22	pillow
kde1	22	apps	kfm/pics/kde1.xpm	22x22	pillow
kde1	24	apps	kfm/pics/kde1.xpm	22x22	pillow
kde1	32	apps	kfm/pics/kde1.xpm	22x22	pillow
kde1	48	apps	kfm/pics/kde1.xpm	22x22	pillow
kde2	16	apps	kfm/pics/kde2.xpm	22x22	pillow
kde2	22	apps	kfm/pics/kde2.xpm	22x22	pillow
kde2	24	apps	kfm/pics/kde2.xpm	22x22	pillow
kde2	32	apps	kfm/pics/kde2.xpm	22x22	pillow
kde2	48	apps	kfm/pics/kde2.xpm	22x22	pillow
kde3	16	apps	kfm/pics/kde3.xpm	22x22	pillow
kde3	22	apps	kfm/pics/kde3.xpm	22x22	pillow
kde3	24	apps	kfm/pics/kde3.xpm	22x22	pillow
kde3	32	apps	kfm/pics/kde3.xpm	22x22	pillow
kde3	48	apps	kfm/pics/kde3.xpm	22x22	pillow
kde4	16	apps	kfm/pics/kde4.xpm	22x22	pillow
kde4	22	apps	kfm/pics/kde4.xpm	22x22	pillow
kde4	24	apps	kfm/pics/kde4.xpm	22x22	pillow
kde4	32	apps	kfm/pics/kde4.xpm	22x22	pillow
kde4	48	apps	kfm/pics/kde4.xpm	22x22	pillow
kde5	16	apps	kfm/pics/kde5.xpm	22x22	pillow
kde5	22	apps	kfm/pics/kde5.xpm	22x22	pillow
kde5	24	apps	kfm/pics/kde5.xpm	22x22	pillow
kde5	32	apps	kfm/pics/kde5.xpm	22x22	pillow
kde5	48	apps	kfm/pics/kde5.xpm	22x22	pillow
kde6	16	apps	kfm/pics/kde6.xpm	22x22	pillow
kde6	22	apps	kfm/pics/kde6.xpm	22x22	pillow
kde6	24	apps	kfm/pics/kde6.xpm	22x22	pillow
kde6	32	apps	kfm/pics/kde6.xpm	22x22	pillow
kde6	48	apps	kfm/pics/kde6.xpm	22x22	pillow
kde7	16	apps	kfm/pics/kde7.xpm	22x22	pillow
kde7	22	apps	kfm/pics/kde7.xpm	22x22	pillow
kde7	24	apps	kfm/pics/kde7.xpm	22x22	pillow
kde7	32	apps	kfm/pics/kde7.xpm	22x22	pillow
kde7	48	apps	kfm/pics/kde7.xpm	22x22	pillow
kde8	16	apps	kfm/pics/kde8.xpm	22x22	pillow
kde8	22	apps	kfm/pics/kde8.xpm	22x22	pillow
kde8	24	apps	kfm/pics/kde8.xpm	22x22	pillow
kde8	32	apps	kfm/pics/kde8.xpm	22x22	pillow
kde8	48	apps	kfm/pics/kde8.xpm	22x22	pillow
kde9	16	apps	kfm/pics/kde9.xpm	22x22	pillow
kde9	22	apps	kfm/pics/kde9.xpm	22x22	pillow
kde9	24	apps	kfm/pics/kde9.xpm	22x22	pillow
kde9	32	apps	kfm/pics/kde9.xpm	22x22	pillow
kde9	48	apps	kfm/pics/kde9.xpm	22x22	pillow
kdeflower	16	apps	kdm/pics/kdeflower.xpm	100x100	xpm-fallback
kdeflower	22	apps	kdm/pics/kdeflower.xpm	100x100	xpm-fallback
kdeflower	24	apps	kdm/pics/kdeflower.xpm	100x100	xpm-fallback
kdeflower	32	apps	kdm/pics/kdeflower.xpm	100x100	xpm-fallback
kdeflower	48	apps	kdm/pics/kdeflower.xpm	100x100	xpm-fallback
kdehelp	16	apps	kdehelp/mini-kdehelp.xpm	16x16	pillow
kdehelp	22	apps	kdehelp/mini-kdehelp.xpm	16x16	pillow
kdehelp	24	apps	kdehelp/kdehelp.xpm	32x32	xpm-fallback
kdehelp	32	apps	kdehelp/kdehelp.xpm	32x32	xpm-fallback
kdehelp	48	apps	pics/large/kdehelp.xpm	48x48	xpm-fallback
kdelogo	16	apps	kdm/pics/kdelogo.xpm	100x100	xpm-fallback
kdelogo	22	apps	kdm/pics/kdelogo.xpm	100x100	xpm-fallback
kdelogo	24	apps	kdm/pics/kdelogo.xpm	100x100	xpm-fallback
kdelogo	32	apps	kdm/pics/kdelogo.xpm	100x100	xpm-fallback
kdelogo	48	apps	kdm/pics/kdelogo.xpm	100x100	xpm-fallback
kdisknav	16	apps	kpanel/pics/mini/kdisknav.xpm	16x16	pillow
kdisknav	22	apps	kpanel/pics/mini/kdisknav.xpm	16x16	pillow
kdisknav	24	apps	kpanel/pics/kdisknav.xpm	32x32	xpm-fallback
kdisknav	32	apps	kpanel/pics/kdisknav.xpm	32x32	xpm-fallback
kdisknav	48	apps	pics/large/kdisknav.xpm	48x48	xpm-fallback
kdmconfig	16	apps	kcontrol/kdm/pics/mini-kdmconfig.xpm	16x16	pillow
kdmconfig	22	apps	kcontrol/kdm/pics/mini-kdmconfig.xpm	16x16	pillow
kdmconfig	24	apps	kcontrol/kdm/pics/kdmconfig.xpm	32x32	pillow
kdmconfig	32	apps	kcontrol/kdm/pics/kdmconfig.xpm	32x32	pillow
kdmconfig	48	apps	kcontrol/kdm/pics/kdmconfig.xpm	32x32	pillow
key	16	apps	kpanel/pics/mini/mini-key.xpm	16x16	pillow
key	22	apps	kpanel/pics/key.xpm	22x22	pillow
key	24	apps	kpanel/pics/key.xpm	22x22	pillow
key	32	apps	kpanel/pics/key.xpm	22x22	pillow
key	48	apps	kpanel/pics/key.xpm	22x22	pillow
keyboard	16	apps	kcontrol/input/pics/mini/keyboard.xpm	16x16	pillow
keyboard	22	apps	kcontrol/input/pics/mini/keyboard.xpm	16x16	pillow
keyboard	24	apps	kcontrol/input/pics/keyboard.xpm	32x32	pillow
keyboard	32	apps	kcontrol/input/pics/keyboard.xpm	32x32	pillow
keyboard	48	apps	kcontrol/input/pics/keyboard.xpm	32x32	pillow
kfind	16	apps	kfind/mini-kfind.xpm	16x16	pillow
kfind	22	apps	kfind/mini-kfind.xpm	16x16	pillow
kfind	24	apps	kfind/kfind.xpm	32x32	xpm-fallback
kfind	32	apps	kfind/kfind.xpm	32x32	xpm-fallback
kfind	48	apps	pics/large/kfind.xpm	48x48	xpm-fallback
kfm	16	apps	pics/mini/kfm.xpm	16x16	pillow
kfm	22	apps	pics/mini/kfm.xpm	16x16	pillow
kfm	24	apps	pics/kfm.xpm	32x32	xpm-fallback
kfm	32	apps	pics/kfm.xpm	32x32	xpm-fallback
kfm	48	apps	pics/large/kfm.xpm	48x48	xpm-fallback
kfm-fulltrash	16	apps	pics/mini/kfm_fulltrash.xpm	16x16	pillow
kfm-fulltrash	22	apps	pics/mini/kfm_fulltrash.xpm	16x16	pillow
kfm-fulltrash	24	apps	pics/kfm_fulltrash.xpm	32x32	pillow
kfm-fulltrash	32	apps	pics/kfm_fulltrash.xpm	32x32	pillow
kfm-fulltrash	48	apps	pics/kfm_fulltrash.xpm	32x32	pillow
kfm-home	16	places	pics/mini/kfm_home.xpm	16x16	pillow
kfm-home	22	places	pics/mini/kfm_home.xpm	16x16	pillow
kfm-home	24	places	pics/kfm_home.xpm	32x32	xpm-fallback
kfm-home	32	places	pics/kfm_home.xpm	32x32	xpm-fallback
kfm-home	48	places	pics/large/kfm_home.xpm	48x48	xpm-fallback
kfm-refresh	16	apps	pics/mini/kfm_refresh.xpm	16x14	xpm-fallback
kfm-refresh	22	apps	pics/mini/kfm_refresh.xpm	16x14	xpm-fallback
kfm-refresh	24	apps	pics/kfm_refresh.xpm	32x32	pillow
kfm-refresh	32	apps	pics/kfm_refresh.xpm	32x32	pillow
kfm-refresh	48	apps	pics/kfm_refresh.xpm	32x32	pillow
kfm-trash	16	places	pics/mini/kfm_trash.xpm	16x16	pillow
kfm-trash	22	places	pics/mini/kfm_trash.xpm	16x16	pillow
kfm-trash	24	places	pics/kfm_trash.xpm	32x32	pillow
kfm-trash	32	places	pics/kfm_trash.xpm	32x32	pillow
kfm-trash	48	places	pics/kfm_trash.xpm	32x32	pillow
kfontmanager	16	apps	kfontmanager/mini-kfontmanager.xpm	16x16	pillow
kfontmanager	22	apps	kfontmanager/mini-kfontmanager.xpm	16x16	pillow
kfontmanager	24	apps	kfontmanager/kfontmanager.xpm	32x32	xpm-fallback
kfontmanager	32	apps	kfontmanager/kfontmanager.xpm	32x32	xpm-fallback
kfontmanager	48	apps	pics/large/kfontmanager.xpm	48x48	xpm-fallback
kikbd	16	apps	kikbd/mini-kikbd.xpm	16x16	pillow
kikbd	22	apps	kikbd/mini-kikbd.xpm	16x16	pillow
kikbd	24	apps	kikbd/kikbd.xpm	32x32	pillow
kikbd	32	apps	kikbd/kikbd.xpm	32x32	pillow
kikbd	48	apps	kikbd/kikbd.xpm	32x32	pillow
kioslave	16	apps	ksysguard/pics/kioslave.xpm	16x14	xpm-fallback
kioslave	22	apps	ksysguard/pics/kioslave.xpm	16x14	xpm-fallback
kioslave	24	apps	ksysguard/pics/kioslave.xpm	16x14	xpm-fallback
kioslave	32	apps	ksysguard/pics/kioslave.xpm	16x14	xpm-fallback
kioslave	48	apps	ksysguard/pics/kioslave.xpm	16x14	xpm-fallback
klipper	16	apps	klipper/klipper.xpm	32x32	pillow
klipper	22	apps	klipper/klipper.xpm	32x32	pillow
klipper	24	apps	klipper/klipper.xpm	32x32	pillow
klipper	32	apps	klipper/klipper.xpm	32x32	pillow
klipper	48	apps	klipper/klipper.xpm	32x32	pillow
klipper-mini	16	apps	klipper/klipper_mini.xpm	16x16	pillow
klipper-mini	22	apps	klipper/klipper_mini.xpm	16x16	pillow
klipper-mini	24	apps	klipper/klipper_mini.xpm	16x16	pillow
klipper-mini	32	apps	klipper/klipper_mini.xpm	16x16	pillow
klipper-mini	48	apps	klipper/klipper_mini.xpm	16x16	pillow
kmenuedit	16	apps	kmenuedit/mini-kmenuedit.xpm	16x16	pillow
kmenuedit	22	apps	kmenuedit/mini-kmenuedit.xpm	16x16	pillow
kmenuedit	24	apps	kmenuedit/kmenuedit.xpm	32x32	xpm-fallback
kmenuedit	32	apps	kmenuedit/kmenuedit.xpm	32x32	xpm-fallback
kmenuedit	48	apps	pics/large/kmenuedit.xpm	48x48	xpm-fallback
kmultiple	16	apps	kfm/pics/kmultiple.xpm	32x32	xpm-fallback
kmultiple	22	apps	kfm/pics/kmultiple.xpm	32x32	xpm-fallback
kmultiple	24	apps	kfm/pics/kmultiple.xpm	32x32	xpm-fallback
kmultiple	32	apps	kfm/pics/kmultiple.xpm	32x32	xpm-fallback
kmultiple	48	apps	pics/large/kmultiple.xpm	48x48	xpm-fallback
konsole	16	apps	konsole/other/konsole.xpm	32x32	xpm-fallback
konsole	22	apps	konsole/other/konsole.xpm	32x32	xpm-fallback
konsole	24	apps	konsole/other/konsole.xpm	32x32	xpm-fallback
konsole	32	apps	konsole/other/konsole.xpm	32x32	xpm-fallback
konsole	48	apps	pics/large/konsole.xpm	48x48	xpm-fallback
konsole-mini	16	apps	konsole/other/konsole-mini.xpm	16x16	pillow
konsole-mini	22	apps	konsole/other/konsole-mini.xpm	16x16	pillow
konsole-mini	24	apps	konsole/other/konsole-mini.xpm	16x16	pillow
konsole-mini	32	apps	konsole/other/konsole-mini.xpm	16x16	pillow
konsole-mini	48	apps	konsole/other/konsole-mini.xpm	16x16	pillow
kpanel	16	apps	ksysguard/pics/kpanel.xpm	16x16	pillow
kpanel	22	apps	ksysguard/pics/kpanel.xpm	16x16	pillow
kpanel	24	apps	ksysguard/pics/kpanel.xpm	16x16	pillow
kpanel	32	apps	ksysguard/pics/kpanel.xpm	16x16	pillow
kpanel	48	apps	ksysguard/pics/kpanel.xpm	16x16	pillow
krootwm	16	apps	ksysguard/pics/krootwm.xpm	16x14	pillow
krootwm	22	apps	ksysguard/pics/krootwm.xpm	16x14	pillow
krootwm	24	apps	ksysguard/pics/krootwm.xpm	16x14	pillow
krootwm	32	apps	ksysguard/pics/krootwm.xpm	16x14	pillow
krootwm	48	apps	ksysguard/pics/krootwm.xpm	16x14	pillow
kscreensaver	16	apps	kscreensaver/mini-kscreensaver.xpm	16x16	pillow
kscreensaver	22	apps	kscreensaver/mini-kscreensaver.xpm	16x16	pillow
kscreensaver	24	apps	kscreensaver/kscreensaver.xpm	32x32	pillow
kscreensaver	32	apps	kscreensaver/kscreensaver.xpm	32x32	pillow
kscreensaver	48	apps	kscreensaver/kscreensaver.xpm	32x32	pillow
ksh	16	apps	ksysguard/pics/ksh.xpm	16x14	xpm-fallback
ksh	22	apps	ksysguard/pics/ksh.xpm	16x14	xpm-fallback
ksh	24	apps	ksysguard/pics/ksh.xpm	16x14	xpm-fallback
ksh	32	apps	ksysguard/pics/ksh.xpm	16x14	xpm-fallback
ksh	48	apps	ksysguard/pics/ksh.xpm	16x14	xpm-fallback
kthememgr	16	apps	kcontrol/thememgr/mini-kthememgr.xpm	16x16	xpm-fallback
kthememgr	22	apps	kcontrol/thememgr/mini-kthememgr.xpm	16x16	xpm-fallback
kthememgr	24	apps	kcontrol/thememgr/kthememgr.xpm	32x32	xpm-fallback
kthememgr	32	apps	kcontrol/thememgr/kthememgr.xpm	32x32	xpm-fallback
kthememgr	48	apps	kcontrol/thememgr/kthememgr.xpm	32x32	xpm-fallback
ktop	16	apps	ksysguard/mini-ktop.xpm	16x16	pillow
ktop	22	apps	ksysguard/mini-ktop.xpm	16x16	pillow
ktop	24	apps	ksysguard/ktop.xpm	32x32	pillow
ktop	32	apps	ksysguard/ktop.xpm	32x32	pillow
ktop	48	apps	ksysguard/ktop.xpm	32x32	pillow
kvt	16	apps	kvt/mini-kvt.xpm	16x16	pillow
kvt	22	apps	kvt/mini-kvt.xpm	16x16	pillow
kvt	24	apps	kvt/kvt.xpm	32x32	xpm-fallback
kvt	32	apps	kvt/kvt.xpm	32x32	xpm-fallback
kvt	48	apps	pics/large/kvt.xpm	48x48	xpm-fallback
kwm	16	apps	kwm/mini-kwm.xpm	16x14	pillow
kwm	22	apps	kwm/mini-kwm.xpm	16x14	pillow
kwm	24	apps	kwm/kwm.xpm	32x32	pillow
kwm	32	apps	kwm/kwm.xpm	32x32	pillow
kwm	48	apps	pics/large/kwm.xpm	48x48	pillow
l-src	16	apps	pics/mini/l_src.xpm	16x16	pillow
l-src	22	apps	pics/mini/l_src.xpm	16x16	pillow
l-src	24	apps	pics/l_src.xpm	32x32	pillow
l-src	32	apps	pics/l_src.xpm	32x32	pillow
l-src	48	apps	pics/l_src.xpm	32x32	pillow
library	16	apps	pics/mini/library.xpm	16x16	pillow
library	22	apps	pics/mini/library.xpm	16x16	pillow
library	24	apps	pics/library.xpm	32x32	pillow
library	32	apps	pics/library.xpm	32x32	pillow
library	48	apps	pics/library.xpm	32x32	pillow
link	16	apps	pics/link.xpm	32x32	pillow
link	22	apps	pics/link.xpm	32x32	pillow
link	24	apps	pics/link.xpm	32x32	pillow
link	32	apps	pics/link.xpm	32x32	pillow
link	48	apps	pics/large/link.xpm	44x44	pillow
locale	16	apps	kcontrol/locale/mini-locale.xpm	16x16	pillow
locale	22	apps	kcontrol/locale/mini-locale.xpm	16x16	pillow
locale	24	apps	kcontrol/locale/locale.xpm	32x32	pillow
locale	32	apps	kcontrol/locale/locale.xpm	32x32	pillow
locale	48	apps	kcontrol/locale/locale.xpm	32x32	pillow
lock	16	actions	kmenuedit/icons/mini-lock.xpm	16x14	xpm-fallback
lock	22	actions	kmenuedit/icons/mini-lock.xpm	16x14	xpm-fallback
lock	24	actions	kmenuedit/icons/mini-lock.xpm	16x14	xpm-fallback
lock	32	actions	kmenuedit/icons/mini-lock.xpm	16x14	xpm-fallback
lock	48	actions	kmenuedit/icons/mini-lock.xpm	16x14	xpm-fallback
locked	16	apps	pics/mini/locked.xpm	16x16	pillow
locked	22	apps	pics/mini/locked.xpm	16x16	pillow
locked	24	apps	pics/locked.xpm	32x32	pillow
locked	32	apps	pics/locked.xpm	32x32	pillow
locked	48	apps	pics/locked.xpm	32x32	pillow
lockedfolder	16	places	pics/mini/lockedfolder.xpm	16x16	pillow
lockedfolder	22	places	pics/mini/lockedfolder.xpm	16x16	pillow
lockedfolder	24	places	pics/lockedfolder.xpm	32x32	xpm-fallback
lockedfolder	32	places	pics/lockedfolder.xpm	32x32	xpm-fallback
lockedfolder	48	places	pics/large/lockedfolder.xpm	48x48	xpm-fallback
log	16	apps	pics/mini/log.xpm	16x16	pillow
log	22	apps	pics/mini/log.xpm	16x16	pillow
log	24	apps	pics/log.xpm	32x32	pillow
log	32	apps	pics/log.xpm	32x32	pillow
log	48	apps	pics/log.xpm	32x32	pillow
login	16	apps	ksysguard/pics/login.xpm	19x16	xpm-fallback
login	22	apps	ksysguard/pics/login.xpm	19x16	xpm-fallback
login	24	apps	ksysguard/pics/login.xpm	19x16	xpm-fallback
login	32	apps	ksysguard/pics/login.xpm	19x16	xpm-fallback
login	48	apps	ksysguard/pics/login.xpm	19x16	xpm-fallback
logo	16	apps	pics/logo.xpm	22x22	pillow
logo	22	apps	pics/logo.xpm	22x22	pillow
logo	24	apps	pics/logo.xpm	22x22	pillow
logo	32	apps	pics/logo.xpm	22x22	pillow
logo	48	apps	pics/logo.xpm	22x22	pillow
lower	16	apps	kmenuedit/icons/mini-lower.xpm	16x14	xpm-fallback
lower	22	apps	kmenuedit/icons/mini-lower.xpm	16x14	xpm-fallback
lower	24	apps	kmenuedit/icons/mini-lower.xpm	16x14	xpm-fallback
lower	32	apps	kmenuedit/icons/mini-lower.xpm	16x14	xpm-fallback
lower	48	apps	kmenuedit/icons/mini-lower.xpm	16x14	xpm-fallback
lpd	16	apps	ksysguard/pics/lpd.xpm	16x16	pillow
lpd	22	apps	ksysguard/pics/lpd.xpm	16x16	pillow
lpd	24	apps	ksysguard/pics/lpd.xpm	16x16	pillow
lpd	32	apps	ksysguard/pics/lpd.xpm	16x16	pillow
lpd	48	apps	ksysguard/pics/lpd.xpm	16x16	pillow
lyx	16	apps	kappfinder/pics/mini/lyx.xpm	16x16	pillow
lyx	22	apps	kappfinder/pics/mini/lyx.xpm	16x16	pillow
lyx	24	apps	kappfinder/pics/lyx.xpm	32x32	pillow
lyx	32	apps	kappfinder/pics/lyx.xpm	32x32	pillow
lyx	48	apps	kappfinder/pics/lyx.xpm	32x32	pillow
magneto-optical-mount	16	apps	pics/magneto-optical_mount.xpm	32x32	pillow
magneto-optical-mount	22	apps	pics/magneto-optical_mount.xpm	32x32	pillow
magneto-optical-mount	24	apps	pics/magneto-optical_mount.xpm	32x32	pillow
magneto-optical-mount	32	apps	pics/magneto-optical_mount.xpm	32x32	pillow
magneto-optical-mount	48	apps	pics/magneto-optical_mount.xpm	32x32	pillow
magneto-optical-unmount	16	apps	pics/magneto-optical_unmount.xpm	32x32	pillow
magneto-optical-unmount	22	apps	pics/magneto-optical_unmount.xpm	32x32	pillow
magneto-optical-unmount	24	apps	pics/magneto-optical_unmount.xpm	32x32	pillow
magneto-optical-unmount	32	apps	pics/magneto-optical_unmount.xpm	32x32	pillow
magneto-optical-unmount	48	apps	pics/magneto-optical_unmount.xpm	32x32	pillow
mail	16	apps	kmenuedit/icons/mini-mail.xpm	16x14	xpm-fallback
mail	22	apps	kmenuedit/icons/mini-mail.xpm	16x14	xpm-fallback
mail	24	apps	kmenuedit/icons/mini-mail.xpm	16x14	xpm-fallback
mail	32	apps	kmenuedit/icons/mini-mail.xpm	16x14	xpm-fallback
mail	48	apps	kmenuedit/icons/mini-mail.xpm	16x14	xpm-fallback
make	16	apps	pics/mini/make.xpm	16x16	pillow
make	22	apps	pics/mini/make.xpm	16x16	pillow
make	24	apps	pics/make.xpm	32x32	pillow
make	32	apps	pics/make.xpm	32x32	pillow
make	48	apps	pics/make.xpm	32x32	pillow
man	16	apps	pics/mini/man.xpm	16x16	pillow
man	22	apps	pics/mini/man.xpm	16x16	pillow
man	24	apps	pics/man.xpm	32x32	pillow
man	32	apps	pics/man.xpm	32x32	pillow
man	48	apps	pics/man.xpm	32x32	pillow
manual	16	apps	kmenuedit/icons/mini-manual.xpm	16x14	xpm-fallback
manual	22	apps	kmenuedit/icons/mini-manual.xpm	16x14	xpm-fallback
manual	24	apps	kmenuedit/icons/mini-manual.xpm	16x14	xpm-fallback
manual	32	apps	kmenuedit/icons/mini-manual.xpm	16x14	xpm-fallback
manual	48	apps	kmenuedit/icons/mini-manual.xpm	16x14	xpm-fallback
mathematica	16	apps	kappfinder/pics/mini/mathematica.xpm	16x16	pillow
mathematica	22	apps	kappfinder/pics/mini/mathematica.xpm	16x16	pillow
mathematica	24	apps	kappfinder/pics/mathematica.xpm	32x32	pillow
mathematica	32	apps	kappfinder/pics/mathematica.xpm	32x32	pillow
mathematica	48	apps	kappfinder/pics/mathematica.xpm	32x32	pillow
maudio	16	apps	ksysguard/pics/maudio.xpm	16x16	pillow
maudio	22	apps	ksysguard/pics/maudio.xpm	16x16	pillow
maudio	24	apps	ksysguard/pics/maudio.xpm	16x16	pillow
maudio	32	apps	ksysguard/pics/maudio.xpm	16x16	pillow
maudio	48	apps	ksysguard/pics/maudio.xpm	16x16	pillow
max1	16	apps	kmenuedit/icons/mini-max1.xpm	16x14	pillow
max1	22	apps	kmenuedit/icons/mini-max1.xpm	16x14	pillow
max1	24	apps	kmenuedit/icons/mini-max1.xpm	16x14	pillow
max1	32	apps	kmenuedit/icons/mini-max1.xpm	16x14	pillow
max1	48	apps	kmenuedit/icons/mini-max1.xpm	16x14	pillow
maximize	16	apps	kwm/pics/maximize.xpm	16x16	xpm-fallback
maximize	22	apps	kcontrol/thememgr/Themes/MGBreizh/maximize.xpm	20x20	xpm-fallback
maximize	24	apps	kcontrol/thememgr/Themes/MGBreizh/maximize.xpm	20x20	xpm-fallback
maximize	32	apps	kcontrol/thememgr/Themes/MGBreizh/maximize.xpm	20x20	xpm-fallback
maximize	48	apps	kcontrol/thememgr/Themes/MGBreizh/maximize.xpm	20x20	xpm-fallback
maximize2	16	apps	kmenuedit/icons/maximize2.xpm	13x12	pillow
maximize2	22	apps	kmenuedit/icons/maximize2.xpm	13x12	pillow
maximize2	24	apps	kmenuedit/icons/maximize2.xpm	13x12	pillow
maximize2	32	apps	kmenuedit/icons/maximize2.xpm	13x12	pillow
maximize2	48	apps	kmenuedit/icons/maximize2.xpm	13x12	pillow
maximizedown	16	apps	kwm/pics/maximizedown.xpm	16x16	xpm-fallback
maximizedown	22	apps	kwm/pics/maximizedown.xpm	16x16	xpm-fallback
maximizedown	24	apps	kwm/pics/maximizedown.xpm	16x16	xpm-fallback
maximizedown	32	apps	kwm/pics/maximizedown.xpm	16x16	xpm-fallback
maximizedown	48	apps	kwm/pics/maximizedown.xpm	16x16	xpm-fallback
maze	16	apps	kmenuedit/icons/mini-maze.xpm	16x14	xpm-fallback
maze	22	apps	kmenuedit/icons/mini-maze.xpm	16x14	xpm-fallback
maze	24	apps	kmenuedit/icons/mini-maze.xpm	16x14	xpm-fallback
maze	32	apps	kmenuedit/icons/mini-maze.xpm	16x14	xpm-fallback
maze	48	apps	kmenuedit/icons/mini-maze.xpm	16x14	xpm-fallback
memory	16	apps	kcontrol/info/pics/mini-memory.xpm	16x16	pillow
memory	22	apps	kcontrol/info/pics/mini-memory.xpm	16x16	pillow
memory	24	apps	kcontrol/info/pics/mini-memory.xpm	16x16	pillow
memory	32	apps	kcontrol/info/pics/mini-memory.xpm	16x16	pillow
memory	48	apps	kcontrol/info/pics/mini-memory.xpm	16x16	pillow
menu	16	apps	kwm/pics/menu.xpm	16x16	xpm-fallback
menu	22	apps	kcontrol/thememgr/Themes/MGBreizh/menu.xpm	20x20	xpm-fallback
menu	24	apps	kcontrol/thememgr/Themes/MGBreizh/menu.xpm	20x20	xpm-fallback
menu	32	apps	kcontrol/thememgr/Themes/MGBreizh/menu.xpm	20x20	xpm-fallback
menu	48	apps	kcontrol/thememgr/Themes/MGBreizh/menu.xpm	20x20	xpm-fallback
metafont	16	apps	pics/mini/metafont.xpm	16x16	pillow
metafont	22	apps	pics/mini/metafont.xpm	16x16	pillow
metafont	24	apps	pics/metafont.xpm	32x32	pillow
metafont	32	apps	pics/metafont.xpm	32x32	pillow
metafont	48	apps	pics/metafont.xpm	32x32	pillow
midi	16	apps	pics/mini/midi.xpm	16x16	pillow
midi	22	apps	pics/mini/midi.xpm	16x16	pillow
midi	24	apps	pics/midi.xpm	32x32	pillow
midi	32	apps	pics/midi.xpm	32x32	pillow
midi	48	apps	pics/midi.xpm	32x32	pillow
mini	16	apps	kmenuedit/icons/mini.xpm	14x14	pillow
mini	22	apps	kmenuedit/icons/mini.xpm	14x14	pillow
mini	24	apps	kmenuedit/icons/mini.xpm	14x14	pillow
mini	32	apps	kmenuedit/icons/mini.xpm	14x14	pillow
mini	48	apps	kmenuedit/icons/mini.xpm	14x14	pillow
mini.audiovol	16	apps	kmenuedit/icons/mini.audiovol.xpm	14x14	pillow
mini.audiovol	22	apps	kmenuedit/icons/mini.audiovol.xpm	14x14	pillow
mini.audiovol	24	apps	kmenuedit/icons/mini.audiovol.xpm	14x14	pillow
mini.audiovol	32	apps	kmenuedit/icons/mini.audiovol.xpm	14x14	pillow
mini.audiovol	48	apps	kmenuedit/icons/mini.audiovol.xpm	14x14	pillow
mini.checkmark	16	apps	kmenuedit/icons/mini.checkmark.xpm	11x11	xpm-fallback
mini.checkmark	22	apps	kmenuedit/icons/mini.checkmark.xpm	11x11	xpm-fallback
mini.checkmark	24	apps	kmenuedit/icons/mini.checkmark.xpm	11x11	xpm-fallback
mini.checkmark	32	apps	kmenuedit/icons/mini.checkmark.xpm	11x11	xpm-fallback
mini.checkmark	48	apps	kmenuedit/icons/mini.checkmark.xpm	11x11	xpm-fallback
mini.cut	16	actions	kmenuedit/icons/mini.cut.xpm	9x14	xpm-fallback
mini.cut	22	actions	kmenuedit/icons/mini.cut.xpm	9x14	xpm-fallback
mini.cut	24	actions	kmenuedit/icons/mini.cut.xpm	9x14	xpm-fallback
mini.cut	32	actions	kmenuedit/icons/mini.cut.xpm	9x14	xpm-fallback
mini.cut	48	actions	kmenuedit/icons/mini.cut.xpm	9x14	xpm-fallback
mini.destroy	16	apps	kmenuedit/icons/mini.destroy.xpm	14x14	pillow
mini.destroy	22	apps	kmenuedit/icons/mini.destroy.xpm	14x14	pillow
mini.destroy	24	apps	kmenuedit/icons/mini.destroy.xpm	14x14	pillow
mini.destroy	32	apps	kmenuedit/icons/mini.destroy.xpm	14x14	pillow
mini.destroy	48	apps	kmenuedit/icons/mini.destroy.xpm	14x14	pillow
mini.excl	16	apps	kmenuedit/icons/mini.excl.xpm	14x14	pillow
mini.excl	22	apps	kmenuedit/icons/mini.excl.xpm	14x14	pillow
mini.excl	24	apps	kmenuedit/icons/mini.excl.xpm	14x14	pillow
mini.excl	32	apps	kmenuedit/icons/mini.excl.xpm	14x14	pillow
mini.excl	48	apps	kmenuedit/icons/mini.excl.xpm	14x14	pillow
mini.exit	16	actions	kmenuedit/icons/mini.exit.xpm	22x14	pillow
mini.exit	22	actions	kmenuedit/icons/mini.exit.xpm	22x14	pillow
mini.exit	24	actions	kmenuedit/icons/mini.exit.xpm	22x14	pillow
mini.exit	32	actions	kmenuedit/icons/mini.exit.xpm	22x14	pillow
mini.exit	48	actions	kmenuedit/icons/mini.exit.xpm	22x14	pillow
mini.fvwm	16	apps	kmenuedit/icons/mini.fvwm.xpm	14x14	pillow
mini.fvwm	22	apps	kmenuedit/icons/mini.fvwm.xpm	14x14	pillow
mini.fvwm	24	apps	kmenuedit/icons/mini.fvwm.xpm	14x14	pillow
mini.fvwm	32	apps	kmenuedit/icons/mini.fvwm.xpm	14x14	pillow
mini.fvwm	48	apps	kmenuedit/icons/mini.fvwm.xpm	14x14	pillow
mini.letter	16	apps	kmenuedit/icons/mini.letter.xpm	14x10	pillow
mini.letter	22	apps	kmenuedit/icons/mini.letter.xpm	14x10	pillow
mini.letter	24	apps	kmenuedit/icons/mini.letter.xpm	14x10	pillow
mini.letter	32	apps	kmenuedit/icons/mini.letter.xpm	14x10	pillow
mini.letter	48	apps	kmenuedit/icons/mini.letter.xpm	14x10	pillow
mini.lower	16	apps	kmenuedit/icons/mini.lower.xpm	14x14	pillow
mini.lower	22	apps	kmenuedit/icons/mini.lower.xpm	14x14	pillow
mini.lower	24	apps	kmenuedit/icons/mini.lower.xpm	14x14	pillow
mini.lower	32	apps	kmenuedit/icons/mini.lower.xpm	14x14	pillow
mini.lower	48	apps	kmenuedit/icons/mini.lower.xpm	14x14	pillow
mini.move	16	apps	kmenuedit/icons/mini.move.xpm	14x14	pillow
mini.move	22	apps	kmenuedit/icons/mini.move.xpm	14x14	pillow
mini.move	24	apps	kmenuedit/icons/mini.move.xpm	14x14	pillow
mini.move	32	apps	kmenuedit/icons/mini.move.xpm	14x14	pillow
mini.move	48	apps	kmenuedit/icons/mini.move.xpm	14x14	pillow
mini.netscape	16	apps	kmenuedit/icons/mini.netscape.xpm	14x14	pillow
mini.netscape	22	apps	kmenuedit/icons/mini.netscape.xpm	14x14	pillow
mini.netscape	24	apps	kmenuedit/icons/mini.netscape.xpm	14x14	pillow
mini.netscape	32	apps	kmenuedit/icons/mini.netscape.xpm	14x14	pillow
mini.netscape	48	apps	kmenuedit/icons/mini.netscape.xpm	14x14	pillow
mini.raise	16	apps	kmenuedit/icons/mini.raise.xpm	14x14	pillow
mini.raise	22	apps	kmenuedit/icons/mini.raise.xpm	14x14	pillow
mini.raise	24	apps	kmenuedit/icons/mini.raise.xpm	14x14	pillow
mini.raise	32	apps	kmenuedit/icons/mini.raise.xpm	14x14	pillow
mini.raise	48	apps	kmenuedit/icons/mini.raise.xpm	14x14	pillow
mini.resize	16	apps	kmenuedit/icons/mini.resize.xpm	14x14	pillow
mini.resize	22	apps	kmenuedit/icons/mini.resize.xpm	14x14	pillow
mini.resize	24	apps	kmenuedit/icons/mini.resize.xpm	14x14	pillow
mini.resize	32	apps	kmenuedit/icons/mini.resize.xpm	14x14	pillow
mini.resize	48	apps	kmenuedit/icons/mini.resize.xpm	14x14	pillow
mini.xarchie	16	apps	kmenuedit/icons/mini.xarchie.xpm	14x14	pillow
mini.xarchie	22	apps	kmenuedit/icons/mini.xarchie.xpm	14x14	pillow
mini.xarchie	24	apps	kmenuedit/icons/mini.xarchie.xpm	14x14	pillow
mini.xarchie	32	apps	kmenuedit/icons/mini.xarchie.xpm	14x14	pillow
mini.xarchie	48	apps	kmenuedit/icons/mini.xarchie.xpm	14x14	pillow
mini.xboing	16	apps	kmenuedit/icons/mini.xboing.xpm	14x14	pillow
mini.xboing	22	apps	kmenuedit/icons/mini.xboing.xpm	14x14	pillow
mini.xboing	24	apps	kmenuedit/icons/mini.xboing.xpm	14x14	pillow
mini.xboing	32	apps	kmenuedit/icons/mini.xboing.xpm	14x14	pillow
mini.xboing	48	apps	kmenuedit/icons/mini.xboing.xpm	14x14	pillow
mini.xlock	16	apps	kmenuedit/icons/mini.xlock.xpm	14x14	pillow
mini.xlock	22	apps	kmenuedit/icons/mini.xlock.xpm	14x14	pillow
mini.xlock	24	apps	kmenuedit/icons/mini.xlock.xpm	14x14	pillow
mini.xlock	32	apps	kmenuedit/icons/mini.xlock.xpm	14x14	pillow
mini.xlock	48	apps	kmenuedit/icons/mini.xlock.xpm	14x14	pillow
mini.xterm	16	apps	kmenuedit/icons/mini.xterm.xpm	14x14	xpm-fallback
mini.xterm	22	apps	kmenuedit/icons/mini.xterm.xpm	14x14	xpm-fallback
mini.xterm	24	apps	kmenuedit/icons/mini.xterm.xpm	14x14	xpm-fallback
mini.xterm	32	apps	kmenuedit/icons/mini.xterm.xpm	14x14	xpm-fallback
mini.xterm	48	apps	kmenuedit/icons/mini.xterm.xpm	14x14	xpm-fallback
mini.zircon	16	apps	kmenuedit/icons/mini.zircon.xpm	14x14	pillow
mini.zircon	22	apps	kmenuedit/icons/mini.zircon.xpm	14x14	pillow
mini.zircon	24	apps	kmenuedit/icons/mini.zircon.xpm	14x14	pillow
mini.zircon	32	apps	kmenuedit/icons/mini.zircon.xpm	14x14	pillow
mini.zircon	48	apps	kmenuedit/icons/mini.zircon.xpm	14x14	pillow
moc-src	16	apps	pics/mini/moc_src.xpm	16x16	pillow
moc-src	22	apps	pics/mini/moc_src.xpm	16x16	pillow
moc-src	24	apps	pics/moc_src.xpm	32x32	pillow
moc-src	32	apps	pics/moc_src.xpm	32x32	pillow
moc-src	48	apps	pics/moc_src.xpm	32x32	pillow
modules	16	apps	kmenuedit/icons/mini-modules.xpm	16x14	xpm-fallback
modules	22	apps	kmenuedit/icons/mini-modules.xpm	16x14	xpm-fallback
modules	24	apps	kmenuedit/icons/mini-modules.xpm	16x14	xpm-fallback
modules	32	apps	kmenuedit/icons/mini-modules.xpm	16x14	xpm-fallback
modules	48	apps	kmenuedit/icons/mini-modules.xpm	16x14	xpm-fallback
mouse	16	apps	kcontrol/input/pics/mini/mouse.xpm	16x16	pillow
mouse	22	apps	kcontrol/input/pics/mini/mouse.xpm	16x16	pillow
mouse	24	apps	kcontrol/input/pics/mouse.xpm	32x32	pillow
mouse	32	apps	kcontrol/input/pics/mouse.xpm	32x32	pillow
mouse	48	apps	kcontrol/input/pics/mouse.xpm	32x32	pillow
move	16	apps	kmenuedit/icons/mini-move.xpm	16x14	xpm-fallback
move	22	apps	kmenuedit/icons/mini-move.xpm	16x14	xpm-fallback
move	24	apps	kmenuedit/icons/mini-move.xpm	16x14	xpm-fallback
move	32	apps	kmenuedit/icons/mini-move.xpm	16x14	xpm-fallback
move	48	apps	kmenuedit/icons/mini-move.xpm	16x14	xpm-fallback
move1	16	apps	kmenuedit/icons/mini-move1.xpm	16x14	xpm-fallback
move1	22	apps	kmenuedit/icons/mini-move1.xpm	16x14	xpm-fallback
move1	24	apps	kmenuedit/icons/mini-move1.xpm	16x14	xpm-fallback
move1	32	apps	kmenuedit/icons/mini-move1.xpm	16x14	xpm-fallback
move1	48	apps	kmenuedit/icons/mini-move1.xpm	16x14	xpm-fallback
multimedia-package	16	apps	pics/mini/multimedia_package.xpm	16x16	pillow
multimedia-package	22	apps	pics/mini/multimedia_package.xpm	16x16	pillow
multimedia-package	24	apps	pics/multimedia_package.xpm	32x32	pillow
multimedia-package	32	apps	pics/multimedia_package.xpm	32x32	pillow
multimedia-package	48	apps	pics/multimedia_package.xpm	32x32	pillow
nedit	16	apps	kappfinder/pics/mini/nedit.xpm	16x16	pillow
nedit	22	apps	kappfinder/pics/mini/nedit.xpm	16x16	pillow
nedit	24	apps	kappfinder/pics/nedit.xpm	32x32	pillow
nedit	32	apps	kappfinder/pics/nedit.xpm	32x32	pillow
nedit	48	apps	kappfinder/pics/nedit.xpm	32x32	pillow
netscape	16	apps	kappfinder/pics/mini/netscape.xpm	16x16	xpm-fallback
netscape	22	apps	kappfinder/pics/mini/netscape.xpm	16x16	xpm-fallback
netscape	24	apps	kappfinder/pics/netscape.xpm	32x32	xpm-fallback
netscape	32	apps	kappfinder/pics/netscape.xpm	32x32	xpm-fallback
netscape	48	apps	kappfinder/pics/netscape.xpm	32x32	xpm-fallback
network	16	places	applnk/Settings/Information/network.xpm	32x32	pillow
network	22	places	applnk/Settings/Information/network.xpm	32x32	pillow
network	24	places	applnk/Settings/Information/network.xpm	32x32	pillow
network	32	places	applnk/Settings/Information/network.xpm	32x32	pillow
network	48	places	applnk/Settings/Information/network.xpm	32x32	pillow
network-package	16	places	pics/mini/network_package.xpm	16x16	pillow
network-package	22	places	pics/mini/network_package.xpm	16x16	pillow
network-package	24	places	pics/network_package.xpm	32x32	pillow
network-package	32	places	pics/network_package.xpm	32x32	pillow
network-package	48	places	pics/network_package.xpm	32x32	pillow
network-settings	16	places	kcontrol/kcontrol/pics/mini/network_settings.xpm	16x16	pillow
network-settings	22	places	kcontrol/kcontrol/pics/mini/network_settings.xpm	16x16	pillow
network-settings	24	places	kcontrol/kcontrol/pics/network_settings.xpm	32x32	pillow
network-settings	32	places	kcontrol/kcontrol/pics/network_settings.xpm	32x32	pillow
network-settings	48	places	kcontrol/kcontrol/pics/network_settings.xpm	32x32	pillow
nogo	16	apps	kappfinder/pics/nogo.xpm	32x32	pillow
nogo	22	apps	kappfinder/pics/nogo.xpm	32x32	pillow
nogo	24	apps	kappfinder/pics/nogo.xpm	32x32	pillow
nogo	32	apps	kappfinder/pics/nogo.xpm	32x32	pillow
nogo	48	apps	kappfinder/pics/nogo.xpm	32x32	pillow
nscape	16	apps	kmenuedit/icons/mini-nscape.xpm	15x14	xpm-fallback
nscape	22	apps	kmenuedit/icons/mini-nscape.xpm	15x14	xpm-fallback
nscape	24	apps	kmenuedit/icons/mini-nscape.xpm	15x14	xpm-fallback
nscape	32	apps	kmenuedit/icons/mini-nscape.xpm	15x14	xpm-fallback
nscape	48	apps	kmenuedit/icons/mini-nscape.xpm	15x14	xpm-fallback
nxterm	16	apps	ksysguard/pics/nxterm.xpm	16x16	pillow
nxterm	22	apps	ksysguard/pics/nxterm.xpm	16x16	pillow
nxterm	24	apps	ksysguard/pics/nxterm.xpm	16x16	pillow
nxterm	32	apps	ksysguard/pics/nxterm.xpm	16x16	pillow
nxterm	48	apps	ksysguard/pics/nxterm.xpm	16x16	pillow
o-src	16	apps	pics/mini/o_src.xpm	16x16	pillow
o-src	22	apps	pics/mini/o_src.xpm	16x16	pillow
o-src	24	apps	pics/o_src.xpm	32x32	pillow
o-src	32	apps	pics/o_src.xpm	32x32	pillow
o-src	48	apps	pics/o_src.xpm	32x32	pillow
ofolder	16	places	kmenuedit/icons/mini-ofolder.xpm	16x14	pillow
ofolder	22	places	kmenuedit/icons/mini-ofolder.xpm	16x14	pillow
ofolder	24	places	kmenuedit/icons/mini-ofolder.xpm	16x14	pillow
ofolder	32	places	kmenuedit/icons/mini-ofolder.xpm	16x14	pillow
ofolder	48	places	kmenuedit/icons/mini-ofolder.xpm	16x14	pillow
olwm	16	apps	kmenuedit/icons/mini-olwm.xpm	16x14	xpm-fallback
olwm	22	apps	kmenuedit/icons/mini-olwm.xpm	16x14	xpm-fallback
olwm	24	apps	kmenuedit/icons/mini-olwm.xpm	16x14	xpm-fallback
olwm	32	apps	kmenuedit/icons/mini-olwm.xpm	16x14	xpm-fallback
olwm	48	apps	kmenuedit/icons/mini-olwm.xpm	16x14	xpm-fallback
open	16	actions	kfm/pics/open.xpm	16x16	pillow
open	22	actions	kfm/pics/open.xpm	16x16	pillow
open	24	actions	kfm/pics/open.xpm	16x16	pillow
open	32	actions	kfm/pics/open.xpm	16x16	pillow
open	48	actions	kfm/pics/open.xpm	16x16	pillow
openfile	16	apps	kfind/pics/openfile.xpm	22x22	pillow
openfile	22	apps	kfind/pics/openfile.xpm	22x22	pillow
openfile	24	apps	kfind/pics/openfile.xpm	22x22	pillow
openfile	32	apps	kfind/pics/openfile.xpm	22x22	pillow
openfile	48	apps	kfind/pics/openfile.xpm	22x22	pillow
p-src	16	apps	pics/mini/p_src.xpm	16x16	pillow
p-src	22	apps	pics/mini/p_src.xpm	16x16	pillow
p-src	24	apps	pics/p_src.xpm	32x32	pillow
p-src	32	apps	pics/p_src.xpm	32x32	pillow
p-src	48	apps	pics/p_src.xpm	32x32	pillow
package	16	apps	pics/mini/package.xpm	16x16	xpm-fallback
package	22	apps	pics/mini/package.xpm	16x16	xpm-fallback
package	24	apps	pics/package.xpm	32x32	pillow
package	32	apps	pics/package.xpm	32x32	pillow
package	48	apps	pics/package.xpm	32x32	pillow
paint	16	apps	kmenuedit/icons/mini-paint.xpm	16x14	pillow
paint	22	apps	kmenuedit/icons/mini-paint.xpm	16x14	pillow
paint	24	apps	kmenuedit/icons/mini-paint.xpm	16x14	pillow
paint	32	apps	kmenuedit/icons/mini-paint.xpm	16x14	pillow
paint	48	apps	kmenuedit/icons/mini-paint.xpm	16x14	pillow
panel	16	apps	kpanel/pics/mini/mini-panel.xpm	16x16	pillow
panel	22	apps	kpanel/pics/mini/mini-panel.xpm	16x16	pillow
panel	24	apps	kpanel/pics/mini/mini-panel.xpm	16x16	pillow
panel	32	apps	kpanel/pics/mini/mini-panel.xpm	16x16	pillow
panel	48	apps	kcontrol/thememgr/Themes/Wood/panel.xpm	60x60	pillow
panel-settings	16	apps	kcontrol/kcontrol/pics/mini/panel_settings.xpm	16x16	pillow
panel-settings	22	apps	kcontrol/kcontrol/pics/mini/panel_settings.xpm	16x16	pillow
panel-settings	24	apps	kcontrol/kcontrol/pics/panel_settings.xpm	32x32	pillow
panel-settings	32	apps	kcontrol/kcontrol/pics/panel_settings.xpm	32x32	pillow
panel-settings	48	apps	kcontrol/kcontrol/pics/panel_settings.xpm	32x32	pillow
pci	16	apps	pics/mini/pci.xpm	16x16	pillow
pci	22	apps	pics/mini/pci.xpm	16x16	pillow
pci	24	apps	pics/mini/pci.xpm	16x16	pillow
pci	32	apps	pics/mini/pci.xpm	16x16	pillow
pci	48	apps	pics/mini/pci.xpm	16x16	pillow
pdf	16	mimetypes	pics/mini/pdf.xpm	16x16	pillow
pdf	22	mimetypes	pics/mini/pdf.xpm	16x16	pillow
pdf	24	mimetypes	pics/pdf.xpm	32x32	pillow
pdf	32	mimetypes	pics/pdf.xpm	32x32	pillow
pdf	48	mimetypes	pics/pdf.xpm	32x32	pillow
pencil	16	apps	kmenuedit/icons/mini-pencil.xpm	16x14	xpm-fallback
pencil	22	apps	kmenuedit/icons/mini-pencil.xpm	16x14	xpm-fallback
pencil	24	apps	kmenuedit/icons/mini-pencil.xpm	16x14	xpm-fallback
pencil	32	apps	kmenuedit/icons/mini-pencil.xpm	16x14	xpm-fallback
pencil	48	apps	kmenuedit/icons/mini-pencil.xpm	16x14	xpm-fallback
penguin	16	apps	kappfinder/pics/mini/penguin.xpm	16x16	pillow
penguin	22	apps	kappfinder/pics/mini/penguin.xpm	16x16	pillow
penguin	24	apps	kappfinder/pics/penguin.xpm	27x32	pillow
penguin	32	apps	kappfinder/pics/penguin.xpm	27x32	pillow
penguin	48	apps	kappfinder/pics/penguin.xpm	27x32	pillow
pers-applnk	16	apps	kpanel/pics/mini/pers_applnk.xpm	16x16	pillow
pers-applnk	22	apps	kpanel/pics/mini/pers_applnk.xpm	16x16	pillow
pers-applnk	24	apps	kpanel/pics/pers_applnk.xpm	32x32	pillow
pers-applnk	32	apps	kpanel/pics/pers_applnk.xpm	32x32	pillow
pers-applnk	48	apps	kpanel/pics/pers_applnk.xpm	32x32	pillow
personal	16	apps	kpanel/pics/mini/personal.xpm	16x16	pillow
personal	22	apps	kpanel/pics/mini/personal.xpm	16x16	pillow
personal	24	apps	kpanel/pics/personal.xpm	32x32	pillow
personal	32	apps	kpanel/pics/personal.xpm	32x32	pillow
personal	48	apps	kpanel/pics/personal.xpm	32x32	pillow
pindown	16	apps	kwm/pics/pindown.xpm	16x16	xpm-fallback
pindown	22	apps	kwm/pics/pindown.xpm	16x16	xpm-fallback
pindown	24	apps	kwm/pics/pindown.xpm	16x16	xpm-fallback
pindown	32	apps	kwm/pics/pindown.xpm	16x16	xpm-fallback
pindown	48	apps	kwm/pics/pindown.xpm	16x16	xpm-fallback
pinguin	16	apps	kappfinder/pics/mini/pinguin.xpm	16x18	xpm-fallback
pinguin	22	apps	kappfinder/pics/mini/pinguin.xpm	16x18	xpm-fallback
pinguin	24	apps	kappfinder/pics/mini/pinguin.xpm	16x18	xpm-fallback
pinguin	32	apps	kappfinder/pics/pinguin.xpm	27x32	pillow
pinguin	48	apps	kappfinder/pics/pinguin.xpm	27x32	pillow
pinup	16	apps	kwm/pics/pinup.xpm	16x16	xpm-fallback
pinup	22	apps	kwm/pics/pinup.xpm	16x16	xpm-fallback
pinup	24	apps	kwm/pics/pinup.xpm	16x16	xpm-fallback
pinup	32	apps	kwm/pics/pinup.xpm	16x16	xpm-fallback
pinup	48	apps	kwm/pics/pinup.xpm	16x16	xpm-fallback
pipe	16	apps	pics/mini/pipe.xpm	16x16	pillow
pipe	22	apps	pics/mini/pipe.xpm	16x16	pillow
pipe	24	apps	pics/pipe.xpm	32x32	pillow
pipe	32	apps	pics/pipe.xpm	32x32	pillow
pipe	48	apps	pics/pipe.xpm	32x32	pillow
pk	16	apps	pics/mini/pk.xpm	16x16	pillow
pk	22	apps	pics/mini/pk.xpm	16x16	pillow
pk	24	apps	pics/pk.xpm	32x32	pillow
pk	32	apps	pics/pk.xpm	32x32	pillow
pk	48	apps	pics/pk.xpm	32x32	pillow
plan	16	apps	kappfinder/pics/mini/mini-plan.xpm	16x16	pillow
plan	22	apps	kappfinder/pics/mini/mini-plan.xpm	16x16	pillow
plan	24	apps	kappfinder/pics/plan.xpm	31x32	pillow
plan	32	apps	kappfinder/pics/plan.xpm	31x32	pillow
plan	48	apps	kappfinder/pics/plan.xpm	31x32	pillow
postscript	16	apps	pics/mini/postscript.xpm	16x16	pillow
postscript	22	apps	pics/mini/postscript.xpm	16x16	pillow
postscript	24	apps	pics/postscript.xpm	32x32	pillow
postscript	32	apps	pics/postscript.xpm	32x32	pillow
postscript	48	apps	pics/postscript.xpm	32x32	pillow
printer	16	apps	pics/mini/printer.xpm	16x16	pillow
printer	22	apps	pics/mini/printer.xpm	16x16	pillow
printer	24	apps	pics/printer.xpm	32x32	pillow
printer	32	apps	pics/printer.xpm	32x32	pillow
printer	48	apps	pics/printer.xpm	32x32	pillow
properties	16	apps	kcontrol/kwm/pics/properties.xpm	32x32	xpm-fallback
properties	22	apps	kcontrol/kwm/pics/properties.xpm	32x32	xpm-fallback
properties	24	apps	kcontrol/kwm/pics/properties.xpm	32x32	xpm-fallback
properties	32	apps	kcontrol/kwm/pics/properties.xpm	32x32	xpm-fallback
properties	48	apps	kcontrol/kwm/pics/properties.xpm	32x32	xpm-fallback
question	16	apps	kmenuedit/icons/mini-question.xpm	16x14	xpm-fallback
question	22	apps	kmenuedit/icons/mini-question.xpm	16x14	xpm-fallback
question	24	apps	kmenuedit/icons/mini-question.xpm	16x14	xpm-fallback
question	32	apps	kmenuedit/icons/mini-question.xpm	16x14	xpm-fallback
question	48	apps	kmenuedit/icons/mini-question.xpm	16x14	xpm-fallback
raise	16	apps	kmenuedit/icons/mini-raise.xpm	16x14	xpm-fallback
raise	22	apps	kmenuedit/icons/mini-raise.xpm	16x14	xpm-fallback
raise	24	apps	kmenuedit/icons/mini-raise.xpm	16x14	xpm-fallback
raise	32	apps	kmenuedit/icons/mini-raise.xpm	16x14	xpm-fallback
raise	48	apps	kmenuedit/icons/mini-raise.xpm	16x14	xpm-fallback
ray	16	apps	kmenuedit/icons/mini-ray.xpm	16x14	xpm-fallback
ray	22	apps	kmenuedit/icons/mini-ray.xpm	16x14	xpm-fallback
ray	24	apps	kmenuedit/icons/mini-ray.xpm	16x14	xpm-fallback
ray	32	apps	kmenuedit/icons/mini-ray.xpm	16x14	xpm-fallback
ray	48	apps	kmenuedit/icons/mini-ray.xpm	16x14	xpm-fallback
rball	16	apps	kmenuedit/icons/mini-rball.xpm	16x14	xpm-fallback
rball	22	apps	kmenuedit/icons/mini-rball.xpm	16x14	xpm-fallback
rball	24	apps	kmenuedit/icons/mini-rball.xpm	16x14	xpm-fallback
rball	32	apps	kmenuedit/icons/mini-rball.xpm	16x14	xpm-fallback
rball	48	apps	kmenuedit/icons/mini-rball.xpm	16x14	xpm-fallback
readme	16	apps	pics/mini/readme.xpm	16x16	pillow
readme	22	apps	pics/mini/readme.xpm	16x16	pillow
readme	24	apps	pics/readme.xpm	32x32	pillow
readme	32	apps	pics/readme.xpm	32x32	pillow
readme	48	apps	pics/readme.xpm	32x32	pillow
readonly	16	apps	pics/readonly.xpm	32x32	pillow
readonly	22	apps	pics/readonly.xpm	32x32	pillow
readonly	24	apps	pics/readonly.xpm	32x32	pillow
readonly	32	apps	pics/readonly.xpm	32x32	pillow
readonly	48	apps	pics/readonly.xpm	32x32	pillow
resize	16	apps	kmenuedit/icons/mini-resize.xpm	16x14	xpm-fallback
resize	22	apps	kmenuedit/icons/mini-resize.xpm	16x14	xpm-fallback
resize	24	apps	kmenuedit/icons/mini-resize.xpm	16x14	xpm-fallback
resize	32	apps	kmenuedit/icons/mini-resize.xpm	16x14	xpm-fallback
resize	48	apps	kmenuedit/icons/mini-resize.xpm	16x14	xpm-fallback
resource	16	apps	pics/mini/resource.xpm	16x16	pillow
resource	22	apps	pics/mini/resource.xpm	16x16	pillow
resource	24	apps	pics/resource.xpm	32x32	pillow
resource	32	apps	pics/resource.xpm	32x32	pillow
resource	48	apps	pics/resource.xpm	32x32	pillow
roach	16	apps	kmenuedit/icons/mini-roach.xpm	16x14	xpm-fallback
roach	22	apps	kmenuedit/icons/mini-roach.xpm	16x14	xpm-fallback
roach	24	apps	kmenuedit/icons/mini-roach.xpm	16x14	xpm-fallback
roach	32	apps	kmenuedit/icons/mini-roach.xpm	16x14	xpm-fallback
roach	48	apps	kmenuedit/icons/mini-roach.xpm	16x14	xpm-fallback
root	16	apps	kdm/pics/root.xpm	62x63	pillow
root	22	apps	kdm/pics/root.xpm	62x63	pillow
root	24	apps	kdm/pics/root.xpm	62x63	pillow
root	32	apps	kdm/pics/root.xpm	62x63	pillow
root	48	apps	kdm/pics/root.xpm	62x63	pillow
root2	16	apps	kdm/pics/root2.xpm	49x47	xpm-fallback
root2	22	apps	kdm/pics/root2.xpm	49x47	xpm-fallback
root2	24	apps	kdm/pics/root2.xpm	49x47	xpm-fallback
root2	32	apps	kdm/pics/root2.xpm	49x47	xpm-fallback
root2	48	apps	kdm/pics/root2.xpm	49x47	xpm-fallback
run	16	actions	kmenuedit/icons/mini-run.xpm	16x14	xpm-fallback
run	22	actions	kmenuedit/icons/mini-run.xpm	16x14	xpm-fallback
run	24	actions	kmenuedit/icons/mini-run.xpm	16x14	xpm-fallback
run	32	actions	kmenuedit/icons/mini-run.xpm	16x14	xpm-fallback
run	48	actions	kmenuedit/icons/mini-run.xpm	16x14	xpm-fallback
s-src	16	apps	pics/mini/s_src.xpm	16x16	pillow
s-src	22	apps	pics/mini/s_src.xpm	16x16	pillow
s-src	24	apps	pics/s_src.xpm	32x32	pillow
s-src	32	apps	pics/s_src.xpm	32x32	pillow
s-src	48	apps	pics/s_src.xpm	32x32	pillow
sample	16	apps	kcontrol/sample/mini-sample.xpm	16x18	xpm-fallback
sample	22	apps	kcontrol/sample/mini-sample.xpm	16x18	xpm-fallback
sample	24	apps	kcontrol/sample/mini-sample.xpm	16x18	xpm-fallback
sample	32	apps	kcontrol/sample/mini-sample.xpm	16x18	xpm-fallback
sample	48	apps	kcontrol/sample/mini-sample.xpm	16x18	xpm-fallback
save	16	actions	kfind/pics/save.xpm	22x22	pillow
save	22	actions	kfind/pics/save.xpm	22x22	pillow
save	24	actions	kfind/pics/save.xpm	22x22	pillow
save	32	actions	kfind/pics/save.xpm	22x22	pillow
save	48	actions	kfind/pics/save.xpm	22x22	pillow
screensaver	16	apps	kcontrol/display/pics/mini/screensaver.xpm	16x16	pillow
screensaver	22	apps	kcontrol/display/pics/mini/screensaver.xpm	16x16	pillow
screensaver	24	apps	kcontrol/display/pics/screensaver.xpm	32x32	pillow
screensaver	32	apps	kcontrol/display/pics/screensaver.xpm	32x32	pillow
screensaver	48	apps	kcontrol/display/pics/screensaver.xpm	32x32	pillow
script	16	apps	pics/mini/script.xpm	16x16	pillow
script	22	apps	pics/mini/script.xpm	16x16	pillow
script	24	apps	pics/script.xpm	32x32	pillow
script	32	apps	pics/script.xpm	32x32	pillow
script	48	apps	pics/script.xpm	32x32	pillow
search	16	actions	kfind/pics/search.xpm	22x22	pillow
search	22	actions	kfind/pics/search.xpm	22x22	pillow
search	24	actions	kfind/pics/search.xpm	22x22	pillow
search	32	actions	kfind/pics/search.xpm	22x22	pillow
search	48	actions	kfind/pics/search.xpm	22x22	pillow
session-kde	16	apps	kdm/pics/session_kde.xpm	16x16	pillow
session-kde	22	apps	kdm/pics/session_kde.xpm	16x16	pillow
session-kde	24	apps	kdm/pics/session_kde.xpm	16x16	pillow
session-kde	32	apps	kdm/pics/session_kde.xpm	16x16	pillow
session-kde	48	apps	kdm/pics/session_kde.xpm	16x16	pillow
settings-package	16	apps	pics/mini/settings_package.xpm	16x16	pillow
settings-package	22	apps	pics/mini/settings_package.xpm	16x16	pillow
settings-package	24	apps	pics/settings_package.xpm	32x32	pillow
settings-package	32	apps	pics/settings_package.xpm	32x32	pillow
settings-package	48	apps	pics/settings_package.xpm	32x32	pillow
sh	16	apps	ksysguard/pics/sh.xpm	16x14	xpm-fallback
sh	22	apps	ksysguard/pics/sh.xpm	16x14	xpm-fallback
sh	24	apps	ksysguard/pics/sh.xpm	16x14	xpm-fallback
sh	32	apps	ksysguard/pics/sh.xpm	16x14	xpm-fallback
sh	48	apps	ksysguard/pics/sh.xpm	16x14	xpm-fallback
sh1	16	apps	kmenuedit/icons/mini-sh1.xpm	16x14	xpm-fallback
sh1	22	apps	kmenuedit/icons/mini-sh1.xpm	16x14	xpm-fallback
sh1	24	apps	kmenuedit/icons/mini-sh1.xpm	16x14	xpm-fallback
sh1	32	apps	kmenuedit/icons/mini-sh1.xpm	16x14	xpm-fallback
sh1	48	apps	kmenuedit/icons/mini-sh1.xpm	16x14	xpm-fallback
shared	16	apps	kpanel/pics/shared.xpm	19x16	pillow
shared	22	apps	kpanel/pics/shared.xpm	19x16	pillow
shared	24	apps	kpanel/pics/shared.xpm	19x16	pillow
shared	32	apps	kpanel/pics/shared.xpm	19x16	pillow
shared	48	apps	kpanel/pics/shared.xpm	19x16	pillow
slon	16	apps	kmenuedit/icons/mini-slon.xpm	16x14	xpm-fallback
slon	22	apps	kmenuedit/icons/mini-slon.xpm	16x14	xpm-fallback
slon	24	apps	kmenuedit/icons/mini-slon.xpm	16x14	xpm-fallback
slon	32	apps	kmenuedit/icons/mini-slon.xpm	16x14	xpm-fallback
slon	48	apps	kmenuedit/icons/mini-slon.xpm	16x14	xpm-fallback
smbstatus	16	apps	kcontrol/samba/mini-smbstatus.xpm	16x16	pillow
smbstatus	22	apps	kcontrol/samba/mini-smbstatus.xpm	16x16	pillow
smbstatus	24	apps	kcontrol/samba/mini-smbstatus.xpm	16x16	pillow
smbstatus	32	apps	kcontrol/samba/smbstatus.xpm	32x32	pillow
smbstatus	48	apps	kcontrol/samba/smbstatus.xpm	32x32	pillow
socket	16	apps	pics/mini/socket.xpm	16x14	pillow
socket	22	apps	pics/mini/socket.xpm	16x14	pillow
socket	24	apps	pics/socket.xpm	32x32	pillow
socket	32	apps	pics/socket.xpm	32x32	pillow
socket	48	apps	pics/socket.xpm	32x32	pillow
sound	16	mimetypes	pics/mini/sound.xpm	16x16	pillow
sound	22	mimetypes	pics/mini/sound.xpm	16x16	pillow
sound	24	mimetypes	pics/sound.xpm	32x32	pillow
sound	32	mimetypes	pics/sound.xpm	32x32	pillow
sound	48	mimetypes	pics/sound.xpm	32x32	pillow
sound-settings	16	mimetypes	kcontrol/kcontrol/pics/mini/sound_settings.xpm	16x16	pillow
sound-settings	22	mimetypes	kcontrol/kcontrol/pics/mini/sound_settings.xpm	16x16	pillow
sound-settings	24	mimetypes	kcontrol/kcontrol/pics/sound_settings.xpm	32x32	pillow
sound-settings	32	mimetypes	kcontrol/kcontrol/pics/sound_settings.xpm	32x32	pillow
sound-settings	48	mimetypes	kcontrol/kcontrol/pics/sound_settings.xpm	32x32	pillow
startkde	16	apps	ksysguard/pics/startkde.xpm	14x14	pillow
startkde	22	apps	ksysguard/pics/startkde.xpm	14x14	pillow
startkde	24	apps	ksysguard/pics/startkde.xpm	14x14	pillow
startkde	32	apps	ksysguard/pics/startkde.xpm	14x14	pillow
startkde	48	apps	ksysguard/pics/startkde.xpm	14x14	pillow
startx	16	apps	ksysguard/pics/startx.xpm	16x16	xpm-fallback
startx	22	apps	ksysguard/pics/startx.xpm	16x16	xpm-fallback
startx	24	apps	ksysguard/pics/startx.xpm	16x16	xpm-fallback
startx	32	apps	ksysguard/pics/startx.xpm	16x16	xpm-fallback
startx	48	apps	ksysguard/pics/startx.xpm	16x16	xpm-fallback
stop	16	actions	kmenuedit/icons/mini-stop.xpm	16x14	xpm-fallback
stop	22	actions	kmenuedit/icons/mini-stop.xpm	16x14	xpm-fallback
stop	24	actions	kmenuedit/icons/mini-stop.xpm	16x14	xpm-fallback
stop	32	actions	kmenuedit/icons/mini-stop.xpm	16x14	xpm-fallback
stop	48	actions	kmenuedit/icons/mini-stop.xpm	16x14	xpm-fallback
stopsign	16	apps	kfm/pics/stopsign.xpm	32x32	xpm-fallback
stopsign	22	apps	kfm/pics/stopsign.xpm	32x32	xpm-fallback
stopsign	24	apps	kfm/pics/stopsign.xpm	32x32	xpm-fallback
stopsign	32	apps	kfm/pics/stopsign.xpm	32x32	xpm-fallback
stopsign	48	apps	kfm/pics/stopsign.xpm	32x32	xpm-fallback
style	16	apps	kcontrol/display/pics/mini/style.xpm	16x16	pillow
style	22	apps	kcontrol/display/pics/mini/style.xpm	16x16	pillow
style	24	apps	kcontrol/display/pics/style.xpm	32x32	pillow
style	32	apps	kcontrol/display/pics/style.xpm	32x32	pillow
style	48	apps	kcontrol/display/pics/style.xpm	32x32	pillow
system-package	16	apps	pics/mini/system_package.xpm	16x16	pillow
system-package	22	apps	pics/mini/system_package.xpm	16x16	pillow
system-package	24	apps	pics/system_package.xpm	32x32	pillow
system-package	32	apps	pics/system_package.xpm	32x32	pillow
system-package	48	apps	pics/system_package.xpm	32x32	pillow
tablet	16	apps	pics/mini/tablet.xpm	16x16	pillow
tablet	22	apps	pics/mini/tablet.xpm	16x16	pillow
tablet	24	apps	pics/tablet.xpm	32x32	pillow
tablet	32	apps	pics/tablet.xpm	32x32	pillow
tablet	48	apps	pics/tablet.xpm	32x32	pillow
tcsh	16	apps	ksysguard/pics/tcsh.xpm	16x14	xpm-fallback
tcsh	22	apps	ksysguard/pics/tcsh.xpm	16x14	xpm-fallback
tcsh	24	apps	ksysguard/pics/tcsh.xpm	16x14	xpm-fallback
tcsh	32	apps	ksysguard/pics/tcsh.xpm	16x14	xpm-fallback
tcsh	48	apps	ksysguard/pics/tcsh.xpm	16x14	xpm-fallback
template	16	apps	kwm/images/template.xpm	128x128	xpm-fallback
template	22	apps	kwm/images/template.xpm	128x128	xpm-fallback
template	24	apps	kwm/images/template.xpm	128x128	xpm-fallback
template	32	apps	kwm/images/template.xpm	128x128	xpm-fallback
template	48	apps	kwm/images/template.xpm	128x128	xpm-fallback
term	16	apps	kmenuedit/icons/mini-term.xpm	16x14	pillow
term	22	apps	kmenuedit/icons/mini-term.xpm	16x14	pillow
term	24	apps	kmenuedit/icons/mini-term.xpm	16x14	pillow
term	32	apps	kmenuedit/icons/mini-term.xpm	16x14	pillow
term	48	apps	kmenuedit/icons/mini-term.xpm	16x14	pillow
terminal	16	apps	pics/mini/terminal.xpm	16x16	pillow
terminal	22	apps	pics/mini/terminal.xpm	16x16	pillow
terminal	24	apps	pics/terminal.xpm	32x32	pillow
terminal	32	apps	pics/terminal.xpm	32x32	pillow
terminal	48	apps	pics/terminal.xpm	32x32	pillow
tetris	16	apps	kmenuedit/icons/mini-tetris.xpm	16x14	xpm-fallback
tetris	22	apps	kmenuedit/icons/mini-tetris.xpm	16x14	xpm-fallback
tetris	24	apps	kmenuedit/icons/mini-tetris.xpm	16x14	xpm-fallback
tetris	32	apps	kmenuedit/icons/mini-tetris.xpm	16x14	xpm-fallback
tetris	48	apps	kmenuedit/icons/mini-tetris.xpm	16x14	xpm-fallback
tex	16	apps	pics/mini/tex.xpm	16x16	pillow
tex	22	apps	pics/mini/tex.xpm	16x16	pillow
tex	24	apps	pics/tex.xpm	32x32	pillow
tex	32	apps	pics/tex.xpm	32x32	pillow
tex	48	apps	pics/tex.xpm	32x32	pillow
tgz	16	apps	pics/mini/tgz.xpm	16x16	pillow
tgz	22	apps	pics/mini/tgz.xpm	16x16	pillow
tgz	24	apps	pics/tgz.xpm	32x32	pillow
tgz	32	apps	pics/tgz.xpm	32x32	pillow
tgz	48	apps	pics/tgz.xpm	32x32	pillow
titlebar	16	apps	kcontrol/kwm/pics/mini/titlebar.xpm	16x16	pillow
titlebar	22	apps	kcontrol/kwm/pics/mini/titlebar.xpm	16x16	pillow
titlebar	24	apps	kcontrol/kwm/pics/titlebar.xpm	32x32	pillow
titlebar	32	apps	kcontrol/kwm/pics/titlebar.xpm	32x32	pillow
titlebar	48	apps	kcontrol/kwm/pics/titlebar.xpm	32x32	pillow
topleft	16	apps	kcontrol/thememgr/Themes/Wood/topleft.xpm	20x20	pillow
topleft	22	apps	kcontrol/thememgr/Themes/Wood/topleft.xpm	20x20	pillow
topleft	24	apps	kcontrol/thememgr/Themes/Wood/topleft.xpm	20x20	pillow
topleft	32	apps	kcontrol/thememgr/Themes/Wood/topleft.xpm	20x20	pillow
topleft	48	apps	kcontrol/thememgr/Themes/Wood/topleft.xpm	20x20	pillow
topright	16	apps	kcontrol/thememgr/Themes/Wood/topright.xpm	20x20	pillow
topright	22	apps	kcontrol/thememgr/Themes/Wood/topright.xpm	20x20	pillow
topright	24	apps	kcontrol/thememgr/Themes/Wood/topright.xpm	20x20	pillow
topright	32	apps	kcontrol/thememgr/Themes/Wood/topright.xpm	20x20	pillow
topright	48	apps	kcontrol/thememgr/Themes/Wood/topright.xpm	20x20	pillow
trash	16	places	pics/mini/trash.xpm	16x16	pillow
trash	22	places	pics/mini/trash.xpm	16x16	pillow
trash	24	places	pics/trash.xpm	32x32	pillow
trash	32	places	pics/trash.xpm	32x32	pillow
trash	48	places	pics/trash.xpm	32x32	pillow
turn	16	apps	kmenuedit/icons/mini-turn.xpm	16x14	xpm-fallback
turn	22	apps	kmenuedit/icons/mini-turn.xpm	16x14	xpm-fallback
turn	24	apps	kmenuedit/icons/mini-turn.xpm	16x14	xpm-fallback
turn	32	apps	kmenuedit/icons/mini-turn.xpm	16x14	xpm-fallback
turn	48	apps	kmenuedit/icons/mini-turn.xpm	16x14	xpm-fallback
txt	16	apps	pics/mini/txt.xpm	16x16	pillow
txt	22	apps	pics/mini/txt.xpm	16x16	pillow
txt	24	apps	pics/txt.xpm	32x32	pillow
txt	32	apps	pics/txt.xpm	32x32	pillow
txt	48	apps	pics/txt.xpm	32x32	pillow
unknown	16	apps	pics/mini/unknown.xpm	16x16	pillow
unknown	22	apps	pics/mini/unknown.xpm	16x16	pillow
unknown	24	apps	pics/unknown.xpm	32x32	pillow
unknown	32	apps	pics/unknown.xpm	32x32	pillow
unknown	48	apps	pics/unknown.xpm	32x32	pillow
up	16	actions	kmenuedit/icons/mini-up.xpm	14x16	pillow
up	22	actions	kmenuedit/icons/mini-up.xpm	14x16	pillow
up	24	actions	kmenuedit/icons/mini-up.xpm	14x16	pillow
up	32	actions	kmenuedit/icons/mini-up.xpm	14x16	pillow
up	48	actions	kmenuedit/icons/mini-up.xpm	14x16	pillow
utilities-package	16	apps	pics/mini/utilities_package.xpm	16x16	pillow
utilities-package	22	apps	pics/mini/utilities_package.xpm	16x16	pillow
utilities-package	24	apps	pics/utilities_package.xpm	32x32	pillow
utilities-package	32	apps	pics/utilities_package.xpm	32x32	pillow
utilities-package	48	apps	pics/utilities_package.xpm	32x32	pillow
video	16	mimetypes	pics/mini/video.xpm	16x16	pillow
video	22	mimetypes	pics/mini/video.xpm	16x16	pillow
video	24	mimetypes	pics/video.xpm	32x32	pillow
video	32	mimetypes	pics/video.xpm	32x32	pillow
video	48	mimetypes	pics/video.xpm	32x32	pillow
wabi	16	apps	kappfinder/pics/mini/wabi.xpm	16x16	pillow
wabi	22	apps	kappfinder/pics/mini/wabi.xpm	16x16	pillow
wabi	24	apps	kappfinder/pics/wabi.xpm	32x32	pillow
wabi	32	apps	kappfinder/pics/wabi.xpm	32x32	pillow
wabi	48	apps	kappfinder/pics/wabi.xpm	32x32	pillow
window-list	16	apps	kpanel/pics/mini/window_list.xpm	16x16	pillow
window-list	22	apps	kpanel/pics/mini/window_list.xpm	16x16	pillow
window-list	24	apps	kpanel/pics/window_list.xpm	32x32	pillow
window-list	32	apps	kpanel/pics/window_list.xpm	32x32	pillow
window-list	48	apps	pics/large/window_list.xpm	48x48	pillow
windows	16	apps	kcontrol/kwm/pics/mini/windows.xpm	16x14	xpm-fallback
windows	22	apps	kcontrol/kwm/pics/mini/windows.xpm	16x14	xpm-fallback
windows	24	apps	kcontrol/kwm/pics/mini/windows.xpm	16x14	xpm-fallback
windows	32	apps	kcontrol/kwm/pics/mini/windows.xpm	16x14	xpm-fallback
windows	48	apps	kcontrol/kwm/pics/mini/windows.xpm	16x14	xpm-fallback
winprops	16	apps	kcontrol/kwm/pics/mini/winprops.xpm	16x16	pillow
winprops	22	apps	kcontrol/kwm/pics/mini/winprops.xpm	16x16	pillow
winprops	24	apps	kcontrol/kwm/pics/mini/winprops.xpm	16x16	pillow
winprops	32	apps	kcontrol/kwm/pics/mini/winprops.xpm	16x16	pillow
winprops	48	apps	kcontrol/kwm/pics/mini/winprops.xpm	16x16	pillow
wm-bottom	16	actions	kcontrol/thememgr/Themes/MGBreizh/wm_bottom.xpm	26x15	pillow
wm-bottom	22	actions	kcontrol/thememgr/Themes/MGBreizh/wm_bottom.xpm	26x15	pillow
wm-bottom	24	actions	kcontrol/thememgr/Themes/MGBreizh/wm_bottom.xpm	26x15	pillow
wm-bottom	32	actions	kcontrol/thememgr/Themes/MGBreizh/wm_bottom.xpm	26x15	pillow
wm-bottom	48	actions	kcontrol/thememgr/Themes/MGBreizh/wm_bottom.xpm	26x15	pillow
wm-bottomleft	16	apps	kcontrol/thememgr/Themes/MGBreizh/wm_bottomleft.xpm	50x59	xpm-fallback
wm-bottomleft	22	apps	kcontrol/thememgr/Themes/MGBreizh/wm_bottomleft.xpm	50x59	xpm-fallback
wm-bottomleft	24	apps	kcontrol/thememgr/Themes/MGBreizh/wm_bottomleft.xpm	50x59	xpm-fallback
wm-bottomleft	32	apps	kcontrol/thememgr/Themes/MGBreizh/wm_bottomleft.xpm	50x59	xpm-fallback
wm-bottomleft	48	apps	kcontrol/thememgr/Themes/MGBreizh/wm_bottomleft.xpm	50x59	xpm-fallback
wm-bottomright	16	apps	kcontrol/thememgr/Themes/MGBreizh/wm_bottomright.xpm	33x38	pillow
wm-bottomright	22	apps	kcontrol/thememgr/Themes/MGBreizh/wm_bottomright.xpm	33x38	pillow
wm-bottomright	24	apps	kcontrol/thememgr/Themes/MGBreizh/wm_bottomright.xpm	33x38	pillow
wm-bottomright	32	apps	kcontrol/thememgr/Themes/MGBreizh/wm_bottomright.xpm	33x38	pillow
wm-bottomright	48	apps	kcontrol/thememgr/Themes/MGBreizh/wm_bottomright.xpm	33x38	pillow
wm-left	16	actions	kcontrol/thememgr/Themes/MGBreizh/wm_left.xpm	16x28	pillow
wm-left	22	actions	kcontrol/thememgr/Themes/MGBreizh/wm_left.xpm	16x28	pillow
wm-left	24	actions	kcontrol/thememgr/Themes/MGBreizh/wm_left.xpm	16x28	pillow
wm-left	32	actions	kcontrol/thememgr/Themes/MGBreizh/wm_left.xpm	16x28	pillow
wm-left	48	actions	kcontrol/thememgr/Themes/MGBreizh/wm_left.xpm	16x28	pillow
wm-right	16	actions	kcontrol/thememgr/Themes/MGBreizh/wm_right.xpm	16x24	pillow
wm-right	22	actions	kcontrol/thememgr/Themes/MGBreizh/wm_right.xpm	16x24	pillow
wm-right	24	actions	kcontrol/thememgr/Themes/MGBreizh/wm_right.xpm	16x24	pillow
wm-right	32	actions	kcontrol/thememgr/Themes/MGBreizh/wm_right.xpm	16x24	pillow
wm-right	48	actions	kcontrol/thememgr/Themes/MGBreizh/wm_right.xpm	16x24	pillow
wm-top	16	actions	kcontrol/thememgr/Themes/MGBreizh/wm_top.xpm	31x16	pillow
wm-top	22	actions	kcontrol/thememgr/Themes/MGBreizh/wm_top.xpm	31x16	pillow
wm-top	24	actions	kcontrol/thememgr/Themes/MGBreizh/wm_top.xpm	31x16	pillow
wm-top	32	actions	kcontrol/thememgr/Themes/MGBreizh/wm_top.xpm	31x16	pillow
wm-top	48	actions	kcontrol/thememgr/Themes/MGBreizh/wm_top.xpm	31x16	pillow
wm-topleft	16	apps	kcontrol/thememgr/Themes/MGBreizh/wm_topleft.xpm	30x30	pillow
wm-topleft	22	apps	kcontrol/thememgr/Themes/MGBreizh/wm_topleft.xpm	30x30	pillow
wm-topleft	24	apps	kcontrol/thememgr/Themes/MGBreizh/wm_topleft.xpm	30x30	pillow
wm-topleft	32	apps	kcontrol/thememgr/Themes/MGBreizh/wm_topleft.xpm	30x30	pillow
wm-topleft	48	apps	kcontrol/thememgr/Themes/MGBreizh/wm_topleft.xpm	30x30	pillow
wm-topright	16	apps	kcontrol/thememgr/Themes/MGBreizh/wm_topright.xpm	95x95	xpm-fallback
wm-topright	22	apps	kcontrol/thememgr/Themes/MGBreizh/wm_topright.xpm	95x95	xpm-fallback
wm-topright	24	apps	kcontrol/thememgr/Themes/MGBreizh/wm_topright.xpm	95x95	xpm-fallback
wm-topright	32	apps	kcontrol/thememgr/Themes/MGBreizh/wm_topright.xpm	95x95	xpm-fallback
wm-topright	48	apps	kcontrol/thememgr/Themes/MGBreizh/wm_topright.xpm	95x95	xpm-fallback
wordperfect	16	apps	kappfinder/pics/wordperfect.xpm	32x32	xpm-fallback
wordperfect	22	apps	kappfinder/pics/wordperfect.xpm	32x32	xpm-fallback
wordperfect	24	apps	kappfinder/pics/wordperfect.xpm	32x32	xpm-fallback
wordperfect	32	apps	kappfinder/pics/wordperfect.xpm	32x32	xpm-fallback
wordperfect	48	apps	kappfinder/pics/wordperfect.xpm	32x32	xpm-fallback
wp	16	apps	kappfinder/pics/mini/wp.xpm	16x16	pillow
wp	22	apps	kappfinder/pics/mini/wp.xpm	16x16	pillow
wp	24	apps	kappfinder/pics/wp.xpm	32x32	pillow
wp	32	apps	kappfinder/pics/wp.xpm	32x32	pillow
wp	48	apps	kappfinder/pics/wp.xpm	32x32	pillow
www	16	apps	pics/mini/www.xpm	16x16	pillow
www	22	apps	pics/mini/www.xpm	16x16	pillow
www	24	apps	pics/www.xpm	32x32	pillow
www	32	apps	pics/www.xpm	32x32	pillow
www	48	apps	pics/www.xpm	32x32	pillow
x	16	apps	ksysguard/pics/X.xpm	16x16	xpm-fallback
x	22	apps	ksysguard/pics/X.xpm	16x16	xpm-fallback
x	24	apps	pics/x.xpm	32x32	pillow
x	32	apps	pics/x.xpm	32x32	pillow
x	48	apps	pics/x.xpm	32x32	pillow
x2	16	apps	kmenuedit/icons/mini-x2.xpm	16x14	xpm-fallback
x2	22	apps	kmenuedit/icons/mini-x2.xpm	16x14	xpm-fallback
x2	24	apps	kmenuedit/icons/mini-x2.xpm	16x14	xpm-fallback
x2	32	apps	kmenuedit/icons/mini-x2.xpm	16x14	xpm-fallback
x2	48	apps	kmenuedit/icons/mini-x2.xpm	16x14	xpm-fallback
xcalc	16	apps	kappfinder/pics/mini/xcalc.xpm	16x14	pillow
xcalc	22	apps	kappfinder/pics/mini/xcalc.xpm	16x14	pillow
xcalc	24	apps	kappfinder/pics/xcalc.xpm	32x28	pillow
xcalc	32	apps	kappfinder/pics/xcalc.xpm	32x28	pillow
xcalc	48	apps	kappfinder/pics/xcalc.xpm	32x28	pillow
xclipboard	16	apps	kappfinder/pics/mini/xclipboard.xpm	16x16	pillow
xclipboard	22	apps	kappfinder/pics/mini/xclipboard.xpm	16x16	pillow
xclipboard	24	apps	kappfinder/pics/xclipboard.xpm	32x32	pillow
xclipboard	32	apps	kappfinder/pics/xclipboard.xpm	32x32	pillow
xclipboard	48	apps	kappfinder/pics/xclipboard.xpm	32x32	pillow
xclock	16	apps	kappfinder/pics/mini/xclock.xpm	16x16	pillow
xclock	22	apps	kappfinder/pics/mini/xclock.xpm	16x16	pillow
xclock	24	apps	kappfinder/pics/xclock.xpm	32x32	pillow
xclock	32	apps	kappfinder/pics/xclock.xpm	32x32	pillow
xclock	48	apps	kappfinder/pics/xclock.xpm	32x32	pillow
xconsole	16	apps	ksysguard/pics/xconsole.xpm	16x16	pillow
xconsole	22	apps	ksysguard/pics/xconsole.xpm	16x16	pillow
xconsole	24	apps	kappfinder/pics/xconsole.xpm	32x32	pillow
xconsole	32	apps	kappfinder/pics/xconsole.xpm	32x32	pillow
xconsole	48	apps	kappfinder/pics/xconsole.xpm	32x32	pillow
xedit	16	apps	kappfinder/pics/mini/xedit.xpm	16x16	pillow
xedit	22	apps	kappfinder/pics/mini/xedit.xpm	16x16	pillow
xedit	24	apps	kappfinder/pics/xedit.xpm	32x32	pillow
xedit	32	apps	kappfinder/pics/xedit.xpm	32x32	pillow
xedit	48	apps	kappfinder/pics/xedit.xpm	32x32	pillow
xemacs	16	apps	ksysguard/pics/xemacs.xpm	16x16	pillow
xemacs	22	apps	ksysguard/pics/xemacs.xpm	16x16	pillow
xemacs	24	apps	kappfinder/pics/xemacs.xpm	32x32	pillow
xemacs	32	apps	kappfinder/pics/xemacs.xpm	32x32	pillow
xemacs	48	apps	kappfinder/pics/xemacs.xpm	32x32	pillow
xeyes	16	apps	kappfinder/pics/mini/xeyes.xpm	16x14	pillow
xeyes	22	apps	kappfinder/pics/mini/xeyes.xpm	16x14	pillow
xeyes	24	apps	kappfinder/pics/xeyes.xpm	32x28	pillow
xeyes	32	apps	kappfinder/pics/xeyes.xpm	32x28	pillow
xeyes	48	apps	kappfinder/pics/xeyes.xpm	32x28	pillow
xfig	16	apps	kappfinder/pics/mini/xfig.xpm	16x16	pillow
xfig	22	apps	kappfinder/pics/mini/xfig.xpm	16x16	pillow
xfig	24	apps	kappfinder/pics/xfig.xpm	32x32	pillow
xfig	32	apps	kappfinder/pics/xfig.xpm	32x32	pillow
xfig	48	apps	kappfinder/pics/xfig.xpm	32x32	pillow
xfmail	16	apps	kappfinder/pics/mini/xfmail.xpm	16x16	pillow
xfmail	22	apps	kappfinder/pics/mini/xfmail.xpm	16x16	pillow
xfmail	24	apps	kappfinder/pics/xfmail.xpm	32x32	pillow
xfmail	32	apps	kappfinder/pics/xfmail.xpm	32x32	pillow
xfmail	48	apps	kappfinder/pics/xfmail.xpm	32x32	pillow
xinit	16	apps	ksysguard/pics/xinit.xpm	16x16	xpm-fallback
xinit	22	apps	ksysguard/pics/xinit.xpm	16x16	xpm-fallback
xinit	24	apps	ksysguard/pics/xinit.xpm	16x16	xpm-fallback
xinit	32	apps	ksysguard/pics/xinit.xpm	16x16	xpm-fallback
xinit	48	apps	ksysguard/pics/xinit.xpm	16x16	xpm-fallback
xload	16	apps	ksysguard/pics/xload.xpm	16x14	pillow
xload	22	apps	ksysguard/pics/xload.xpm	16x14	pillow
xload	24	apps	kappfinder/pics/xload.xpm	32x28	pillow
xload	32	apps	kappfinder/pics/xload.xpm	32x28	pillow
xload	48	apps	kappfinder/pics/xload.xpm	32x28	pillow
xmahjongg	16	apps	kmenuedit/icons/mini-xmahjongg.xpm	16x14	xpm-fallback
xmahjongg	22	apps	kmenuedit/icons/mini-xmahjongg.xpm	16x14	xpm-fallback
xmahjongg	24	apps	kmenuedit/icons/mini-xmahjongg.xpm	16x14	xpm-fallback
xmahjongg	32	apps	kmenuedit/icons/mini-xmahjongg.xpm	16x14	xpm-fallback
xmahjongg	48	apps	kmenuedit/icons/mini-xmahjongg.xpm	16x14	xpm-fallback
xosview	16	apps	kappfinder/pics/mini/xosview.xpm	16x16	pillow
xosview	22	apps	kappfinder/pics/mini/xosview.xpm	16x16	pillow
xosview	24	apps	kappfinder/pics/xosview.xpm	32x32	pillow
xosview	32	apps	kappfinder/pics/xosview.xpm	32x32	pillow
xosview	48	apps	kappfinder/pics/xosview.xpm	32x32	pillow
xpaint	16	apps	kappfinder/pics/mini/xpaint.xpm	16x16	pillow
xpaint	22	apps	kappfinder/pics/mini/xpaint.xpm	16x16	pillow
xpaint	24	apps	kappfinder/pics/xpaint.xpm	32x32	pillow
xpaint	32	apps	kappfinder/pics/xpaint.xpm	32x32	pillow
xpaint	48	apps	kappfinder/pics/xpaint.xpm	32x32	pillow
xslight	16	apps	kappfinder/pics/mini/mini-xslight.xpm	16x16	xpm-fallback
xslight	22	apps	kappfinder/pics/mini/mini-xslight.xpm	16x16	xpm-fallback
xslight	24	apps	kappfinder/pics/mini/mini-xslight.xpm	16x16	xpm-fallback
xslight	32	apps	kappfinder/pics/mini/mini-xslight.xpm	16x16	xpm-fallback
xslight	48	apps	kappfinder/pics/mini/mini-xslight.xpm	16x16	xpm-fallback
xterm	16	apps	ksysguard/pics/xterm.xpm	16x16	pillow
xterm	22	apps	ksysguard/pics/xterm.xpm	16x16	pillow
xterm	24	apps	ksysguard/pics/xterm.xpm	16x16	pillow
xterm	32	apps	ksysguard/pics/xterm.xpm	16x16	pillow
xterm	48	apps	ksysguard/pics/xterm.xpm	16x16	pillow
xv	16	apps	kappfinder/pics/mini/xv.xpm	16x16	pillow
xv	22	apps	kappfinder/pics/mini/xv.xpm	16x16	pillow
xv	24	apps	kappfinder/pics/xv.xpm	32x32	pillow
xv	32	apps	kappfinder/pics/xv.xpm	32x32	pillow
xv	48	apps	kappfinder/pics/xv.xpm	32x32	pillow
xxgbd	16	apps	ksysguard/pics/xxgbd.xpm	16x14	xpm-fallback
xxgbd	22	apps	ksysguard/pics/xxgbd.xpm	16x14	xpm-fallback
xxgbd	24	apps	ksysguard/pics/xxgbd.xpm	16x14	xpm-fallback
xxgbd	32	apps	ksysguard/pics/xxgbd.xpm	16x14	xpm-fallback
xxgbd	48	apps	ksysguard/pics/xxgbd.xpm	16x14	xpm-fallback
xxgdb	16	apps	ksysguard/pics/xxgdb.xpm	16x14	xpm-fallback
xxgdb	22	apps	ksysguard/pics/xxgdb.xpm	16x14	xpm-fallback
xxgdb	24	apps	ksysguard/pics/xxgdb.xpm	16x14	xpm-fallback
xxgdb	32	apps	ksysguard/pics/xxgdb.xpm	16x14	xpm-fallback
xxgdb	48	apps	ksysguard/pics/xxgdb.xpm	16x14	xpm-fallback
y-src	16	apps	pics/mini/y_src.xpm	16x16	pillow
y-src	22	apps	pics/mini/y_src.xpm	16x16	pillow
y-src	24	apps	pics/y_src.xpm	32x32	pillow
y-src	32	apps	pics/y_src.xpm	32x32	pillow
y-src	48	apps	pics/y_src.xpm	32x32	pillow
zip-mount	16	apps	pics/mini/zip_mount.xpm	16x16	pillow
zip-mount	22	apps	pics/mini/zip_mount.xpm	16x16	pillow
zip-mount	24	apps	pics/zip_mount.xpm	32x32	pillow
zip-mount	32	apps	pics/zip_mount.xpm	32x32	pillow
zip-mount	48	apps	pics/zip_mount.xpm	32x32	pillow
zip-unmount	16	apps	pics/mini/zip_unmount.xpm	16x16	pillow
zip-unmount	22	apps	pics/mini/zip_unmount.xpm	16x16	pillow
zip-unmount	24	apps	pics/zip_unmount.xpm	32x32	pillow
zip-unmount	32	apps	pics/zip_unmount.xpm	32x32	pillow
zip-unmount	48	apps	pics/zip_unmount.xpm	32x32	pillow
zoom	16	apps	kmenuedit/icons/mini-zoom.xpm	16x14	pillow
zoom	22	apps	kmenuedit/icons/mini-zoom.xpm	16x14	pillow
zoom	24	apps	kmenuedit/icons/mini-zoom.xpm	16x14	pillow
zoom	32	apps	kmenuedit/icons/mini-zoom.xpm	16x14	pillow
zoom	48	apps	kmenuedit/icons/mini-zoom.xpm	16x14	pillow
