date	commit	sha256	path
1997-11-23	6e11047099df4befa4068c89a93e205a05234879	400415735ba93eb5fb821b9adcf6b0a302b8c390ed642b867beecbf9229d993f	applnk/Settings/Information/information.xpm
1997-11-23	6e11047099df4befa4068c89a93e205a05234879	512d32f52b2be62a97e195450934947e7b8c4e2c5786c76fd86f3449c2481042	applnk/Settings/Network/network.xpm
1997-11-29	22098bdba582a9dc928296b43291b69b3873e2d3	8e77f7df0e186c8dbd69056a19a932870ca8a2b33dd40e9d3a1a8cd35e24816e	applnk/Settings/Windows/kcmkwm.xpm
2020-11-12	c4b27a3ef9a8f729730671016c8c6498a495c422	a5537b71764ce1215738187a60b145c1b4d513a86eb62912c9ea891d93665fd2	compat/pics/large/qtcreator.xpm
2020-11-12	c4b27a3ef9a8f729730671016c8c6498a495c422	f401966d10d6582b927f0acdf4a1cb551ebe3c8d9b24cfda73ede6cb3a33b913	compat/pics/mini/qtcreator.xpm
2020-11-12	c4b27a3ef9a8f729730671016c8c6498a495c422	0bd90bf501ac5e7d736ae738d16054df7cfaeb9f0fcef174dccdd60985bbb037	compat/pics/qtcreator.xpm
1998-01-17	40e3c8e1f6b075226baf91bbed974b84e18d822e	87d3a371592153202e69cebbbcafdcf38501817e9d503b72fc45798aa0cd7312	doc/kcontrol/bell/logotp3.gif
1998-01-17	40e3c8e1f6b075226baf91bbed974b84e18d822e	87d3a371592153202e69cebbbcafdcf38501817e9d503b72fc45798aa0cd7312	doc/kcontrol/info/logotp3.gif
1998-01-17	40e3c8e1f6b075226baf91bbed974b84e18d822e	87d3a371592153202e69cebbbcafdcf38501817e9d503b72fc45798aa0cd7312	doc/kcontrol/input/logotp3.gif
1998-12-21	e9c126e136c3430fafec2278688a8993503c24d5	bc5c225b0de88b5c38a42e8be50cf0af55cc03b967a76dc742f5a571eb983c27	doc/kcontrol/kcmbell/logotp3.gif
1998-12-21	5ea60aa4ac1917b88daf5771624b8f0a751a0b3f	bc5c225b0de88b5c38a42e8be50cf0af55cc03b967a76dc742f5a571eb983c27	doc/kcontrol/kcmdisplay/logotp3.gif
1998-12-21	f39a5cc82e6127eb2efcf35c7a9c7653f2768832	bc5c225b0de88b5c38a42e8be50cf0af55cc03b967a76dc742f5a571eb983c27	doc/kcontrol/kcminfo/logotp3.gif
1998-12-21	1fa33a21582bd96aebf0527dc34f0a16d2574f9c	bc5c225b0de88b5c38a42e8be50cf0af55cc03b967a76dc742f5a571eb983c27	doc/kcontrol/kcminput/logotp3.gif
1998-12-21	6f0623afd58741e9acadb42cac4c04219d4de7d9	87d3a371592153202e69cebbbcafdcf38501817e9d503b72fc45798aa0cd7312	doc/kcontrol/kcmkeys/logotp3.gif
1998-12-21	4b54985b8ba2a852817d30f60910af309d94e8a0	87d3a371592153202e69cebbbcafdcf38501817e9d503b72fc45798aa0cd7312	doc/kcontrol/kcmkfm/logotp3.gif
1998-12-21	e6052d202c300c1f1c86856dab400ddfa2270caf	bc5c225b0de88b5c38a42e8be50cf0af55cc03b967a76dc742f5a571eb983c27	doc/kcontrol/kcmkpanel/logotp3.gif
1998-12-21	b0f18fc66edd6bebdbb684be97bb386d917f178f	bc5c225b0de88b5c38a42e8be50cf0af55cc03b967a76dc742f5a571eb983c27	doc/kcontrol/kcmkwm/logotp3.gif
1998-12-21	893f118a4c786619058fe9793da026ea261e07b5	bc5c225b0de88b5c38a42e8be50cf0af55cc03b967a76dc742f5a571eb983c27	doc/kcontrol/kcmlocale/logotp3.gif
1998-12-21	2322a8486598f2afad62867abc675d62bec33094	bc5c225b0de88b5c38a42e8be50cf0af55cc03b967a76dc742f5a571eb983c27	doc/kcontrol/kcmsamba/logotp3.gif
1998-12-21	0a510aae277585b6be6df2b1cedef4e2c09c1547	bc5c225b0de88b5c38a42e8be50cf0af55cc03b967a76dc742f5a571eb983c27	doc/kcontrol/kcmsyssound/de/logotp3.gif
1998-12-21	0a510aae277585b6be6df2b1cedef4e2c09c1547	bc5c225b0de88b5c38a42e8be50cf0af55cc03b967a76dc742f5a571eb983c27	doc/kcontrol/kcmsyssound/en/logotp3.gif
1998-12-21	0a510aae277585b6be6df2b1cedef4e2c09c1547	bc5c225b0de88b5c38a42e8be50cf0af55cc03b967a76dc742f5a571eb983c27	doc/kcontrol/kcmsyssound/logotp3.gif
1998-12-21	0a510aae277585b6be6df2b1cedef4e2c09c1547	bc5c225b0de88b5c38a42e8be50cf0af55cc03b967a76dc742f5a571eb983c27	doc/kcontrol/kcmsyssound/no/logotp3.gif
1999-08-01	79cc6ee45834093f0b42c6a73abe969dcf479fa4	bc5c225b0de88b5c38a42e8be50cf0af55cc03b967a76dc742f5a571eb983c27	doc/kcontrol/kcmthememgr/logotp3.gif
1998-12-10	2448cba7b716ce57a024f40d0ee25965f4fa2058	bc5c225b0de88b5c38a42e8be50cf0af55cc03b967a76dc742f5a571eb983c27	doc/kcontrol/keys/logotp3.gif
1998-12-19	f999e1831d84e1f0be36ceb35252124a435f6a09	87d3a371592153202e69cebbbcafdcf38501817e9d503b72fc45798aa0cd7312	doc/kcontrol/kfm/logotp3.gif
1998-06-20	69974008c54e0d2c77cd9bb523945c0dbca3d05d	87d3a371592153202e69cebbbcafdcf38501817e9d503b72fc45798aa0cd7312	doc/kcontrol/kpanel/logotp3.gif
1999-08-01	765f8ab3cd9ec1c8bceca3cb1ba8e4ae59cd116d	bc5c225b0de88b5c38a42e8be50cf0af55cc03b967a76dc742f5a571eb983c27	doc/kcontrol/kthememgr/logotp3.gif
1998-01-17	40e3c8e1f6b075226baf91bbed974b84e18d822e	87d3a371592153202e69cebbbcafdcf38501817e9d503b72fc45798aa0cd7312	doc/kcontrol/kwm/logotp3.gif
1998-01-18	6ca5d9f0f3e0d3f278e8fa1b102254264cf8a78d	87d3a371592153202e69cebbbcafdcf38501817e9d503b72fc45798aa0cd7312	doc/kcontrol/locale/logotp3.gif
1998-03-01	b51c839bdc3e3f9fd58102a35e1aed7339cdc806	87d3a371592153202e69cebbbcafdcf38501817e9d503b72fc45798aa0cd7312	doc/kcontrol/logotp3.gif
1998-06-21	7c166ba8e10d15458d67ef759ee15d9193370a0a	87d3a371592153202e69cebbbcafdcf38501817e9d503b72fc45798aa0cd7312	doc/kcontrol/samba/logotp3.gif
1998-06-21	41d7895be5aa505b73a334adf49ba8d80c3e6d61	87d3a371592153202e69cebbbcafdcf38501817e9d503b72fc45798aa0cd7312	doc/kcontrol/syssound/de/logotp3.gif
1998-06-21	41d7895be5aa505b73a334adf49ba8d80c3e6d61	87d3a371592153202e69cebbbcafdcf38501817e9d503b72fc45798aa0cd7312	doc/kcontrol/syssound/en/logotp3.gif
1998-06-21	41d7895be5aa505b73a334adf49ba8d80c3e6d61	87d3a371592153202e69cebbbcafdcf38501817e9d503b72fc45798aa0cd7312	doc/kcontrol/syssound/no/logotp3.gif
1997-09-03	8baf8be07c2baced1ce419dbc81198ff3053ff2d	26c379661eeb2c70d9281106b8d013a9e56e77e07574f4672d1d085e806a661c	doc/kdehelp/exec.xpm
1997-09-16	0d5a2363b4f7a463dd3838d717e1fdf6936adfa3	e685e30391c1bfeb6a9f0b9865a023a83728e11135846da0e7f84592949ae062	doc/kdehelp/kdeside.gif
1997-09-03	8baf8be07c2baced1ce419dbc81198ff3053ff2d	424543d76d758792204a97053066e6fb40c5d18374807cdfdca545f856b239ce	doc/kdehelp/kogo3.gif
1998-05-10	dd1f490ebf6545d945b912b2dcf985bbbabefe31	87d3a371592153202e69cebbbcafdcf38501817e9d503b72fc45798aa0cd7312	doc/kdehelp/kpanel/logotp3.gif
1997-09-03	8baf8be07c2baced1ce419dbc81198ff3053ff2d	472b98ac209ed5b9a9c9daab20d90de9ade983312963d8c76f44dffe040cb872	doc/kdehelp/kule.gif
1998-05-10	8858592182de0d8be28bc01425816cd8fbe463ff	87d3a371592153202e69cebbbcafdcf38501817e9d503b72fc45798aa0cd7312	doc/kdehelp/kwm/logotp3.gif
1998-07-01	eac322a1ee323ec4bee405dcd5ca56126eb8ee84	410afe9960f7a0a54c4594e9bdcdc87b35fd6575a646e77bee40594431c644ca	doc/kdehelp/logotp3.gif
1998-07-01	eac322a1ee323ec4bee405dcd5ca56126eb8ee84	767a6c40f7f8dc60c3acf261201e89c6c38bfbbd603b6621d4c7ee9542eb81b8	doc/kdehelp/nav_bar.gif
1998-05-18	a3ce5b1bda033ad6fcef0f1ce41cb5928d9716b5	87d3a371592153202e69cebbbcafdcf38501817e9d503b72fc45798aa0cd7312	doc/kdehelp/quickstart/logotp3.gif
1997-09-03	8baf8be07c2baced1ce419dbc81198ff3053ff2d	db4bca124aa53aa634aceb89bdc672d1b9936bbb8b2aa485e1ba01aacbb1e978	doc/kdehelp/single_pixel.gif
1997-09-16	0d5a2363b4f7a463dd3838d717e1fdf6936adfa3	e0fe866e43274f7b1e87c13eaa5b91d13e594dda0a77b7aee4a7f5f1f83812c1	doc/kdehelp/tealbar.gif
1998-09-28	69482b6a949c3785287018d7f22f94c6375c2905	87d3a371592153202e69cebbbcafdcf38501817e9d503b72fc45798aa0cd7312	doc/kdisknav/logotp3.gif
1998-01-16	51e95d56d1f3037e161ddd3a2d887f7188537f63	87d3a371592153202e69cebbbcafdcf38501817e9d503b72fc45798aa0cd7312	doc/kdisplay/logotp3.gif
1998-01-16	51e95d56d1f3037e161ddd3a2d887f7188537f63	87d3a371592153202e69cebbbcafdcf38501817e9d503b72fc45798aa0cd7312	doc/kdm/logotp3.gif
1998-01-16	51e95d56d1f3037e161ddd3a2d887f7188537f63	87d3a371592153202e69cebbbcafdcf38501817e9d503b72fc45798aa0cd7312	doc/kfind/logotp3.gif
1997-09-28	12bca779bd65087f4a374cba07866f035fe70b93	1b73462852cbdc414ed8bc57d5c9c52f515bec178f2e1cf0ef7a75faa771d273	doc/kfm/app1.gif
1997-09-28	12bca779bd65087f4a374cba07866f035fe70b93	fa6145beed333c76c466bdce8b35f720c538aa6394e835b5fb4df9b29688bfce	doc/kfm/app2.gif
1997-09-28	12bca779bd65087f4a374cba07866f035fe70b93	3afe6f01554ec4532794bffd3a3a0e57d9914fc47ea9779f0f3b27ee21047efd	doc/kfm/app3.gif
1997-09-28	12bca779bd65087f4a374cba07866f035fe70b93	b6eba06eb33d79afd19dd541fb7638ae93d4800ddcd904e0751f055ede01e761	doc/kfm/app4.gif
1997-09-28	12bca779bd65087f4a374cba07866f035fe70b93	8e719f11216d82c4a468ec1e568213eb0094afbaf0ca72c958ed20419a4090f7	doc/kfm/dontpanic.jpeg
1997-09-28	12bca779bd65087f4a374cba07866f035fe70b93	460b53d24d858442c6611b995625070fdcebb45f23647311d1ae190992af4ac3	doc/kfm/kfm.jpeg
1997-09-28	12bca779bd65087f4a374cba07866f035fe70b93	1d344ff6bc73f70ff0ad4ff6c71bc725ece56cab540fbb54c0245c5019962e88	doc/kfm/lesson1.jpeg
1997-09-28	12bca779bd65087f4a374cba07866f035fe70b93	ccedbd42b67fd336d9cf8228823d037258e5c76f232ca1f91c75d0315ea6de87	doc/kfm/lesson2.jpeg
1997-09-28	12bca779bd65087f4a374cba07866f035fe70b93	e36551ef8e3975afe9ad1a239d2f673d63db24c185594302b9fa66030113ff1b	doc/kfm/lesson3.jpeg
1997-09-28	12bca779bd65087f4a374cba07866f035fe70b93	5e4abefc2db139dfb9e21131d82ef6a05008d491162d6c3328eff2b030215608	doc/kfm/lesson4.jpeg
1998-07-01	203c92e41c9c505db50b0a2a57a1c8fdfd771ed2	87d3a371592153202e69cebbbcafdcf38501817e9d503b72fc45798aa0cd7312	doc/kfm/logotp3.gif
1997-09-28	12bca779bd65087f4a374cba07866f035fe70b93	f18ad25e9acd4ab2a67182dc8fab0599c0406742b5d8eceb36491a138785ca2f	doc/kfm/manual.jpeg
1997-09-28	12bca779bd65087f4a374cba07866f035fe70b93	a0c960a602910a7db2cfda17591f6b6c07239312f7a58ed3f816b789f55bacfd	doc/kfm/mime1.gif
1997-09-28	12bca779bd65087f4a374cba07866f035fe70b93	7502e6e38b89eb827ccea81b95a542b601d48c7ad0ae95d01f47b59572e9e701	doc/kfm/mime2.gif
1997-09-28	12bca779bd65087f4a374cba07866f035fe70b93	b7447bf9cbbb68eacfe26ab41ff060d6655177e02317a960f87988916a4532ab	doc/kfm/mime3.gif
1997-09-28	12bca779bd65087f4a374cba07866f035fe70b93	66d4864a4612178a3fa40ff9240afffd3f3da129e640a25f9dc7d63e2866a535	doc/kfm/next.jpeg
1997-09-28	12bca779bd65087f4a374cba07866f035fe70b93	e8431978cb04dbd937cbc2d38eab68acfbb168c913059a6405672d0c3d000f8e	doc/kfm/next2.jpeg
1997-09-28	12bca779bd65087f4a374cba07866f035fe70b93	8dc2f5d9776b02579993ddb3daac35a828b4300f222ad62b897a90b1e7f0f5cd	doc/kfm/previous.jpeg
1997-09-28	12bca779bd65087f4a374cba07866f035fe70b93	498325d2c64d414e8e86dfa3fd4c53bc787f0eabd8577d65e6c8da5978a45e20	doc/kfm/previous2.jpeg
1997-09-28	12bca779bd65087f4a374cba07866f035fe70b93	27327362123c1429da7c7242b9c04863b3efccde91c33c7769dc281992fe00eb	doc/kfm/templates.gif
1998-01-18	ce2cee5b278dc2e24153aff34b27659a1634af24	87d3a371592153202e69cebbbcafdcf38501817e9d503b72fc45798aa0cd7312	doc/kfontmanager/logotp3.gif
1998-09-06	58044e5d7e4811c5efb7db67bf75c1b31317011a	e16c73db49e9230eaa6f1c350350538ab7d92908819893b600e076fe09adb892	doc/kikbd/advanced.gif
1998-09-06	58044e5d7e4811c5efb7db67bf75c1b31317011a	e16c73db49e9230eaa6f1c350350538ab7d92908819893b600e076fe09adb892	doc/kikbd/en/advanced.gif
1998-09-06	58044e5d7e4811c5efb7db67bf75c1b31317011a	b300e86949a45427057105b79505a42853abf1a2906b6e1e5272594dede1cc2e	doc/kikbd/en/general.gif
1998-09-06	58044e5d7e4811c5efb7db67bf75c1b31317011a	87d3a371592153202e69cebbbcafdcf38501817e9d503b72fc45798aa0cd7312	doc/kikbd/en/logotp3.gif
1998-09-06	58044e5d7e4811c5efb7db67bf75c1b31317011a	4dca1b379e13aad6a842c643cb39100325c35a4fdbaeac6bc51dc3c73fa99a4a	doc/kikbd/en/startup.gif
1998-09-06	58044e5d7e4811c5efb7db67bf75c1b31317011a	8f9c883a245849fdace520e7a5e0f54b256bd474436eae60008e298824d1c26c	doc/kikbd/en/style.gif
1998-09-06	58044e5d7e4811c5efb7db67bf75c1b31317011a	b300e86949a45427057105b79505a42853abf1a2906b6e1e5272594dede1cc2e	doc/kikbd/general.gif
1998-09-06	58044e5d7e4811c5efb7db67bf75c1b31317011a	87d3a371592153202e69cebbbcafdcf38501817e9d503b72fc45798aa0cd7312	doc/kikbd/logotp3.gif
1998-09-06	58044e5d7e4811c5efb7db67bf75c1b31317011a	421da2ccef8cc741b0720d514cbdecf845375152a8dd3defd7d74ab061d154d6	doc/kikbd/ru/advanced.gif
1998-09-06	58044e5d7e4811c5efb7db67bf75c1b31317011a	68783a53766556b78abc591f853452f620bf73a9fa9a91ef75286669b8e5d45f	doc/kikbd/ru/general.gif
1998-09-06	58044e5d7e4811c5efb7db67bf75c1b31317011a	87d3a371592153202e69cebbbcafdcf38501817e9d503b72fc45798aa0cd7312	doc/kikbd/ru/logotp3.gif
1998-09-06	58044e5d7e4811c5efb7db67bf75c1b31317011a	b9d1d91ae2fa56fa9342fa6132d89cb4da5a23b23c8d6ce7b76a30b772ab5a29	doc/kikbd/ru/startup.gif
1998-09-06	58044e5d7e4811c5efb7db67bf75c1b31317011a	c7646c94069abf04abde0428309950e0b40929bca2c8e1ecb8b2313bf3b19223	doc/kikbd/ru/style.gif
1998-09-06	58044e5d7e4811c5efb7db67bf75c1b31317011a	4dca1b379e13aad6a842c643cb39100325c35a4fdbaeac6bc51dc3c73fa99a4a	doc/kikbd/startup.gif
1998-09-06	58044e5d7e4811c5efb7db67bf75c1b31317011a	8f9c883a245849fdace520e7a5e0f54b256bd474436eae60008e298824d1c26c	doc/kikbd/style.gif
1997-09-12	29cda520a5d6dffa8316028dfc0504c0901cdaf5	ecb27c877eb0c1a61125d62a84acd5f5e2a9063c1fb48bd0ed38c9546dba4930	doc/kmenuedit/kmenuedit1.gif
1997-09-12	29cda520a5d6dffa8316028dfc0504c0901cdaf5	ccaa3ace88e61cc8747670e31fe4ff6e2d2c061fac30eddc25e273019d549caa	doc/kmenuedit/kmenuedit2.gif
1998-06-20	c748ff7be36485ed91d00b8b9f3d3949e25f4693	87d3a371592153202e69cebbbcafdcf38501817e9d503b72fc45798aa0cd7312	doc/kmenuedit/logotp3.gif
1998-10-28	02eaf846fb9f24b3c25e4733f2881fe71ad6ed03	87d3a371592153202e69cebbbcafdcf38501817e9d503b72fc45798aa0cd7312	doc/konsole/logotp3.gif
1998-12-10	1c75b8f5667cd719b9b991ce2eeab6cd15bbf4ce	bc5c225b0de88b5c38a42e8be50cf0af55cc03b967a76dc742f5a571eb983c27	doc/kpager/logotp3.gif
1998-05-06	60de43c1829730cba0d5d47eb687b05d79a97568	87d3a371592153202e69cebbbcafdcf38501817e9d503b72fc45798aa0cd7312	doc/kpanel/logotp3.gif
1998-05-06	ed85c9b9e8877b09afc1c81f146b34e353dec991	87d3a371592153202e69cebbbcafdcf38501817e9d503b72fc45798aa0cd7312	doc/kwm/logotp3.gif
1998-11-25	652db80f78da53fae259182a08fb5fafc6b0ebd5	1aee5e3466bac1d1697a2c01901895c7ff5506b5bf6ea672e36e85b654e98ef0	kappfinder/pics/acroread.xpm
1998-01-18	577028e06210412fa33e8aa6dbd901910d2e8739	be59fc3393b64a68cd78d203ec9f825d50df92d0d42733057c4369449d23b81b	kappfinder/pics/applix.xpm
1998-11-25	652db80f78da53fae259182a08fb5fafc6b0ebd5	455c2bf6206b5fbd930072643bcdbe37289014a47e3e346be3de196914e28104	kappfinder/pics/applixware.xpm
2020-11-11	adb928c0a00dab174a404c95d51df5d8c3da5288	d5acc6bbfbc02149559e32d7ff956ca07baf0027d7981f44e4bead7551d24a24	kappfinder/pics/chromium.xpm
1999-08-17	b91e8a8622f7512694c49178a2afbe2c134cfd5f	285ae21a7ff62bc7165fcbe45662ba3e02d38e928f53ee92049170e80acb94ca	kappfinder/pics/civctp.xpm
1998-11-25	652db80f78da53fae259182a08fb5fafc6b0ebd5	fa928d7fc80f8a10bb9a58f29895a41021e2b2869c5f187c505902c7f26da149	kappfinder/pics/dlgedit.xpm
1998-01-08	e35bec5de3cdcd20872173369c6c07a2c089aea5	c59d1390c9e30b1f4ac5fd9d13a63e1354879974c1d2de3aa3952bda1b218b22	kappfinder/pics/edit.xpm
1998-01-08	e35bec5de3cdcd20872173369c6c07a2c089aea5	860ca053075fc5155e386768755fc412dde5de3d0c856ee32fa9c3adeae986a8	kappfinder/pics/emacs.xpm
1998-04-26	2dca826b44fef79233ab7c3fb4295fbb25de9bd4	fa658af2fc75ad03b2bfc61927544926bdaf0748d2ef6c9046aef5e6fb8d4a29	kappfinder/pics/email.xpm
1998-04-26	2dca826b44fef79233ab7c3fb4295fbb25de9bd4	cd40d8c5d38e2b17db24ab5a1fa2f2b89d4dac267b7678ade3dcfd20ca1ad5eb	kappfinder/pics/gimp.xpm
1999-08-17	b91e8a8622f7512694c49178a2afbe2c134cfd5f	8b50488116f9162e2a5cad9054001fcce5f579a3dc1db6da56618668bde9b08b	kappfinder/pics/gnu.xpm
1999-08-17	b91e8a8622f7512694c49178a2afbe2c134cfd5f	a2879794dd06598e415e70af21e31bc4e42b636f644f1698d05ec0bfc6214483	kappfinder/pics/gs.xpm
1998-01-08	e35bec5de3cdcd20872173369c6c07a2c089aea5	436a6c14b618dd6b4b19a335033f07d18989cad4554aea0b48a61ca5dece51fe	kappfinder/pics/gv.xpm
1998-01-18	a7a05409b28267729a95da5b342386d04acd80b6	093790d52ccd89391356ab421442f855892b336898b71d030e19ee78b93881b0	kappfinder/pics/kcalc.xpm
1998-01-18	a7a05409b28267729a95da5b342386d04acd80b6	0fdf825c4c319e91376d0f12b88c406068cda0d6e669d0f5a5a8c97f4374cd6b	kappfinder/pics/kedit.xpm
1999-08-17	b91e8a8622f7512694c49178a2afbe2c134cfd5f	6d6b14165a3502cd27f09c6e90f263c8182bf425c7cb95f6c2f1e884248f064d	kappfinder/pics/large/acroread.xpm
1999-08-17	b91e8a8622f7512694c49178a2afbe2c134cfd5f	b3844251dca4a5c97ca078a9f79b3435c4f47cbb46b8a7b0db510b29984c696d	kappfinder/pics/large/applixware.xpm
2020-11-11	adb928c0a00dab174a404c95d51df5d8c3da5288	7abc70104f10ea27003346917de2f514cc58952986a358002906be4599f536b0	kappfinder/pics/large/chromium.xpm
1999-08-17	b91e8a8622f7512694c49178a2afbe2c134cfd5f	13658b10ef9f82201d3fb77ca0d11a44b9260cf82dbd06c0eb9499064636465d	kappfinder/pics/large/civctp.xpm
1999-08-17	b91e8a8622f7512694c49178a2afbe2c134cfd5f	2dc24c28e000c1d7ac1f0c4fc78918d1eab83b26fc463aa44b633417c2a6ae37	kappfinder/pics/large/dlgedit.xpm
1999-08-17	b91e8a8622f7512694c49178a2afbe2c134cfd5f	35662a364f2e83914eddbc382f61b667b7ee77c1a14d32c1e8229df1608d122b	kappfinder/pics/large/edit.xpm
1999-08-17	b91e8a8622f7512694c49178a2afbe2c134cfd5f	8635561ce81545ab8cd2d1eebfacdb187b7d3a985b583bf28a7482121c9658e6	kappfinder/pics/large/gimp.xpm
1999-08-17	b91e8a8622f7512694c49178a2afbe2c134cfd5f	e78645593e6ac8ff7e6afd35a0a1294e0caa0961078dfa85dc64e8c35754b896	kappfinder/pics/large/gnu.xpm
1999-08-17	b91e8a8622f7512694c49178a2afbe2c134cfd5f	690971f4ff428b097df2ee09ef1738e4aa328d8c36fcef56005a939dbbae6eea	kappfinder/pics/large/gs.xpm
1999-08-17	b91e8a8622f7512694c49178a2afbe2c134cfd5f	47676d439bca509d7fb74bc69bc73bfe6ab1afa9c9e27d02345ce1712dccaa72	kappfinder/pics/large/gv.xpm
1999-08-17	b91e8a8622f7512694c49178a2afbe2c134cfd5f	b1ee95aacd48e93c436a48429db02402406a3d70301b952b99ef6f5c7fd6f718	kappfinder/pics/large/lyx.xpm
1999-08-17	b91e8a8622f7512694c49178a2afbe2c134cfd5f	a305e0fdd3e845b6f9d9d156f7bb14c619edab161a0011e72dd77bd12e3fef5c	kappfinder/pics/large/mathematica.xpm
1999-08-17	b91e8a8622f7512694c49178a2afbe2c134cfd5f	7a5ebbfdd4a65270fe58766c36f588d5639f211315a43ba5e61e588b7c51ca0a	kappfinder/pics/large/mozilla.xpm
1999-08-17	b91e8a8622f7512694c49178a2afbe2c134cfd5f	f698ad51a9f896aa7bcaba6842c8073666034a6ca9011e3efd9c117e2a765569	kappfinder/pics/large/nedit.xpm
1999-08-17	b91e8a8622f7512694c49178a2afbe2c134cfd5f	ff784b8ee184ffdef83abd42fe28bf480555960d00e331cc89be119ad31ac24e	kappfinder/pics/large/penguin.xpm
1999-08-17	b91e8a8622f7512694c49178a2afbe2c134cfd5f	0df80d8b2a20bcbadb6f087d454cb19ba2812ba87b9fa081799dd0da0f5a2d50	kappfinder/pics/large/plan.xpm
1999-08-17	b91e8a8622f7512694c49178a2afbe2c134cfd5f	0db22d264b12a626f1c6620590a26608bdf910b6b537679325b530b03a89b013	kappfinder/pics/large/quake2.xpm
1999-08-17	b91e8a8622f7512694c49178a2afbe2c134cfd5f	d7c5c5a2c78f5594a046d94ea0ca6f2a57c84fea71ceff4834f7c851f6f2f04d	kappfinder/pics/large/quake3.xpm
1999-08-17	b91e8a8622f7512694c49178a2afbe2c134cfd5f	58a97c51a4c11480ac29e1c9f2718f1149ff9b4a7f651b2072d674bca6bdc331	kappfinder/pics/large/wabi.xpm
1999-08-17	b91e8a8622f7512694c49178a2afbe2c134cfd5f	5d2da7dd6eece972995a34430d478da8a8652c106f38e9291f063106c5192323	kappfinder/pics/large/wordperfect.xpm
1999-08-17	b91e8a8622f7512694c49178a2afbe2c134cfd5f	37473aa6fed3f8df0fdad1abe21fad3ec1192eafff4a25ac0505aee2f8c6aaef	kappfinder/pics/large/x.xpm
1999-08-17	b91e8a8622f7512694c49178a2afbe2c134cfd5f	27a34c1e3a0b5399800f663b5636031e111a93a1b4c16e6866a3bbc85e868d4d	kappfinder/pics/large/xcalc.xpm
1999-08-17	b91e8a8622f7512694c49178a2afbe2c134cfd5f	f88dd9e75c740ee7dc69ae416dcd6a26803bdbdeff5939f5fb32b625b9a51fb0	kappfinder/pics/large/xclipboard.xpm
1999-08-17	b91e8a8622f7512694c49178a2afbe2c134cfd5f	9a9c0663a4a0c535b45031130f4037393c04b071c1118fceff93812c105d2705	kappfinder/pics/large/xclock.xpm
1999-08-17	b91e8a8622f7512694c49178a2afbe2c134cfd5f	0f6d84a21879818fad76e971340b8a274f92c17e7787c0c2705968d20b8d398d	kappfinder/pics/large/xconsole.xpm
1999-08-17	b91e8a8622f7512694c49178a2afbe2c134cfd5f	759e1d6afebc341aae53859d54a314e696e1499d8ead11b5285de31f393f6298	kappfinder/pics/large/xedit.xpm
1999-08-17	b91e8a8622f7512694c49178a2afbe2c134cfd5f	637fef5dd574ba9a6c01302df499d1a1d3413387c47af420fb71d14355c7a68d	kappfinder/pics/large/xephem.xpm
1999-08-17	b91e8a8622f7512694c49178a2afbe2c134cfd5f	c585f2a5ec4c78cbfa7b358033fcb9cd9ee4b6b0ed93adb9a509ca9395f92fec	kappfinder/pics/large/xeyes.xpm
1999-08-17	b91e8a8622f7512694c49178a2afbe2c134cfd5f	a0f27ef52e7c1e13db1b4847634d0982a639b80708fa56ff479a5decd2c76621	kappfinder/pics/large/xfig.xpm
1999-08-17	b91e8a8622f7512694c49178a2afbe2c134cfd5f	0d9d53e9ed1dfd7d51e9027ffa469710b76d5b8e49f916d513360ed9836d5e98	kappfinder/pics/large/xfmail.xpm
1999-08-17	b91e8a8622f7512694c49178a2afbe2c134cfd5f	af387fa33727e06b27629c19aac2cfa0480c49415fa23a3d9a0b0bb16a5d8868	kappfinder/pics/large/xload.xpm
1999-08-17	b91e8a8622f7512694c49178a2afbe2c134cfd5f	70e142b13a61e6fc28bf40dc47ca4b0962d3fd07dae8311b714bc86b8cdf8428	kappfinder/pics/large/xosview.xpm
1999-08-17	b91e8a8622f7512694c49178a2afbe2c134cfd5f	0bb9b926032d406ea60f5e72ea6970c96efe75a607d2eecc3151059dde02f361	kappfinder/pics/large/xpaint.xpm
1999-08-17	b91e8a8622f7512694c49178a2afbe2c134cfd5f	717ebe706efcec1d3b4f8d784d99bff9d6fe03735d1b00efce8027538d9d23fa	kappfinder/pics/large/xpdf.xpm
1999-08-17	b91e8a8622f7512694c49178a2afbe2c134cfd5f	5830f346e98e057f39e4b9dd0992bbc042db7aa19c5f6f0579adfecb2a3ba093	kappfinder/pics/large/xv.xpm
1998-01-08	e35bec5de3cdcd20872173369c6c07a2c089aea5	252c311198439b998ac062550d09fa024922f703991567eab8a7449b36eb0c90	kappfinder/pics/lyx.xpm
1998-04-26	2dca826b44fef79233ab7c3fb4295fbb25de9bd4	b352c60001c20599a3e2ee86fb6e340dbb142bd5240521f48d0628da38c6af8f	kappfinder/pics/mathematica.xpm
1998-11-25	652db80f78da53fae259182a08fb5fafc6b0ebd5	eecde34076863d819121130864eeb4bcd165df6f7cc8a72f72644873b278e3d1	kappfinder/pics/mini/acroread.xpm
1998-04-26	2dca826b44fef79233ab7c3fb4295fbb25de9bd4	70007bfebccffaec2e11f2e409b26d26bc05becd9772e47f1fd31dcf80d58ee5	kappfinder/pics/mini/applixware.xpm
2020-11-11	adb928c0a00dab174a404c95d51df5d8c3da5288	d21f6908057643cc0d8055d464528d9aed8a8d805b37e2415bab95833abbdb95	kappfinder/pics/mini/chromium.xpm
1999-08-17	b91e8a8622f7512694c49178a2afbe2c134cfd5f	414594eebc264d57a286bda8e81abad828b1dc03da910dbb17aa50744e47618b	kappfinder/pics/mini/civctp.xpm
1998-11-25	652db80f78da53fae259182a08fb5fafc6b0ebd5	b936a845a95e3018f3203689df1d5141580b1f7ef59bfd924e082451d262dd4c	kappfinder/pics/mini/dlgedit.xpm
1999-08-17	b91e8a8622f7512694c49178a2afbe2c134cfd5f	2d357a62f5f963b0a19176f50f55618ace292560e94d57a39e2afd291ee6cc38	kappfinder/pics/mini/edit.xpm
1998-04-26	2dca826b44fef79233ab7c3fb4295fbb25de9bd4	f145ae9180829c4e477a97d30e79d281cec3f911259b302c0793aafca5d04785	kappfinder/pics/mini/emacs.xpm
1998-04-26	2dca826b44fef79233ab7c3fb4295fbb25de9bd4	ab60cd2d731dade6f8f8f5a1ada6f59247451bcf1e9bc5ef3a1ae14ec76e3eae	kappfinder/pics/mini/email.xpm
1998-04-26	2dca826b44fef79233ab7c3fb4295fbb25de9bd4	4bee096f15454ced9991380d45dae55774daf60d021b09a6ebad451c0e8b60b8	kappfinder/pics/mini/gimp.xpm
1999-08-17	b91e8a8622f7512694c49178a2afbe2c134cfd5f	527bfa92e0d128de7b828b6a75779e029faff086070b755261f82690d755294a	kappfinder/pics/mini/gnu.xpm
1998-01-08	e35bec5de3cdcd20872173369c6c07a2c089aea5	7409f2134a53d70ed2e7b4ad5084be1cc8175fba1b94f533a49ef3b415fefdcc	kappfinder/pics/mini/gv.xpm
1998-11-25	652db80f78da53fae259182a08fb5fafc6b0ebd5	f581e538eef8ace41ca9b75e06f7384d004e35201c5350a1e3459365f12c2d63	kappfinder/pics/mini/lyx.xpm
1998-04-26	2dca826b44fef79233ab7c3fb4295fbb25de9bd4	e4e89abfe8c289f02fe821641611f0d3a3567d6d679e3c3a82679ddcf7469faf	kappfinder/pics/mini/mathematica.xpm
1998-01-18	716266cbc9ffe2f412a84cd1740383066d85f1ce	cc1d17619e69fd2ca6ebba6db0fe5587adabf8f3c6b66d6b8f71bb7a4d1a87ef	kappfinder/pics/mini/mini-plan.xpm
1998-01-18	716266cbc9ffe2f412a84cd1740383066d85f1ce	d303ed1a1ea068d3f4e25ea0d769e3561924f9973e7b850abd08576ec4b4d611	kappfinder/pics/mini/mini-xslight.xpm
1999-08-17	b91e8a8622f7512694c49178a2afbe2c134cfd5f	8c1dd8056d0fcf6c69b80c654a57b00301fd7595cf5ff7542686191b4888b21c	kappfinder/pics/mini/mozilla.xpm
1998-04-26	2dca826b44fef79233ab7c3fb4295fbb25de9bd4	b2368a1541402c051c74e706893d1057374473af3eae52807dcbbcdb54eab44a	kappfinder/pics/mini/nedit.xpm
1998-04-26	2dca826b44fef79233ab7c3fb4295fbb25de9bd4	c485af5a7ac3a6e1e1164a85ac163aa8cea96f84af00c82612c1cdbd5389f34f	kappfinder/pics/mini/netscape.xpm
1998-11-25	652db80f78da53fae259182a08fb5fafc6b0ebd5	92c7d16f2af34a3e83a4cd0582a6a6cdabcceec1b2fa1623014d4db8ebd78ead	kappfinder/pics/mini/penguin.xpm
1998-01-08	e35bec5de3cdcd20872173369c6c07a2c089aea5	b36a6f1b32b050cbe047ecbff7513ff9399c8e2dfd80df6d7d5c01fe255394c0	kappfinder/pics/mini/pinguin.xpm
1998-04-26	2dca826b44fef79233ab7c3fb4295fbb25de9bd4	a3d70c0491278ac1af8bba1bf91005948df15d7231a858b7c46f8341b6ed3d80	kappfinder/pics/mini/plan.xpm
1999-08-17	b91e8a8622f7512694c49178a2afbe2c134cfd5f	6727cbc73484c75d95e5d815a96b5bac893fa3a844007eba469df1f6b47a9703	kappfinder/pics/mini/quake2.xpm
1999-08-17	b91e8a8622f7512694c49178a2afbe2c134cfd5f	72531cb0148f09b47a0eb8d3177f5e27900b8d7068361f4be96d2b82d7a85fdb	kappfinder/pics/mini/quake3.xpm
1999-08-17	b91e8a8622f7512694c49178a2afbe2c134cfd5f	3db1dd4e223a939249d7e5b9124012f8668178f7781b6a1d611539a4d5d0ef90	kappfinder/pics/mini/vmware.xpm
1998-04-26	2dca826b44fef79233ab7c3fb4295fbb25de9bd4	c5b5c51833a0006395a0051023398ea6bec9ee881ec8904b1b751fc15c2f1e0f	kappfinder/pics/mini/wabi.xpm
1999-08-17	b91e8a8622f7512694c49178a2afbe2c134cfd5f	6c928255c032e7ea194ad5959a4fd1c1a11650c13823601e1cbf36e09b5c60f0	kappfinder/pics/mini/wordperfect.xpm
1998-04-26	2dca826b44fef79233ab7c3fb4295fbb25de9bd4	d966d9e1e8645a8d7f1052b443bf03c493f2d141bb2141808f480d07bb3eef59	kappfinder/pics/mini/wp.xpm
1998-04-26	2dca826b44fef79233ab7c3fb4295fbb25de9bd4	f5535e4e50a0be2854b47aae01d70644fc1ec6badd1d56e93427fc6728a0446d	kappfinder/pics/mini/x.xpm
1998-11-25	652db80f78da53fae259182a08fb5fafc6b0ebd5	5db1a4172d9657fe10087ed299cbe3c208cb6ef63f307a073d97d2e54b876a69	kappfinder/pics/mini/xcalc.xpm
1998-11-25	652db80f78da53fae259182a08fb5fafc6b0ebd5	10eb8cbbba21974157b5bda8fe55f42e8279d9ff6d6ba06cbb3f2570f9d5bd9e	kappfinder/pics/mini/xclipboard.xpm
1998-11-25	652db80f78da53fae259182a08fb5fafc6b0ebd5	747484d6f4227d816ecbe01b5b8a57221096e2080aefa8a916831684ff8bc63d	kappfinder/pics/mini/xclock.xpm
1998-11-25	652db80f78da53fae259182a08fb5fafc6b0ebd5	e4feef91171201b0d4dd50b774382d67441895595221c6e17bd8114004818d73	kappfinder/pics/mini/xconsole.xpm
1998-11-25	652db80f78da53fae259182a08fb5fafc6b0ebd5	17e8cb2c3a2a76888e7dd81119df3bfac3ff1fac290545f6ed2a98fe8fc401c1	kappfinder/pics/mini/xedit.xpm
1998-04-26	2dca826b44fef79233ab7c3fb4295fbb25de9bd4	9c330577515db1d267ae665f9a6d6a5fa4e793cb1baddd1a391d3262f63c78e0	kappfinder/pics/mini/xemacs.xpm
1999-08-17	b91e8a8622f7512694c49178a2afbe2c134cfd5f	d1954bc3738acec1e87960308b991a32c2023d2b02b11f22ddabdf8fb52fa4f6	kappfinder/pics/mini/xephem.xpm
1998-11-25	652db80f78da53fae259182a08fb5fafc6b0ebd5	caefe1316b440e1257eaaf0a8f37846cd8360e8946b06a2afdea7fb1db223cc6	kappfinder/pics/mini/xeyes.xpm
1998-01-08	e35bec5de3cdcd20872173369c6c07a2c089aea5	57c879221a5635e0d8207139cd2a110a07dcbde701a0a501e05f4c701c9f97e2	kappfinder/pics/mini/xfig.xpm
1998-04-26	2dca826b44fef79233ab7c3fb4295fbb25de9bd4	d6c22027bbf5f589e4d5581aaabe81a6282e95dc033b133fb950ce1aa1f15427	kappfinder/pics/mini/xfmail.xpm
1998-11-25	652db80f78da53fae259182a08fb5fafc6b0ebd5	51194e6ca44754cb1458bacb5b2f7f0a59419f67302b42f1095319e1f3305582	kappfinder/pics/mini/xload.xpm
1998-11-25	652db80f78da53fae259182a08fb5fafc6b0ebd5	640dad2a0dd2ceea84a63e0f76e2dbf2dac0713e9fa35b45454560a930219bd0	kappfinder/pics/mini/xosview.xpm
1998-01-08	e35bec5de3cdcd20872173369c6c07a2c089aea5	35965a9dd09c86ce1558ef9b1cd94a8d1c75eebcb48ed7f3f32dbe1590ce614f	kappfinder/pics/mini/xpaint.xpm
1999-08-17	b91e8a8622f7512694c49178a2afbe2c134cfd5f	abb76613b909686a80242c61c9b0f0fd3b7994bc3cbe68b2dad021a5112410b4	kappfinder/pics/mini/xpdf.xpm
1998-11-25	652db80f78da53fae259182a08fb5fafc6b0ebd5	f44d0a5e879c6f95800b0463f11132174b3ed8c91f5db0ca118bca635cd9b8f2	kappfinder/pics/mini/xv.xpm
1999-08-17	b91e8a8622f7512694c49178a2afbe2c134cfd5f	ad74958711fc5f240667b888e6d4a38097ffb8fb95940f200ce2eb39408ce8d3	kappfinder/pics/mozilla.xpm
1998-04-26	2dca826b44fef79233ab7c3fb4295fbb25de9bd4	65f8cb206fc984bcbef0512ffb93c9568a8a27eeebff005931a9097d477b2e4b	kappfinder/pics/nedit.xpm
1998-04-26	2dca826b44fef79233ab7c3fb4295fbb25de9bd4	71b904d1e324b2364820bfa7df8d270d709f5ddcb755721b03622b1b7eb0894a	kappfinder/pics/netscape.xpm
1998-01-08	e35bec5de3cdcd20872173369c6c07a2c089aea5	82e7ff0a8c208d912c82680537832904964f2c8f17184bbac9c559d3f06346f4	kappfinder/pics/nogo.xpm
1998-11-25	652db80f78da53fae259182a08fb5fafc6b0ebd5	4d853989092b62575817c23e4399868851df7fba8a5896ff7e7e5994f293ea2a	kappfinder/pics/penguin.xpm
1998-01-08	e35bec5de3cdcd20872173369c6c07a2c089aea5	43d330449bf8663012873d3ba9478c4d8ca46b391615dbd26a0519e782e41394	kappfinder/pics/pinguin.xpm
1998-01-18	577028e06210412fa33e8aa6dbd901910d2e8739	1f416740a0bd0f4faee84e6cc77641fe1405c4ac28696d1572d07411bd734c60	kappfinder/pics/plan.xpm
1999-08-17	b91e8a8622f7512694c49178a2afbe2c134cfd5f	2a6e1885a965b0d60a38bb74e39afccf956ef7d38c51a41704da39df4eab588b	kappfinder/pics/quake2.xpm
1999-08-17	b91e8a8622f7512694c49178a2afbe2c134cfd5f	a7807f29fa9efc654010e277736b1aa3e07c5090aa391ef878865c7ba8434d28	kappfinder/pics/quake3.xpm
1998-04-26	2dca826b44fef79233ab7c3fb4295fbb25de9bd4	9bb5f37ba4f349c21e2fc240b377efb6cfcf23938b39cebbed621dc923562fda	kappfinder/pics/wabi.xpm
1998-12-22	e1e424a92b5d91b80b86c0111b625705ef14b8b5	4d7bfeb9a3b313928dd5ac21c5928c0dbf031c435db1e2c12556cc4239aa4600	kappfinder/pics/wordperfect.xpm
1998-04-26	2dca826b44fef79233ab7c3fb4295fbb25de9bd4	848f782a3bd67283c6ee7ff1aa948b1bd4ac5f356f6cba3ac022282114700343	kappfinder/pics/wp.xpm
1998-11-25	652db80f78da53fae259182a08fb5fafc6b0ebd5	85930dc7d9cae8a51571ef28d0e2441569f571bb43c04a6bbea5ff18d6af9c72	kappfinder/pics/x.xpm
1998-01-08	e35bec5de3cdcd20872173369c6c07a2c089aea5	4f6e8ad50a522d889fcdef0757f1942b519b26464cfbad5eb67533b4cfe5292a	kappfinder/pics/xcalc.xpm
1998-11-25	652db80f78da53fae259182a08fb5fafc6b0ebd5	e8d206bab357c904c5178eb5744fbcc6920375853816b8dbf887543ecb4b17b3	kappfinder/pics/xclipboard.xpm
1998-11-25	652db80f78da53fae259182a08fb5fafc6b0ebd5	7cfdfcdd22561bbca83a8525b6c42fa6f468df52b9cfa520a0ef816fb84099f8	kappfinder/pics/xclock.xpm
1998-11-25	652db80f78da53fae259182a08fb5fafc6b0ebd5	9776a1d20abe78aa77edcae64f11b831b8a03920c5924787055682b753864ee6	kappfinder/pics/xconsole.xpm
1998-11-25	652db80f78da53fae259182a08fb5fafc6b0ebd5	298dda654fa33e39387750d4417eaecb95a769f7e0a93319489834c01cf4457b	kappfinder/pics/xedit.xpm
1998-04-26	2dca826b44fef79233ab7c3fb4295fbb25de9bd4	a38bc4435c2081513674cbd6950b0272b83bc20df51c91fa584a05ab634e7c63	kappfinder/pics/xemacs.xpm
1999-08-17	b91e8a8622f7512694c49178a2afbe2c134cfd5f	0c7f4ecdba57cc04b100bf1f2a8000cb3f46cf79ebc1fcbd67fdf457c645a1ec	kappfinder/pics/xephem.xpm
1998-01-08	e35bec5de3cdcd20872173369c6c07a2c089aea5	494a6838a804d430af55b2c4c6554cd0ea0d19c59affe4eff83773d7f02e321b	kappfinder/pics/xeyes.xpm
1998-01-08	e35bec5de3cdcd20872173369c6c07a2c089aea5	8fc1953430f57062fc2f76568d7f1e0bd16dca701233fd148710f14f7bd0e285	kappfinder/pics/xfig.xpm
1998-01-18	e4ab68b9deca4414686a30146550e06bd4c0a279	ba6c456266b70e20f8e4132b4d5e7755f10955b3448a4ca7f54b50dfa4986721	kappfinder/pics/xfmail.xpm
1998-01-08	e35bec5de3cdcd20872173369c6c07a2c089aea5	6794d04fc52197533cbc42ccd22269ba280b79354cef1b7804d2a36923b4a2b1	kappfinder/pics/xftp.xpm
1998-11-25	652db80f78da53fae259182a08fb5fafc6b0ebd5	7c33705573e7707d06279d6bd50fbb3adf0043ce9f65d9a2026c4dadf439c437	kappfinder/pics/xload.xpm
1998-11-25	652db80f78da53fae259182a08fb5fafc6b0ebd5	30b19bb99a995689df43e4d4ab8933b1e9feea38896319713c8a062f4ae906a5	kappfinder/pics/xosview.xpm
1998-01-08	e35bec5de3cdcd20872173369c6c07a2c089aea5	04fa6e246ca45c925eb9a9ebbf8b44fc309d345509e1c9b54ff3bf38005adf26	kappfinder/pics/xpaint.xpm
1999-08-17	b91e8a8622f7512694c49178a2afbe2c134cfd5f	fe10c4d7d488936c999543c0ef215487e121fdda1ff36efc94c11afa052fe480	kappfinder/pics/xpdf.xpm
1998-01-08	e35bec5de3cdcd20872173369c6c07a2c089aea5	d7cfc28e53f85699773b245d6951a39242ceff31139cad0ccc214188dce10bea	kappfinder/pics/xv.xpm
1998-04-16	8c56991020a7563e1ada03ba59aa1d9dbae84d5b	837e9bd4dcfb2bd247fa468be4c1ecd2c2370f161bc0dedde87370e8064d6a38	kcontrol/bell/bell.xpm
1999-09-05	e983b4cc5b76eca344b41b85aaec0a5165196244	353f1a94080138d9ebce977927e20f1897ebb0db4187d15f8237c1af33d0b9a9	kcontrol/bell/large-bell.xpm
1997-11-16	c147bb4727a4d79fada40a8b7c2e8db8e79fac54	bb1488ffa32dbcbcac02c8286c7b0e076afb5dac893cd398814de39b89bbf7d0	kcontrol/bell/mini-bell.xpm
1997-11-23	ad194efbab8d4dd16467b6f368922ab109ac23e2	9cc6166ff39c430ef70014a9414a586665d66be76bc0efa6ea08d22faeb42a82	kcontrol/display/background.xpm
1998-11-25	652db80f78da53fae259182a08fb5fafc6b0ebd5	d1ec7f7fb575f5086ee8e958c0c0f37b4a9241309a0d91499c2616868d249f4b	kcontrol/display/colors.xpm
1998-03-22	2f8b9c0aa60181331f96f7178e896994e2947803	3b9e27655c0517b2dc87cdb760c00caa88c34d739061c8e24e710b7fc41a8779	kcontrol/display/kcs/AtlasGreen.kcsrc
1998-05-01	7151e9ad1a96063d1f7f9cc4c7e636327fd45e2f	ff01f0cd0bb8bb56de12e23f1515acbb4d3c6e4648284dc29df20b4041388f70	kcontrol/display/kcs/Autumn.kcsrc
1998-05-01	7151e9ad1a96063d1f7f9cc4c7e636327fd45e2f	30f9129597ccc2267a3cb738db82ede3aae171859e3a35e2a0c3d7cc940c6896	kcontrol/display/kcs/BeOS.kcsrc
1998-03-22	2f8b9c0aa60181331f96f7178e896994e2947803	322f79099f41153d5d44c724c0b13cc466568d189c8ff1d09a508bea3f6d9a03	kcontrol/display/kcs/BlueSlate.kcsrc
1998-03-22	2f8b9c0aa60181331f96f7178e896994e2947803	d9a1a2037af9eff7138ce87a5ced3793cefae4b8bbbba85ef473eea3ab2dabdd	kcontrol/display/kcs/CDE.kcsrc
1998-03-22	2f8b9c0aa60181331f96f7178e896994e2947803	e99bc91722d8e9773d715b4d0ac1e1685f682ae04ca6a0148e09e8b0955ec628	kcontrol/display/kcs/DesertRed.kcsrc
1998-03-22	2f8b9c0aa60181331f96f7178e896994e2947803	e274705c3c65929a0e544344259fdba47a7ad254aab4d2b0858e5d6d50887a5f	kcontrol/display/kcs/DigitalCDE.kcsrc
1998-03-22	2f8b9c0aa60181331f96f7178e896994e2947803	d2d28bb5efad39a110f1ea817b82faa7827c6d26b9bb91ae656073de73a90a8c	kcontrol/display/kcs/PaleGray.kcsrc
1998-03-22	2f8b9c0aa60181331f96f7178e896994e2947803	f5f9831e5ba5c7b65657b507c0718346158309c32acd5bebdeb00526f6353fab	kcontrol/display/kcs/SolarisCDE.kcsrc
1998-05-01	7151e9ad1a96063d1f7f9cc4c7e636327fd45e2f	9de11500ba001901c96a30a364bb18cc45551009a0f13af5f72ef53f27ab339d	kcontrol/display/kcs/Storm.kcsrc
1998-03-22	2f8b9c0aa60181331f96f7178e896994e2947803	6231b8a2234e805c6b0f2188beb16ddb9579597658b06319a60218a7e6b87261	kcontrol/display/kcs/Windows95.kcsrc
1998-11-10	8376c84d6774c05ebf55f2db437e12978aafb631	69319f10ff80f5c7a39b902dd496c8f7e20d9eebb83a5831731599a59b9bd978	kcontrol/display/logo.xpm
1997-11-16	c147bb4727a4d79fada40a8b7c2e8db8e79fac54	e982681ea8190baa5186cfb23026537b7a85dec0703f0e5ddaa554ebcbfbc8fb	kcontrol/display/mini-background.xpm
1997-11-16	c147bb4727a4d79fada40a8b7c2e8db8e79fac54	fd15d746f34d923fbfe82c0527f276a97f43d9c05e64ee1835f8fe09d1b7283a	kcontrol/display/mini-colors.xpm
1997-11-16	c147bb4727a4d79fada40a8b7c2e8db8e79fac54	0a357d5402abb877038d90f5585f652ab4f333bfb4f31e03d6f0d1e661c9d2fe	kcontrol/display/mini-screensaver.xpm
1997-11-16	c147bb4727a4d79fada40a8b7c2e8db8e79fac54	16891acc63bdb545a519fa88c27b5eec3a40c8898c6e5a2b901cf4d055f06747	kcontrol/display/mini-style.xpm
1997-11-17	0e248b9390538104df018876c0444d93b43f3ca4	b13f01b21ac085e925ab23b86e777ee76dd61518f0126ddd5368e53c5ee0d364	kcontrol/display/monitor.xpm
1997-11-23	ad194efbab8d4dd16467b6f368922ab109ac23e2	6ead34d9a46b167bdad14b177dc8fa3a2305060b097f6d2f2b9310e4f9a15c74	kcontrol/display/palette.xpm
1998-11-30	08727d8f8b62e4ed989db2b3d37f1408b42021e8	fd607c98556076c6ab1dca9b6cff5e377e86af265d7b31a7d60eb607f10929be	kcontrol/display/pics/background.xpm
1998-11-30	08727d8f8b62e4ed989db2b3d37f1408b42021e8	d1ec7f7fb575f5086ee8e958c0c0f37b4a9241309a0d91499c2616868d249f4b	kcontrol/display/pics/colors.xpm
1999-01-14	d92f0c85d913fcb1a6040022c19927d1900fadf7	c11f0f9bdd15e23d52ea4e74a1d55af46f975dd748f225436d7d47452cd3bf01	kcontrol/display/pics/fonts.xpm
1999-09-05	e4f0f925469eff45cb124e9452fb040e607e4b3a	5a910f74149558a3b82ade4508fe381da6d8a4b2ccf4a4b3083980b16dac6095	kcontrol/display/pics/large/colors.xpm
1999-09-05	e4f0f925469eff45cb124e9452fb040e607e4b3a	8dde926abe783492647ff2a69a7925452bf1bf722ddb70368406dfb19889934a	kcontrol/display/pics/large/fonts.xpm
1999-09-05	e4f0f925469eff45cb124e9452fb040e607e4b3a	7dd5ea1aea24d0f3b1e4870549c0f7e2b013d9f3722ecb5ba8b059ad86c2c166	kcontrol/display/pics/large/screensaver.xpm
1999-09-05	e4f0f925469eff45cb124e9452fb040e607e4b3a	ab9c99a1b82cd34770684c019134e098a74520ac4ff0f38f6a1d5b0ec65cd2be	kcontrol/display/pics/large/style.xpm
1998-11-30	08727d8f8b62e4ed989db2b3d37f1408b42021e8	69319f10ff80f5c7a39b902dd496c8f7e20d9eebb83a5831731599a59b9bd978	kcontrol/display/pics/logo.xpm
1998-11-30	08727d8f8b62e4ed989db2b3d37f1408b42021e8	39696d23a328e3523974e70da72e9dcb0b9d9f528a1692c841fe77988968e5e3	kcontrol/display/pics/mini/background.xpm
1998-11-30	08727d8f8b62e4ed989db2b3d37f1408b42021e8	46001a5f709dfbb8c061180033739e72fac4fbd3323395890110c70f5e3c78e8	kcontrol/display/pics/mini/colors.xpm
1999-01-14	d92f0c85d913fcb1a6040022c19927d1900fadf7	5f7b717331beada01c8f5b3454c92351361e9f0fb79a98dd0c6b476b8f02e182	kcontrol/display/pics/mini/fonts.xpm
1998-11-30	08727d8f8b62e4ed989db2b3d37f1408b42021e8	7753c3cecd9965fddba46b9ed1e001928951b7ce32bee9bfdc03c221e99f972a	kcontrol/display/pics/mini/screensaver.xpm
1998-11-30	08727d8f8b62e4ed989db2b3d37f1408b42021e8	5f7b717331beada01c8f5b3454c92351361e9f0fb79a98dd0c6b476b8f02e182	kcontrol/display/pics/mini/style.xpm
1998-11-30	08727d8f8b62e4ed989db2b3d37f1408b42021e8	b13f01b21ac085e925ab23b86e777ee76dd61518f0126ddd5368e53c5ee0d364	kcontrol/display/pics/monitor.xpm
1998-11-30	08727d8f8b62e4ed989db2b3d37f1408b42021e8	3fb38d1952c9f12bdef101cc7512f081d049799cdc1136af61bbd79450852096	kcontrol/display/pics/screensaver.xpm
1998-11-30	08727d8f8b62e4ed989db2b3d37f1408b42021e8	c11f0f9bdd15e23d52ea4e74a1d55af46f975dd748f225436d7d47452cd3bf01	kcontrol/display/pics/style.xpm
1998-04-16	8484eee4c886322539cdc7eeb79885249a1de875	3fb38d1952c9f12bdef101cc7512f081d049799cdc1136af61bbd79450852096	kcontrol/display/screensaver.xpm
1998-04-16	8484eee4c886322539cdc7eeb79885249a1de875	c11f0f9bdd15e23d52ea4e74a1d55af46f975dd748f225436d7d47452cd3bf01	kcontrol/display/style.xpm
1998-12-29	a3a37fafb0508f474b0a68ae76cf3a75717615dc	52583cc17de0e54647cf8ea0f006215111e1cee78965679e588254f06f5ccd3a	kcontrol/info/kcmdevices.xpm
1998-12-29	a3a37fafb0508f474b0a68ae76cf3a75717615dc	71e25ff1a782ab19d0468c15bc3cdb55973e067da786eef4c09ca4bbceb9c189	kcontrol/info/kcmmemory.xpm
1999-01-25	892e8a29fed1b11ee49e2ae9471526c6c538694d	97d3eeb4c70267fb41ebb81a3712307eefc5dadbf2b67fcd41f92867879f64f6	kcontrol/info/kcmpartitions.xpm
1998-12-29	a3a37fafb0508f474b0a68ae76cf3a75717615dc	daed766678cdefbe76a5a456ae5c5e63c49a20b94ea0a339b9e35141ac018940	kcontrol/info/kcmprocessor.xpm
1998-12-29	a3a37fafb0508f474b0a68ae76cf3a75717615dc	31a2261f966d929e3fb329d7a0dfedbcf29a18e53dd1b56586560ad73d6d0e27	kcontrol/info/kcmscsi.xpm
1998-12-29	a3a37fafb0508f474b0a68ae76cf3a75717615dc	4eb3cdd21c3db148b10993d37e7dbdc6d14d204a668f89194c41a2317b742afe	kcontrol/info/kcmsound.xpm
1998-12-29	a3a37fafb0508f474b0a68ae76cf3a75717615dc	c1737ff29e060c249486b5733d253133a1d53487d84d55be1c33e8bfbd235f8c	kcontrol/info/kcmx.xpm
1998-11-25	c9a8fc8f4f4c1d9de0c9e2f619e09eacc9c17c65	5411c9c7ad5af0c946886630fcc5b1e74e94acd1f5057c8a3d6a0e90172455b8	kcontrol/info/memory.xpm
1998-10-05	044544e0471be50a2c594af49a29b0131100a9f8	18c0836243a054b8bb3d874005c557cc306f9c4b5deae42c4ec1bf609bd4b344	kcontrol/info/mini-kcmdevices.xpm
1998-10-05	044544e0471be50a2c594af49a29b0131100a9f8	dc4efd5bc8efd85d9a799fd08beda0e7246fc20035afdf83692349fdfafc3d9a	kcontrol/info/mini-kcmmemory.xpm
1998-10-05	044544e0471be50a2c594af49a29b0131100a9f8	2c33aed3a36b653bc65975af2451743ca04d2a5d65c7cfe9433327dd1a3ab231	kcontrol/info/mini-kcmpartitions.xpm
1999-01-07	e459afa919f3521105b9dbd79609717e5cc617d7	8018d728ed948f9cf2007ae818a9a9edac80e984cd7b09ab0788b0c3864bf72e	kcontrol/info/mini-kcmpci.xpm
1998-10-05	044544e0471be50a2c594af49a29b0131100a9f8	82802f7ed61785d0dbc29317a76f72a201aacc9d7740c2330e80938aed4b4363	kcontrol/info/mini-kcmprocessor.xpm
1998-10-05	044544e0471be50a2c594af49a29b0131100a9f8	18c0836243a054b8bb3d874005c557cc306f9c4b5deae42c4ec1bf609bd4b344	kcontrol/info/mini-kcmscsi.xpm
1998-10-05	044544e0471be50a2c594af49a29b0131100a9f8	2e780786084668461f28126b1ecdb0117e4a9f36fe1f16e1775010042d1c8088	kcontrol/info/mini-kcmsound.xpm
1998-10-05	044544e0471be50a2c594af49a29b0131100a9f8	a636d3fd0b9d023abe049dd3056d9250be0c53fda3c79d3fe9202408e6e5c1c2	kcontrol/info/mini-kcmx.xpm
1997-11-16	c147bb4727a4d79fada40a8b7c2e8db8e79fac54	dc4efd5bc8efd85d9a799fd08beda0e7246fc20035afdf83692349fdfafc3d9a	kcontrol/info/mini-memory.xpm
1997-11-16	c147bb4727a4d79fada40a8b7c2e8db8e79fac54	82802f7ed61785d0dbc29317a76f72a201aacc9d7740c2330e80938aed4b4363	kcontrol/info/mini-processor.xpm
1999-01-22	fd213473b092e7488c1471f2c34d901ceb0bd0b9	52583cc17de0e54647cf8ea0f006215111e1cee78965679e588254f06f5ccd3a	kcontrol/info/pics/kcmdevices.xpm
1999-01-22	fd213473b092e7488c1471f2c34d901ceb0bd0b9	71e25ff1a782ab19d0468c15bc3cdb55973e067da786eef4c09ca4bbceb9c189	kcontrol/info/pics/kcmmemory.xpm
1999-01-22	fd213473b092e7488c1471f2c34d901ceb0bd0b9	adb31e10d977da27ac053de9e113500e7a143a6f00f0ccb82ff99647e8f7f4a5	kcontrol/info/pics/kcmpci.xpm
1999-01-22	fd213473b092e7488c1471f2c34d901ceb0bd0b9	daed766678cdefbe76a5a456ae5c5e63c49a20b94ea0a339b9e35141ac018940	kcontrol/info/pics/kcmprocessor.xpm
1999-01-22	fd213473b092e7488c1471f2c34d901ceb0bd0b9	31a2261f966d929e3fb329d7a0dfedbcf29a18e53dd1b56586560ad73d6d0e27	kcontrol/info/pics/kcmscsi.xpm
1999-01-22	fd213473b092e7488c1471f2c34d901ceb0bd0b9	4eb3cdd21c3db148b10993d37e7dbdc6d14d204a668f89194c41a2317b742afe	kcontrol/info/pics/kcmsound.xpm
1999-01-22	fd213473b092e7488c1471f2c34d901ceb0bd0b9	c1737ff29e060c249486b5733d253133a1d53487d84d55be1c33e8bfbd235f8c	kcontrol/info/pics/kcmx.xpm
1999-09-05	e4f0f925469eff45cb124e9452fb040e607e4b3a	ac3a390c532dacaa6b765679de966a0edb4fe231ed8ac8d42d6d631a4bab4741	kcontrol/info/pics/large-kcmdevices.xpm
1999-09-05	e4f0f925469eff45cb124e9452fb040e607e4b3a	48a8206cf952c9752e00f8c15a58009a7701bcff06dbf09b61d1ea14f22f03a2	kcontrol/info/pics/large-kcmmemory.xpm
1999-09-05	e4f0f925469eff45cb124e9452fb040e607e4b3a	be343c364ceef7aea6fc193c6e135d8db7fdd7fbc8111952e74818feca4b20be	kcontrol/info/pics/large-kcmpartitions.xpm
1999-09-05	e4f0f925469eff45cb124e9452fb040e607e4b3a	395d9ed75f6b26cced8a2073b2c744bac70e839fff8de9594cde9f080a817d1c	kcontrol/info/pics/large-kcmpci.xpm
1999-09-05	e4f0f925469eff45cb124e9452fb040e607e4b3a	7b29916744bfec3976ae814467684f2ad52e51aba3e8f0943be287af6a91c288	kcontrol/info/pics/large-kcmprocessor.xpm
1999-09-05	e4f0f925469eff45cb124e9452fb040e607e4b3a	07890d0fa38656dbfda998065504bd000b2250455acd087ec393271df3633a0d	kcontrol/info/pics/large-kcmscsi.xpm
1999-01-22	fd213473b092e7488c1471f2c34d901ceb0bd0b9	4942df4eac1bac84950d94e491fd1b90c3301a3cd75e3edc7a015fd49d8a4dd9	kcontrol/info/pics/mini-kcmdevices.xpm
1999-01-22	fd213473b092e7488c1471f2c34d901ceb0bd0b9	bca4120566387054d74856607abbf6fe87da400683a664f37603b01a372a5d33	kcontrol/info/pics/mini-kcmmemory.xpm
1999-01-22	fd213473b092e7488c1471f2c34d901ceb0bd0b9	2c33aed3a36b653bc65975af2451743ca04d2a5d65c7cfe9433327dd1a3ab231	kcontrol/info/pics/mini-kcmpartitions.xpm
1999-01-22	fd213473b092e7488c1471f2c34d901ceb0bd0b9	8018d728ed948f9cf2007ae818a9a9edac80e984cd7b09ab0788b0c3864bf72e	kcontrol/info/pics/mini-kcmpci.xpm
1999-01-22	fd213473b092e7488c1471f2c34d901ceb0bd0b9	9e6e96b1a59aa70ab3c4078071d9faa3a36d44d9194465866a44cb6ad6045915	kcontrol/info/pics/mini-kcmprocessor.xpm
1999-01-22	fd213473b092e7488c1471f2c34d901ceb0bd0b9	9ef1e9a299099864fac1dd59f32344f5fea84aea8d33688d94fdb9df4acf0b58	kcontrol/info/pics/mini-kcmscsi.xpm
1999-01-22	fd213473b092e7488c1471f2c34d901ceb0bd0b9	2e855c461f3094f156cc051988615aca80abce6ee053955bfef26ad6703a0d63	kcontrol/info/pics/mini-kcmsound.xpm
1999-01-22	fd213473b092e7488c1471f2c34d901ceb0bd0b9	a636d3fd0b9d023abe049dd3056d9250be0c53fda3c79d3fe9202408e6e5c1c2	kcontrol/info/pics/mini-kcmx.xpm
1999-01-22	fd213473b092e7488c1471f2c34d901ceb0bd0b9	7c7ac8342c09e528dacea8d9a7073ecd9bec31f6076e4ac93aa1332e5e06e23c	kcontrol/info/pics/mini-memory.xpm
1998-11-25	c9a8fc8f4f4c1d9de0c9e2f619e09eacc9c17c65	459750d216e681499f2bbdfa71da07801705de6a8cccff18f14f9208bcdaa842	kcontrol/info/processor.xpm
1998-02-23	c3d129d194a13937a60a8ab07901b6537dec03d2	7eb43873b2baf11b86496cc7fb9d267da7ec7a2c7a53f24521f8c0815a176725	kcontrol/input/keyboard.xpm
1997-11-16	c147bb4727a4d79fada40a8b7c2e8db8e79fac54	a5a909fd7f4cb785f546c3d428b7fd1d90890fc6df8b172c9b21942ba89c54b9	kcontrol/input/mini-keyboard.xpm
1997-11-16	c147bb4727a4d79fada40a8b7c2e8db8e79fac54	df2d9fb27c234b50450e9b6367afc94acb4f0591b5df1f5d633f79793c14051e	kcontrol/input/mini-mouse.xpm
1998-02-23	c3d129d194a13937a60a8ab07901b6537dec03d2	7f090b70fce0b71e1a806825169953a7537ad7951d48cb18d18690c94ff6342a	kcontrol/input/mouse.xpm
1998-11-30	49498bc37d8e75cf8e3c7db888556fcd9750a4f8	b67f2cede2c15d721ad2869bd04cf807401933714aed47467bfe6f59d04fcdd6	kcontrol/input/pics/keyboard.xpm
1999-09-05	e4f0f925469eff45cb124e9452fb040e607e4b3a	0119bbb3bfdaba5f3e6905bfb2d51050c51c0444560549c1d8bd43c973e6fc03	kcontrol/input/pics/large/keyboard.xpm
1999-09-05	e4f0f925469eff45cb124e9452fb040e607e4b3a	9d311e5d1b80f56c137468ac19c65c64e1f1b93f540f0fbae61db1fe0355922c	kcontrol/input/pics/large/mouse.xpm
1998-11-30	49498bc37d8e75cf8e3c7db888556fcd9750a4f8	aef7489ab25fcb317fab249a5e8ffb936668813c8d9f60e0c2485ae5649fb81b	kcontrol/input/pics/mini/keyboard.xpm
1998-11-30	49498bc37d8e75cf8e3c7db888556fcd9750a4f8	8e36ce0834fc80af7e01201f219071d2074e6609f89991170e97ee70f80d3d7e	kcontrol/input/pics/mini/mouse.xpm
1998-11-30	49498bc37d8e75cf8e3c7db888556fcd9750a4f8	914635df45cd3c2692800ee3f574c531ac59b52b647736fb8f0999c6985d2f76	kcontrol/input/pics/mouse.xpm
1997-12-20	1b0a3b9c0a109417fc2ab243798f0c958b5fd6f8	5b7f81569e09cbd4f3aa152890c8b3bc12100973518fc1139e71eff721cdaac3	kcontrol/kcontrol/kcontrol.xpm
1999-08-05	b9ed7d6733f0d1cd74fd7270c9f281ec898b6b4d	c16451953a0118cbea4ed183332373b8b084334c399b065e748979769ceb53ca	kcontrol/kcontrol/large-kcontrol.xpm
1997-12-20	1b0a3b9c0a109417fc2ab243798f0c958b5fd6f8	1d1cc3c3751d128366820005da893c664cb0150c997f2bbe36c35a2c0134863d	kcontrol/kcontrol/mini-kcontrol.xpm
1998-03-07	3cf0a9ad18335083a4042d1526b2203c25b6cb95	943b7cfbe73f5257b5775dd9c53af229406654f4ff50225bf4d90f3c5c7f8cc5	kcontrol/kcontrol/pics/application_settings.xpm
1998-03-07	3cf0a9ad18335083a4042d1526b2203c25b6cb95	629739919faa27feaed7b90b42d627001e9c749d1fdfa2f4e4c51f1788011cca	kcontrol/kcontrol/pics/desktop_settings.xpm
1998-03-07	3cf0a9ad18335083a4042d1526b2203c25b6cb95	7c72c0e418388622c6f676398908ee105351c4f9fe6acabf540f672f37a76505	kcontrol/kcontrol/pics/general_settings.xpm
1998-03-07	3cf0a9ad18335083a4042d1526b2203c25b6cb95	9766c2de4f3c957c0faecebd5bb686cc34c34ae587ec88c39d8155ba3f69fbb3	kcontrol/kcontrol/pics/information_settings.xpm
1998-03-19	004a483d567e635ff9259ee7ef1b97684b90e853	784d8ea79e0a3b587cb2196c4b6b2b50c28c70d7d7452c0bb2b68dfe82369059	kcontrol/kcontrol/pics/input_devices_settings.xpm
1997-12-20	1b0a3b9c0a109417fc2ab243798f0c958b5fd6f8	109ddd3879d7c3299e2babbe86786e5d7bb8745a543825b3b71b41513bca8785	kcontrol/kcontrol/pics/kdekcc.xpm
1999-09-05	e4f0f925469eff45cb124e9452fb040e607e4b3a	50a802b1a2c132d199035c6118de5ab262c42f7d9461487f5a2c876b20860667	kcontrol/kcontrol/pics/large/desktop_settings.xpm
1998-03-07	3cf0a9ad18335083a4042d1526b2203c25b6cb95	569f411b396bcdbd92aab1b745d1bbdb6ec8c2acc37da2f8d8cbd6318fd9fa03	kcontrol/kcontrol/pics/mini/application_settings.xpm
1998-03-07	3cf0a9ad18335083a4042d1526b2203c25b6cb95	8514894317217d7b76cc77628ae4ae91419ba6c5ccc9f6d7ccbd2146f3fe41ce	kcontrol/kcontrol/pics/mini/desktop_settings.xpm
1998-03-07	3cf0a9ad18335083a4042d1526b2203c25b6cb95	5d712564257e9b6c6836688da8e3f795b2c78086ea97de8d21dcf257a6f3d741	kcontrol/kcontrol/pics/mini/general_settings.xpm
1998-03-07	3cf0a9ad18335083a4042d1526b2203c25b6cb95	ab4c8a5f61be92b2d653ebf0bf49185f67880744928f8183b2de4bf672a14299	kcontrol/kcontrol/pics/mini/information_settings.xpm
1998-03-19	004a483d567e635ff9259ee7ef1b97684b90e853	483c4de8a6d225b85887f9afa7f9ce241bcea170fb10ebf9b223acef42d899b3	kcontrol/kcontrol/pics/mini/input_devices_settings.xpm
1998-03-07	3cf0a9ad18335083a4042d1526b2203c25b6cb95	b561b5f55467e9cbe465f3f99f6e05134c51ac90db67a362edf15a40f5bec818	kcontrol/kcontrol/pics/mini/network_settings.xpm
1998-03-07	3cf0a9ad18335083a4042d1526b2203c25b6cb95	d187aced421f4a25c91a6eda55fc85e382b1cd32cd6b1cffb58c58813e94c1ec	kcontrol/kcontrol/pics/mini/panel_settings.xpm
1998-03-07	3cf0a9ad18335083a4042d1526b2203c25b6cb95	978bc9183d9d43217f22d334b7d94674fc78713e7d5605b0eb0d23365854d33b	kcontrol/kcontrol/pics/mini/sound_settings.xpm
1998-03-07	3cf0a9ad18335083a4042d1526b2203c25b6cb95	62533fdb66a72e4dedbc5c6c7a74eae1160804152e0b130b82289b6949c707c5	kcontrol/kcontrol/pics/network_settings.xpm
1998-03-07	3cf0a9ad18335083a4042d1526b2203c25b6cb95	80cbb42f2a177e5f89d70d20cd3a7c98e2b67186f208a5fc96e5e5ddafe89a12	kcontrol/kcontrol/pics/panel_settings.xpm
1998-03-07	3cf0a9ad18335083a4042d1526b2203c25b6cb95	a6c342e7cc48b76d3d24c836acc3a34d0f22c8d1e9677fada5adfcfc8d8b47d6	kcontrol/kcontrol/pics/sound_settings.xpm
1997-12-02	02679f8dd18f274fdbe2eb1f2476df0c80b13f8e	c906572559355615529f564043fa720589cea7545dadd21e0fe0b5181fc309a3	kcontrol/kdm/pics/kdm-appear.xpm
1997-12-02	02679f8dd18f274fdbe2eb1f2476df0c80b13f8e	4be15c5fcf304b36bdf24f95c397db709adb038c565ae6236eb74d962f978451	kcontrol/kdm/pics/kdm-backgnd.xpm
1997-12-02	02679f8dd18f274fdbe2eb1f2476df0c80b13f8e	b112bc5b57f89a1ad974ad9f70760a11b52c530eca9403360c449ca8a4255f73	kcontrol/kdm/pics/kdm-font.xpm
1997-12-02	02679f8dd18f274fdbe2eb1f2476df0c80b13f8e	1d9aa9491464d3f23c5b51cc90876349a445694102928addcf93bc2a17e699a5	kcontrol/kdm/pics/kdm-sessions.xpm
1997-12-02	02679f8dd18f274fdbe2eb1f2476df0c80b13f8e	c4fc014d88f85ea2aad242d49d4747ed6ac842e7cd0257a28dd96a40a089e8f3	kcontrol/kdm/pics/kdm-users.xpm
1997-12-02	02679f8dd18f274fdbe2eb1f2476df0c80b13f8e	39bbe54d1de4a0d9d429f820351cec3f82b73380ab3be19828f67be49d2570f2	kcontrol/kdm/pics/kdmconfig.xpm
1999-09-05	e4f0f925469eff45cb124e9452fb040e607e4b3a	f9e10c32fcd1e164881f29542b29c28306ef4f9ffb39e2bb96b57a6872beefda	kcontrol/kdm/pics/large-kdmconfig.xpm
1997-12-02	02679f8dd18f274fdbe2eb1f2476df0c80b13f8e	39bbe54d1de4a0d9d429f820351cec3f82b73380ab3be19828f67be49d2570f2	kcontrol/kdm/pics/mini-kdmconfig.xpm
1997-12-02	02679f8dd18f274fdbe2eb1f2476df0c80b13f8e	b13f01b21ac085e925ab23b86e777ee76dd61518f0126ddd5368e53c5ee0d364	kcontrol/kdm/pics/monitor.xpm
1998-12-29	a3a37fafb0508f474b0a68ae76cf3a75717615dc	a71f7c71c6358737fc6e51f5f591fea1684deedd92a23258d8d5b9af2c6a0b6a	kcontrol/kpanel/kcmkpanel.xpm
1998-12-29	a3a37fafb0508f474b0a68ae76cf3a75717615dc	715e8a8fbf9f0cc8098d5c4f401a8a926dfe86986ea75bc5bec58d392485b188	kcontrol/kpanel/mini-kcmkpanel.xpm
1998-03-22	2f8b9c0aa60181331f96f7178e896994e2947803	3b9e27655c0517b2dc87cdb760c00caa88c34d739061c8e24e710b7fc41a8779	kcontrol/krdb/kcs/AtlasGreen.kcsrc
1998-05-01	7151e9ad1a96063d1f7f9cc4c7e636327fd45e2f	30f9129597ccc2267a3cb738db82ede3aae171859e3a35e2a0c3d7cc940c6896	kcontrol/krdb/kcs/BeOS.kcsrc
1998-03-22	2f8b9c0aa60181331f96f7178e896994e2947803	322f79099f41153d5d44c724c0b13cc466568d189c8ff1d09a508bea3f6d9a03	kcontrol/krdb/kcs/BlueSlate.kcsrc
1998-03-22	2f8b9c0aa60181331f96f7178e896994e2947803	d9a1a2037af9eff7138ce87a5ced3793cefae4b8bbbba85ef473eea3ab2dabdd	kcontrol/krdb/kcs/CDE.kcsrc
1998-03-22	2f8b9c0aa60181331f96f7178e896994e2947803	e99bc91722d8e9773d715b4d0ac1e1685f682ae04ca6a0148e09e8b0955ec628	kcontrol/krdb/kcs/DesertRed.kcsrc
1998-03-22	2f8b9c0aa60181331f96f7178e896994e2947803	e274705c3c65929a0e544344259fdba47a7ad254aab4d2b0858e5d6d50887a5f	kcontrol/krdb/kcs/DigitalCDE.kcsrc
1998-03-22	2f8b9c0aa60181331f96f7178e896994e2947803	d2d28bb5efad39a110f1ea817b82faa7827c6d26b9bb91ae656073de73a90a8c	kcontrol/krdb/kcs/PaleGray.kcsrc
1998-05-01	988d31893d2df53b016ad206dcff75019f414559	08654346fac05917215b8f65bdcd6baa2516d19cacbf479be68ebd9d0dd06f92	kcontrol/krdb/kcs/Pumpkin.kcsrc
1998-03-22	2f8b9c0aa60181331f96f7178e896994e2947803	f5f9831e5ba5c7b65657b507c0718346158309c32acd5bebdeb00526f6353fab	kcontrol/krdb/kcs/SolarisCDE.kcsrc
1998-05-01	7151e9ad1a96063d1f7f9cc4c7e636327fd45e2f	9de11500ba001901c96a30a364bb18cc45551009a0f13af5f72ef53f27ab339d	kcontrol/krdb/kcs/Storm.kcsrc
1998-03-22	2f8b9c0aa60181331f96f7178e896994e2947803	6231b8a2234e805c6b0f2188beb16ddb9579597658b06319a60218a7e6b87261	kcontrol/krdb/kcs/Windows95.kcsrc
1998-11-25	652db80f78da53fae259182a08fb5fafc6b0ebd5	e0f10eaca6de7773e1e7bf9fece8993d1e7405a7d403b8daef1860df0aee22b1	kcontrol/kwm/buttons.xpm
1997-11-21	83c193b45271d95820500c9197573891cf4eefab	8e77f7df0e186c8dbd69056a19a932870ca8a2b33dd40e9d3a1a8cd35e24816e	kcontrol/kwm/kcmkwm.xpm
1997-11-16	c147bb4727a4d79fada40a8b7c2e8db8e79fac54	2181ad10fe92f6f4dd73f57b8afe9fbccb14462f8b0886190f3744b807f2c080	kcontrol/kwm/mini-buttons.xpm
1998-11-25	652db80f78da53fae259182a08fb5fafc6b0ebd5	6ec912251194aef59160945c37ea3f8251a4edf132c8ce66103a32f92423e8e1	kcontrol/kwm/mini-kcmkwm.xpm
1997-11-16	c147bb4727a4d79fada40a8b7c2e8db8e79fac54	2181ad10fe92f6f4dd73f57b8afe9fbccb14462f8b0886190f3744b807f2c080	kcontrol/kwm/mini-titlebar.xpm
1997-11-16	c147bb4727a4d79fada40a8b7c2e8db8e79fac54	32c17f2eab6645372068b63e2d54cedf9e6ce91e2518885d1824b4ab71fa74de	kcontrol/kwm/mini-windows.xpm
1998-10-06	2f7b181844a47b983f8fd5ba10e1d3bf5a1bbbe5	c80185310d1eaf5d260b41a9f26b67486aee861ae855590d6203fefac5b8c15b	kcontrol/kwm/mini-winprops.xpm
1999-09-05	e4f0f925469eff45cb124e9452fb040e607e4b3a	f9e241e3cf8cfa4bdc05506b0453619ba1ed3a45c81fee68eda3f7ea64edeade	kcontrol/kwm/pics/large/buttons.xpm
1999-09-05	e4f0f925469eff45cb124e9452fb040e607e4b3a	0408f22b27c3a1907540444204fa00f717c0621d07b6103c7c379123caf4856e	kcontrol/kwm/pics/large/properties.xpm
1999-09-05	e4f0f925469eff45cb124e9452fb040e607e4b3a	b52602d0512c8be9035da815fd0d97aff05dbf62c82c76b8307ee52519c4e14a	kcontrol/kwm/pics/large/titlebar.xpm
1998-11-25	652db80f78da53fae259182a08fb5fafc6b0ebd5	4f97188f122ab27b6ef420384374fe512d89430eade8377c0ead0c8520883515	kcontrol/kwm/properties.xpm
1998-11-25	652db80f78da53fae259182a08fb5fafc6b0ebd5	831e5b3d9d55433ed54a77dccac18d834767a5687f788c2103f23de7c8e2803c	kcontrol/kwm/titlebar.xpm
1999-09-05	e4f0f925469eff45cb124e9452fb040e607e4b3a	b9fe8a643fc2ad6b0f3804c3ba5c5f79f72188ada0f0b8dfbfd258906ae2fb0c	kcontrol/locale/large-locale.xpm
1998-04-16	d617aa528433eac8cecb35840a7916e7e3e7eb45	2390ccd03068840ea5bd0356e185775bc8903c84fdfef6278a07632645fce390	kcontrol/locale/locale.xpm
1998-04-16	d617aa528433eac8cecb35840a7916e7e3e7eb45	53bc0d9d530e0e27d4e9358e47cd4f93cf1f8d4d5b4fa262a17199cb8847bba8	kcontrol/locale/mini-locale.xpm
1998-01-15	ec5a7d0904e3e9f440ef387d115ba34fa492aed1	b4a2cb08f90de49e08397a0a280528043a822f64fb947956003265d837811760	kcontrol/locale/pics/flag_C.gif
1998-11-29	3a811089a32ebe3461af14031a5bb986d44a37e0	396573b1562d59e2e11f776647a87efa37543ea804953c29da0e7522d25a0238	kcontrol/locale/pics/flag_br.gif
1998-06-12	301823611b7d0b4c5a2b587274b6e47977f95dd7	e3766672b9dafc7df239cf3d7dae36c78073aa919475a8f3fc2a63ced72aed6f	kcontrol/locale/pics/flag_ca.gif
1998-01-15	ec5a7d0904e3e9f440ef387d115ba34fa492aed1	387d771e7daafd57f6e66be2d72eac47427eaa24bb741686d095878e3de6d81a	kcontrol/locale/pics/flag_cs.gif
1998-01-15	ec5a7d0904e3e9f440ef387d115ba34fa492aed1	317a51f1bc09a9cf2ce9c20af85d32111c946f94571aad4cbba395d07df7dd13	kcontrol/locale/pics/flag_da.gif
1998-01-15	ec5a7d0904e3e9f440ef387d115ba34fa492aed1	c52335c0ede587c5c01f778b2b3941cc6bce07fc28826b01b89aafc404f62b33	kcontrol/locale/pics/flag_de.gif
1999-03-03	5ba9ca62a29026f5c4613671d84be1d874063248	22f8770a016eb0186b02adb806278347866f663a61d66d073a6fe82bbac86317	kcontrol/locale/pics/flag_de_CH.gif
1998-01-15	ec5a7d0904e3e9f440ef387d115ba34fa492aed1	64ba0a0c0f522d0b7fa227aa4556961746fe9e5159bdc0897b2c8cf950c68bd3	kcontrol/locale/pics/flag_el.gif
1998-01-15	ec5a7d0904e3e9f440ef387d115ba34fa492aed1	3203ae9c9bc498ba6160aec1495a7f001333811328af3658cce815a281a64dfb	kcontrol/locale/pics/flag_en.gif
1998-05-01	18ff56a01a2bfc38a4839f67cc96d1e2eea82139	3203ae9c9bc498ba6160aec1495a7f001333811328af3658cce815a281a64dfb	kcontrol/locale/pics/flag_en_UK.gif
1998-07-18	6e58fe1e037d184e19b2ec16747414ded7f87b77	666801f5b18120ee1367b9b193429f42a7cf7001837b7732c01a718b1bf44581	kcontrol/locale/pics/flag_eo.gif
1998-01-15	ec5a7d0904e3e9f440ef387d115ba34fa492aed1	fefe33857fd679ab543ec8ea3cdcb81da8561e73fdc8db30baa61ae26834cc7b	kcontrol/locale/pics/flag_es.gif
1999-01-05	60ff87dacaff42c4bfa865a5d5b630c849567926	b088ffb9ec8b3a5797fa9f5d9810d01c21a674b9edb1ee49d36858f408af21e4	kcontrol/locale/pics/flag_et.gif
1998-01-15	ec5a7d0904e3e9f440ef387d115ba34fa492aed1	6510ac2fb4b9a7e460a0bf1bb6e013be7b04bfb2af224d5832f6683c1df01ff2	kcontrol/locale/pics/flag_fi.gif
1998-01-15	ec5a7d0904e3e9f440ef387d115ba34fa492aed1	ba601cf3cf12df13495d49ad84113bb2d47147ad8b933337fb61b5020437518f	kcontrol/locale/pics/flag_fr.gif
1999-02-01	b31d43e245a650cdbf0fe23c757e986e68045833	d765598172db10cd0ba4f08abcccf0a25eec19f99cf08149bdc11793493a0b27	kcontrol/locale/pics/flag_fr_CA.gif
1999-03-03	5ba9ca62a29026f5c4613671d84be1d874063248	22f8770a016eb0186b02adb806278347866f663a61d66d073a6fe82bbac86317	kcontrol/locale/pics/flag_fr_CH.gif
1998-12-07	a65b78fd640131e31a07b762ae67ff629f8ce3fa	64e76139a367fe629ef6a7c1041eab3334367411475ad951c71fad674eca59f9	kcontrol/locale/pics/flag_he.gif
1998-01-15	ec5a7d0904e3e9f440ef387d115ba34fa492aed1	7d479985cc14387406e7eecb1790faf3617bdb17696cfe281c79e80415722fbc	kcontrol/locale/pics/flag_hr.gif
1998-01-15	ec5a7d0904e3e9f440ef387d115ba34fa492aed1	ce7cd61d8c1bba1507907b6ccf317c2c98a7ca2829645c6db603559f03efbfca	kcontrol/locale/pics/flag_hu.gif
1998-10-04	0036f26cd5eedee252b184ebe4143d0be14c9cf6	2009da9154840a16ecb8bcc70a65b5fbe27afc32f02541b6a791f6566cc67290	kcontrol/locale/pics/flag_is.gif
1998-01-15	ec5a7d0904e3e9f440ef387d115ba34fa492aed1	b9dd23685aca79e8cbbd65d34b17b06bb19efaedbf425d252d8884ac82342f3f	kcontrol/locale/pics/flag_it.gif
1999-09-04	3fd90c82d8c5880203472c1dc70504b1f564ae51	87c71e8d59869be8fc9983828180188100233fb4bf784b97d9972568c7ff6102	kcontrol/locale/pics/flag_ja.gif
1999-09-04	3fd90c82d8c5880203472c1dc70504b1f564ae51	1c329b0cfb3876fae11da251e22c2e0015953e39ed53ff5063ebde1e2a1eb8cd	kcontrol/locale/pics/flag_ko.gif
1998-10-19	5e4f67b4d8ca3cf5ba5d35086e70ba050168d1c7	7cfa7e7b5a3f2f870d419e0d7a6d707275584239378dbfd89f796efd7311ee83	kcontrol/locale/pics/flag_mk.gif
1998-01-15	ec5a7d0904e3e9f440ef387d115ba34fa492aed1	7423df136c93bc88cacc43c4445a9891176aa6c32fa3aabe28399558761ddc9c	kcontrol/locale/pics/flag_nl.gif
1998-01-15	ec5a7d0904e3e9f440ef387d115ba34fa492aed1	a37fcc26216688f4c693e4251ae44f149e92d176b711237680d5ad6e9cce40d7	kcontrol/locale/pics/flag_no.gif
1998-01-15	ec5a7d0904e3e9f440ef387d115ba34fa492aed1	6554f8726dba405bbebffde025d297f70fec9bb3bf1c275f0a28d90a785ee1b4	kcontrol/locale/pics/flag_pl.gif
1998-01-15	ec5a7d0904e3e9f440ef387d115ba34fa492aed1	a986b20fd942cd9d7b3f8bb35f6327246524f1815cc29625146ff231dfbbaf11	kcontrol/locale/pics/flag_pt.gif
1998-06-19	d25e9a479f037160e451f4c233f9dae9d37c63ec	91b0f32a28df794bae889bceae3f343b653dcdf4cd8a323223e44804ad8a462b	kcontrol/locale/pics/flag_pt_BR.gif
1998-01-22	0658bbdcd1be0ea4fb10e1c9d38a79c16d865f5c	accb77a0cd8a08f929ad74c6dd14c24ebdf4928c74b7a33eec16d0a2c2121bff	kcontrol/locale/pics/flag_ro.gif
1998-01-15	ec5a7d0904e3e9f440ef387d115ba34fa492aed1	4b523ed5584bc14350602ed2b39fb041f0111d4af5c1be525c1b7fbde63c4a98	kcontrol/locale/pics/flag_ru.gif
1999-01-15	a2796384a52e3a3faf0fad547fbbe5de76ebedbd	27df49263f69d5adc8ff60084fbda904d8764847c2c6b2c869efa42e767a119e	kcontrol/locale/pics/flag_se.gif
1998-04-10	65df129152e9ed87391686b7892e232299187fbd	89fa7caebc714d7acbd07489b600ece4b072779b7e3ccc5c188d97d4b59088be	kcontrol/locale/pics/flag_sk.gif
1999-09-04	3fd90c82d8c5880203472c1dc70504b1f564ae51	ad3f77b81d879a50927bb1f547c79cec45547ca3f71b7600980ee373d8b83db4	kcontrol/locale/pics/flag_sl.gif
1998-01-15	ec5a7d0904e3e9f440ef387d115ba34fa492aed1	a1b529f0546e9076b20eaa6571c8fc4fa55c5c7728ab9b6a71b82edecadfd590	kcontrol/locale/pics/flag_sv.gif
1999-01-02	ab86ee079b0645a0f14b1604d3835ba19f27857f	220acca76436d5f9ee9fe2188608ae3418a9a63051fecceb8a14f2ba4dc8f0b7	kcontrol/locale/pics/flag_tr.gif
1999-02-01	b31d43e245a650cdbf0fe23c757e986e68045833	3da827ab60e4621b473bc59fde1c2c637858b59006288d550e861dbcd874e0ee	kcontrol/locale/pics/flag_us_eu.gif
1998-03-11	c6fa1fd53207b9e5a435966303742b72e0dbf1ff	33826c43c54cf1bb3ab889ed422832d51fd5fcbcd2242c1a9b2781fd68c0b33b	kcontrol/locale/pics/flag_zh.gif
1998-04-21	181ceb5dfd979122553c42b2f0db1d1e6b9f99de	33826c43c54cf1bb3ab889ed422832d51fd5fcbcd2242c1a9b2781fd68c0b33b	kcontrol/locale/pics/flag_zh_TW_Big5.gif
1997-11-16	c147bb4727a4d79fada40a8b7c2e8db8e79fac54	b36a6f1b32b050cbe047ecbff7513ff9399c8e2dfd80df6d7d5c01fe255394c0	kcontrol/samba/mini-smbstatus.xpm
1998-04-16	c230cb9ab9975bcf0a7963ae8630a4388846062e	82600f7d6a1d23e7f64e1ea7a2d58125d08292494c724e8c04255d4d00150ea2	kcontrol/samba/smbstatus.xpm
1997-11-16	c147bb4727a4d79fada40a8b7c2e8db8e79fac54	b36a6f1b32b050cbe047ecbff7513ff9399c8e2dfd80df6d7d5c01fe255394c0	kcontrol/sample/mini-sample.xpm
1999-09-05	e4f0f925469eff45cb124e9452fb040e607e4b3a	45a7b27d34fed6ae90aae03bfa36d438589c29e79ce54c082d67e402e86f8d7c	kcontrol/syssound/large-kcmsyssound.xpm
1998-02-03	35bc67bcdcb48148a8383e16acd53c0f7911ed6f	b36a6f1b32b050cbe047ecbff7513ff9399c8e2dfd80df6d7d5c01fe255394c0	kcontrol/syssound/mini-syssound.xpm
1999-09-02	f1bb687bd3f94696a279d3d60ff21a89f8de272a	5744720bf34072af08c560f52a64953a08565bfd2defa579920499f0910593c9	kcontrol/syssound/sounds/KDE_Close_Window.wav
1999-09-02	f1bb687bd3f94696a279d3d60ff21a89f8de272a	97ae551074d8015ac3d46e268152d94c04cec55c5ab1032d49a20eeb061fccdb	kcontrol/syssound/sounds/KDE_Logout.wav
1999-09-02	f1bb687bd3f94696a279d3d60ff21a89f8de272a	f4ffe87991d47f073335d9b910e0623af80084a23737ff6513251143307fb153	kcontrol/syssound/sounds/KDE_Startup.wav
1999-09-02	f1bb687bd3f94696a279d3d60ff21a89f8de272a	572f366d7cf16387fdbded80a20f8122b33fc543cc6a4a708a7cda5af856af0a	kcontrol/syssound/sounds/KDE_Window_DeIconify.wav
1999-09-02	f1bb687bd3f94696a279d3d60ff21a89f8de272a	0468ef302a3f8fadd7c6bf08b2a8e45522244b2ec75d9ae1d10cb4ee7f960ef2	kcontrol/syssound/sounds/KDE_Window_Iconify.wav
1999-09-02	f1bb687bd3f94696a279d3d60ff21a89f8de272a	d58b9fd3876b882102bcd55032f3d0e2ca94c3aad6d0fa98eca35222d6f22533	kcontrol/syssound/sounds/KDE_Window_Maximize.wav
1999-09-02	f1bb687bd3f94696a279d3d60ff21a89f8de272a	9c2444389e3f3f3c79e31b505267bdf9512cb5aa41b286dc759f41b24147efd1	kcontrol/syssound/sounds/KDE_Window_Shade_Down.wav
1999-09-02	f1bb687bd3f94696a279d3d60ff21a89f8de272a	e5ea4f090e4f60729f26b630fbad28de36d890bbab20cc4e8924a88715ede9d9	kcontrol/syssound/sounds/KDE_Window_Shade_Up.wav
1999-09-02	f1bb687bd3f94696a279d3d60ff21a89f8de272a	4d36fbbb6512f87d4616788eff400b5517943d8e950766bad5492864e474c5a0	kcontrol/syssound/sounds/KDE_Window_Sticky.wav
1999-09-02	f1bb687bd3f94696a279d3d60ff21a89f8de272a	3382ad5d51c07482c96ef4b7c0d7e80f1d010abbd641ccee3acbf781de3251ec	kcontrol/syssound/sounds/KDE_Window_UnMaximize.wav
1999-09-02	f1bb687bd3f94696a279d3d60ff21a89f8de272a	d3855e6b434da20a23afcd0749451d9a5cf7e6ea0f768f09f23c9d161165ead0	kcontrol/syssound/sounds/KDE_Window_UnSticky.wav
1998-02-03	35bc67bcdcb48148a8383e16acd53c0f7911ed6f	1d67318d216df1aeccd9caf9c45091ba6dca05372d88a8c7136047dda2247d94	kcontrol/syssound/syssound.xpm
1999-08-23	9c35b820a745a986578b26b8c2a224d5e5f37185	3715c61ed323d8c0ecad89d19e5f839391e01f9cb5dc4777ec3a88615ce1e542	kcontrol/thememgr/Themes/Astronique/Astronique.preview.jpg
1999-08-23	9c35b820a745a986578b26b8c2a224d5e5f37185	f105f95e70e4796d4742d1c055b1a17c880ffe1653376607b0c1c2d572d874a1	kcontrol/thememgr/Themes/Astronique/Astronique.themerc
1999-08-23	9c35b820a745a986578b26b8c2a224d5e5f37185	01c46d705fcaa20d7001d5b982336c88b80dee94541632a374ebf24cddbc8e88	kcontrol/thememgr/Themes/Astronique/close.xpm
1999-08-23	9c35b820a745a986578b26b8c2a224d5e5f37185	6816726cee801d44a0d11cc7e17654de6288ca2251bf79f9d83d1432031bcadc	kcontrol/thememgr/Themes/Astronique/iconify.xpm
1999-08-23	9c35b820a745a986578b26b8c2a224d5e5f37185	4fa719f423ed886680a00db5d42a5edff9b61bb6014efb93ac38b5d1f327be17	kcontrol/thememgr/Themes/Astronique/maximize.xpm
1999-08-23	9c35b820a745a986578b26b8c2a224d5e5f37185	59138319145465393336471d6cf846c716036ea83b1cc6c7c3184fe7216995ac	kcontrol/thememgr/Themes/Astronique/maximizedown.xpm
1999-08-23	9c35b820a745a986578b26b8c2a224d5e5f37185	a3e70327c235c9140b0058ebe8fe71b21cb00f61968d2cef337b046afd99a2e3	kcontrol/thememgr/Themes/Astronique/menu.xpm
1999-08-23	9c35b820a745a986578b26b8c2a224d5e5f37185	795d33f9b24c72338b894770bddb87cef31f149ad2c59bd1e5eb2a977872f619	kcontrol/thememgr/Themes/Astronique/wm_bottom.xpm
1999-08-23	9c35b820a745a986578b26b8c2a224d5e5f37185	dc3a43698f1956d6e88afd129e388c59a2690148859e1f80f58a9e721275faf8	kcontrol/thememgr/Themes/Astronique/wm_bottomleft.xpm
1999-08-23	9c35b820a745a986578b26b8c2a224d5e5f37185	aa7fbdcbe0c21c0af9ff70c87b772def5b7000a14f8e56e8298c979d70a98dcb	kcontrol/thememgr/Themes/Astronique/wm_bottomright.xpm
1999-08-23	9c35b820a745a986578b26b8c2a224d5e5f37185	16a2484c4a0313d8fb583c8a74f0478fab1028abef25fb2fca7e71fb04fb2124	kcontrol/thememgr/Themes/Astronique/wm_left.xpm
1999-08-23	9c35b820a745a986578b26b8c2a224d5e5f37185	a86ea31c05885076571c0452b181fec4e8651ae98c69b0ab744fe8c56fc1fd1a	kcontrol/thememgr/Themes/Astronique/wm_right.xpm
1999-08-23	9c35b820a745a986578b26b8c2a224d5e5f37185	6932d1fe5edfff0e90b7f3951bbe328f565b5cc0b176ce90b2b5af35b5f78626	kcontrol/thememgr/Themes/Astronique/wm_top.xpm
1999-08-23	9c35b820a745a986578b26b8c2a224d5e5f37185	4cce555e4c7eb300f1e2afc53c6f434e07f1bf36a3010d54592cdf0fe454893a	kcontrol/thememgr/Themes/Astronique/wm_topleft.xpm
1999-08-23	9c35b820a745a986578b26b8c2a224d5e5f37185	5d207b2a2d236652c3503854598d667de7dd65fbc084814a6968cbbfdceb44ca	kcontrol/thememgr/Themes/Astronique/wm_topright.xpm
1999-09-06	987ccd8805474a5c1ff604283682f26e2fed2c5d	75c225a43b8d4bc77552f76f9254c789917ad3e342b4cae00fc4ba014ad4a50d	kcontrol/thememgr/Themes/Bryce/Bryce.preview.jpg
1999-09-06	987ccd8805474a5c1ff604283682f26e2fed2c5d	cb1c66a2a1d7d3a9bcf6b4de191a1c2aa0c5e68dd617dc7b78227ce9e553e359	kcontrol/thememgr/Themes/Bryce/Bryce.themerc
1999-09-06	987ccd8805474a5c1ff604283682f26e2fed2c5d	afe401e56b125b2f26bd82c17ef56c59b8ce359ecdf982c3ca1b6f68621dd19a	kcontrol/thememgr/Themes/Bryce/activetitlebar.xpm
1999-09-06	987ccd8805474a5c1ff604283682f26e2fed2c5d	d91ba0911f966298ac64427dee6e780f36c53bfa53ab72540ec595e9cb8a47f0	kcontrol/thememgr/Themes/Bryce/bryce-background.jpg
1999-09-06	987ccd8805474a5c1ff604283682f26e2fed2c5d	b414bf27f94abfde5bc6f670964a855259ee0538479218d79d0a12a82191013a	kcontrol/thememgr/Themes/Bryce/close.xpm
1999-09-06	987ccd8805474a5c1ff604283682f26e2fed2c5d	0268f7ee7696054143c6229214f4d6f78fc685d984f5c3160e3e1397f9b0014d	kcontrol/thememgr/Themes/Bryce/iconify.xpm
1999-09-06	987ccd8805474a5c1ff604283682f26e2fed2c5d	c544e93fdc968adc806c22e08333e99827c80b3f3fe18b0f5a1ebf6af2517f54	kcontrol/thememgr/Themes/Bryce/inactivetitlebar.xpm
1999-09-06	987ccd8805474a5c1ff604283682f26e2fed2c5d	f57a098e32fa62a553e86ba218132a9255b58ef46f09d1e1b6972c9af984821d	kcontrol/thememgr/Themes/Bryce/maximize.xpm
1999-09-06	987ccd8805474a5c1ff604283682f26e2fed2c5d	85d5eb941de9a1023a40e85ba11a3ba45d6fa758f74177a863493bba40ffee20	kcontrol/thememgr/Themes/Bryce/maximizedown.xpm
1999-09-06	987ccd8805474a5c1ff604283682f26e2fed2c5d	71e8b584c6c1d55bbe3f0610adb2b05af6bc6d21327d42325d09d640a7caf6d4	kcontrol/thememgr/Themes/Bryce/wm_bottom.xpm
1999-09-06	987ccd8805474a5c1ff604283682f26e2fed2c5d	74011189a9be4af023b725c5e632ca4621bd64f55f7f184635671e1d7e70378b	kcontrol/thememgr/Themes/Bryce/wm_bottomleft.xpm
1999-09-06	987ccd8805474a5c1ff604283682f26e2fed2c5d	e0f8eb1e8f7a746f9bcacc3dafbd888125942c1c6524d823751b1123e5219b52	kcontrol/thememgr/Themes/Bryce/wm_bottomright.xpm
1999-09-06	987ccd8805474a5c1ff604283682f26e2fed2c5d	86bcada698f1568a1d3b24c4338097cb0b109f55b8e50b2678ac7c8774d1cf09	kcontrol/thememgr/Themes/Bryce/wm_left.xpm
1999-09-06	987ccd8805474a5c1ff604283682f26e2fed2c5d	d7465e66a937c89c914020cceac1ae53908ec1cd45ad230d3cc7276b7d347aa8	kcontrol/thememgr/Themes/Bryce/wm_right.xpm
1999-09-06	987ccd8805474a5c1ff604283682f26e2fed2c5d	0c36fcfffa98a4991a669ba8afb242e99e3b9ecd5dfe955b222fc52c71fc631f	kcontrol/thememgr/Themes/Bryce/wm_top.xpm
1999-09-06	987ccd8805474a5c1ff604283682f26e2fed2c5d	ac107ffd5e11adadee792f7e7b16bce1f27dc39009e2ff74f58bb6824b4eca59	kcontrol/thememgr/Themes/Bryce/wm_topleft.xpm
1999-09-06	987ccd8805474a5c1ff604283682f26e2fed2c5d	82f280deed7d564afea35f40c5db72f8ca5832ed17b3ff9a76a99b04b73e9cac	kcontrol/thememgr/Themes/Bryce/wm_topright.xpm
1998-12-03	46d6972b9716dcf26e0d483c9427b522b087fe51	a0019a1d6c082c31abb42b0e3a64731825652ddf359ea210fd7da58ea5cfd2ea	kcontrol/thememgr/Themes/Default.tar.gz
1998-12-19	cabc84c26bda2941e9f194a5f6450b49ccc2939b	4c0e0706174aac9b6a6e896d5a5a012f89054007d3eaad8e2110d3f4218cc6eb	kcontrol/thememgr/Themes/Default/Default.preview.jpg
1998-12-19	cabc84c26bda2941e9f194a5f6450b49ccc2939b	63b3a52ec4c03ba8e06c75da6bdbfba82f5845fcd3e5342422900c9eb33fbffd	kcontrol/thememgr/Themes/Default/Default.themerc
1999-08-22	16d2768f54faae4482412964617ad53e74a48da7	2babb370efe47764555c115b4dfe10a2125ec9f124171f3d70402861089e0df5	kcontrol/thememgr/Themes/Glax/Glax.jpg
1999-08-22	16d2768f54faae4482412964617ad53e74a48da7	4c1fed716106ace3d49d945e59e0ee6b44b08190d3274ceb14738b65695a5d26	kcontrol/thememgr/Themes/Glax/Glax.preview.jpg
1999-08-22	16d2768f54faae4482412964617ad53e74a48da7	9aa9e980aec6844ba9ee6bbe201440af42cfff8a7768a6f78062791d66f13900	kcontrol/thememgr/Themes/Glax/Glax.themerc
1999-08-22	16d2768f54faae4482412964617ad53e74a48da7	4d33d2f4ec12028d76be4533bbca7ac090c02114202fae7436c83871b3486863	kcontrol/thememgr/Themes/Glax/activetitlebar.xpm
1999-08-22	16d2768f54faae4482412964617ad53e74a48da7	e1fa1a592c454ff88ebb956ec2a17bd6da6fac843454bb00bce47e62ce41ed7d	kcontrol/thememgr/Themes/Glax/close.xpm
1999-08-26	39348c5b7c3368d8f97bd18bf019515a35f264ec	2e8cbab50951c8fb5b318bf9cb6e6e448aaec3ec73d45c7b19ec028895e3adf4	kcontrol/thememgr/Themes/Glax/glax.schema
1999-08-22	16d2768f54faae4482412964617ad53e74a48da7	a89f09ed89dd4f8d603515a2bdfed556984cb6d37a5e1ce35c0097adfac352bb	kcontrol/thememgr/Themes/Glax/iconify.xpm
1999-08-22	16d2768f54faae4482412964617ad53e74a48da7	51b016fb7458430dc1e7ae5a2dc624fa297c9604bbebb85ab37a54ab62d637e7	kcontrol/thememgr/Themes/Glax/inactivetitlebar.xpm
1999-08-26	39348c5b7c3368d8f97bd18bf019515a35f264ec	80a4bf190116d90c2447b5e80408d98c07d177763784b8214dec3c542642f610	kcontrol/thememgr/Themes/Glax/konsole-glax.jpg
1999-08-22	16d2768f54faae4482412964617ad53e74a48da7	5b716b80db1888f7b06c3dd1834823d808c572c38df4a3fb512a31dd9722aca4	kcontrol/thememgr/Themes/Glax/maximize.xpm
1999-08-22	16d2768f54faae4482412964617ad53e74a48da7	31ce312cd3fdb74f9c6dfc4536466844c092b105bba93747dc9f1582eacab324	kcontrol/thememgr/Themes/Glax/menu.xpm
1999-08-22	16d2768f54faae4482412964617ad53e74a48da7	3b6fcfd037acebf53fe82b9435c23d42fa9af8b00731c1450cd3ecb7934e12cb	kcontrol/thememgr/Themes/Glax/panel.xpm
1999-08-22	16d2768f54faae4482412964617ad53e74a48da7	5c6e1ac6825d96132c8a85fc63bdc75aae7ffebb7257909626e049cc552a2c91	kcontrol/thememgr/Themes/Glax/wm_bottom.xpm
1999-08-22	16d2768f54faae4482412964617ad53e74a48da7	d627b97f51b87bec34c7273eaaa8e3580b38849357ac9423e73d788b10a399bb	kcontrol/thememgr/Themes/Glax/wm_bottomleft.xpm
1999-08-22	16d2768f54faae4482412964617ad53e74a48da7	6b061f19f4f5355d548e1aa2ac366dd10b199859f77405d2979512c6499e1543	kcontrol/thememgr/Themes/Glax/wm_bottomright.xpm
1999-08-22	16d2768f54faae4482412964617ad53e74a48da7	266cc410ad4de7fbbab4a43ab54b0e171031bb6382299fd5213b8d417647f058	kcontrol/thememgr/Themes/Glax/wm_left.xpm
1999-08-22	16d2768f54faae4482412964617ad53e74a48da7	1838e27092d2437a5762805298705936d4c0feac605fbd39d523ca2b4940e429	kcontrol/thememgr/Themes/Glax/wm_right.xpm
1999-08-22	16d2768f54faae4482412964617ad53e74a48da7	eb7811b3c6d04a10b14ddd6e4a36cb6fe8c2dfd107104b03ec747e42a51200ad	kcontrol/thememgr/Themes/Glax/wm_top.xpm
1999-08-22	16d2768f54faae4482412964617ad53e74a48da7	9fe4033a4a47b18806d9f9ee76f43939f645c121447320ba55edbaad0fe1e105	kcontrol/thememgr/Themes/Glax/wm_topleft.xpm
1999-08-22	16d2768f54faae4482412964617ad53e74a48da7	89dad5ccecd6d99c7502f268200e692006c97b69ca319b04f3de5a7581941d58	kcontrol/thememgr/Themes/Glax/wm_topright.xpm
1998-12-19	a04f4597e5ed31cd73b37d7827cc77cf3b4cdecb	b5ea3af2c4f2b0074d9c64f7b945300570b7b1fc2922b076dc262ee139d7174d	kcontrol/thememgr/Themes/MGBreizh/MGBreizh.preview.jpg
1998-12-19	a04f4597e5ed31cd73b37d7827cc77cf3b4cdecb	acb97bf45680e27f9f75d71fc85125b459650e56375e669dc8629ddcbd2614ae	kcontrol/thememgr/Themes/MGBreizh/MGBreizh.themerc
1998-12-19	a04f4597e5ed31cd73b37d7827cc77cf3b4cdecb	4fe4fc2b4a5aaf3ad5eedee95cd2a5829c7bfaf1e43939b8c0cacb43764cb15b	kcontrol/thememgr/Themes/MGBreizh/activetitlebar.xpm
1998-12-19	a04f4597e5ed31cd73b37d7827cc77cf3b4cdecb	8048de7ddad26e367a8e08cc663f68508d9ac0d71d092addbecd7075d2680096	kcontrol/thememgr/Themes/MGBreizh/close.wav
1998-12-19	a04f4597e5ed31cd73b37d7827cc77cf3b4cdecb	fe5c2d06514e62b16891b5ce02fee2594b49d580fd9055846b5132ac83a22c8b	kcontrol/thememgr/Themes/MGBreizh/close.xpm
1998-12-19	a04f4597e5ed31cd73b37d7827cc77cf3b4cdecb	1be72374075e85db73201413af59e74337e666ebfad5d899541738750116168c	kcontrol/thememgr/Themes/MGBreizh/deiconify.wav
1998-12-19	a04f4597e5ed31cd73b37d7827cc77cf3b4cdecb	be53f29f8cebc9004b7c368f8c975b826f1e1430c3b22c3bbe680b57c835ee6e	kcontrol/thememgr/Themes/MGBreizh/desktops.wav
1998-12-19	a04f4597e5ed31cd73b37d7827cc77cf3b4cdecb	582c7f1ad5f2ca8bd5b8ac4417ce0c8e9c8f02a9db7ed1790dfdd5710e57a633	kcontrol/thememgr/Themes/MGBreizh/iconify.wav
1998-12-19	a04f4597e5ed31cd73b37d7827cc77cf3b4cdecb	26bdaed70a7a7d193056ee3bb02a50f8f50c1f03aa7ec20d14735a974955c1d6	kcontrol/thememgr/Themes/MGBreizh/iconify.xpm
1998-12-19	a04f4597e5ed31cd73b37d7827cc77cf3b4cdecb	4fe4fc2b4a5aaf3ad5eedee95cd2a5829c7bfaf1e43939b8c0cacb43764cb15b	kcontrol/thememgr/Themes/MGBreizh/inactivetitlebar.xpm
1998-12-19	a04f4597e5ed31cd73b37d7827cc77cf3b4cdecb	e5267051c62a9535bb1808275b7623db4d354e1240ad2c9388f7c7af43fbab70	kcontrol/thememgr/Themes/MGBreizh/kdegear.jpg
1998-12-19	a04f4597e5ed31cd73b37d7827cc77cf3b4cdecb	1be72374075e85db73201413af59e74337e666ebfad5d899541738750116168c	kcontrol/thememgr/Themes/MGBreizh/logoutmsg.wav
1998-12-19	a04f4597e5ed31cd73b37d7827cc77cf3b4cdecb	ea93192f1d29a7cbc8c473097516b22d52895589f417d249e9f00725d84ea7b8	kcontrol/thememgr/Themes/MGBreizh/maximize.wav
1998-12-19	a04f4597e5ed31cd73b37d7827cc77cf3b4cdecb	7d4452e8dd0ea2c719b5478b6c2e714408a12efbb9b4834a14f89fd3a2591d6d	kcontrol/thememgr/Themes/MGBreizh/maximize.xpm
1998-12-19	a04f4597e5ed31cd73b37d7827cc77cf3b4cdecb	12dd9c291e31bb564afcf18fac446941d9a4af52d1b7b020cc380fc37fd4c441	kcontrol/thememgr/Themes/MGBreizh/menu.xpm
1998-12-19	a04f4597e5ed31cd73b37d7827cc77cf3b4cdecb	4fe4fc2b4a5aaf3ad5eedee95cd2a5829c7bfaf1e43939b8c0cacb43764cb15b	kcontrol/thememgr/Themes/MGBreizh/panel.xpm
1998-12-19	a04f4597e5ed31cd73b37d7827cc77cf3b4cdecb	37f1919503a18a84456182a2cb8b3475c9e0117d51a983554857238e860b1f89	kcontrol/thememgr/Themes/MGBreizh/startup.wav
1998-12-19	a04f4597e5ed31cd73b37d7827cc77cf3b4cdecb	c0cdcf7796775e81b7824071be18066fb94c5160541f354cae5da4e96343f963	kcontrol/thememgr/Themes/MGBreizh/unmaximize.wav
1998-12-19	a04f4597e5ed31cd73b37d7827cc77cf3b4cdecb	afa93636b636522952dfe3afb6adef5ff6df3a0b25e0938af934a5b5176d8be8	kcontrol/thememgr/Themes/MGBreizh/wm_bottom.xpm
1998-12-19	a04f4597e5ed31cd73b37d7827cc77cf3b4cdecb	b3237d2d18e2e51518ad98736a7501890f44b9595bc75e902a595da384ef9f03	kcontrol/thememgr/Themes/MGBreizh/wm_bottomleft.xpm
1998-12-19	a04f4597e5ed31cd73b37d7827cc77cf3b4cdecb	b3b67ce60deeb5c80eb59778c856b8b24de459470087c456719d4ec21c72eed3	kcontrol/thememgr/Themes/MGBreizh/wm_bottomright.xpm
1998-12-19	a04f4597e5ed31cd73b37d7827cc77cf3b4cdecb	fe3fd022cc7b28121e1719de2800c475e643be2f54aca0da0f31b324d391fdf8	kcontrol/thememgr/Themes/MGBreizh/wm_left.xpm
1998-12-19	a04f4597e5ed31cd73b37d7827cc77cf3b4cdecb	fb558b5ce775384147fd5a41d763509569f79e675b20d5201baf61be68401d35	kcontrol/thememgr/Themes/MGBreizh/wm_right.xpm
1998-12-19	a04f4597e5ed31cd73b37d7827cc77cf3b4cdecb	7cbaaf8c497175c58baf3185bf51f93d4dcda3b4259fa7ef3cfecd8a75b73ebb	kcontrol/thememgr/Themes/MGBreizh/wm_top.xpm
1998-12-19	a04f4597e5ed31cd73b37d7827cc77cf3b4cdecb	f99a9d74ee6d4c2cbd4b87de3dd0d7b8cf321dcce8e6666cafc0e014508e20da	kcontrol/thememgr/Themes/MGBreizh/wm_topleft.xpm
1998-12-19	a04f4597e5ed31cd73b37d7827cc77cf3b4cdecb	2df0f5b9afeb8d584f61e1c509ba0ad91f3c747c7a4def1c93ad8ac7f39f7f96	kcontrol/thememgr/Themes/MGBreizh/wm_topright.xpm
1998-12-03	46d6972b9716dcf26e0d483c9427b522b087fe51	18baba3052fd0cdb6efeb88d0e9902708f8abec6a15e607c9f17273a14146666	kcontrol/thememgr/Themes/MacOS.tar.gz
1998-12-19	a04f4597e5ed31cd73b37d7827cc77cf3b4cdecb	dfb300379590f111c5ced48245b5bf32a2f5525e32b863cea7505ed4487d510b	kcontrol/thememgr/Themes/MacOS/MacOS.preview.jpg
1998-12-19	a04f4597e5ed31cd73b37d7827cc77cf3b4cdecb	172e3fbd92229333df3dbfa0aa87029eea3bc2253404e7be59960b387f4da165	kcontrol/thememgr/Themes/MacOS/MacOS.themerc
1998-12-19	a04f4597e5ed31cd73b37d7827cc77cf3b4cdecb	0dcbbc9cd2108fb94048f6e654a4bd81b4c8517540396dc6c32ddb74ea6e59c3	kcontrol/thememgr/Themes/MacOS/active.xpm
1998-12-19	a04f4597e5ed31cd73b37d7827cc77cf3b4cdecb	97bbff47ff2049a7234bacd654372987009fceb706cdc2a44c3a7ad40a4f2865	kcontrol/thememgr/Themes/MacOS/bottom.xpm
1998-12-19	a04f4597e5ed31cd73b37d7827cc77cf3b4cdecb	8749feb6359332cc78ea6111cae1086c1af33543dbd21b8ffa4aa78aa2b93420	kcontrol/thememgr/Themes/MacOS/bottomleft.xpm
1998-12-19	a04f4597e5ed31cd73b37d7827cc77cf3b4cdecb	fbb6670ab4ed28b794f8f2f1abbe01fd7f132f63f9b7e7513877127ed77e5695	kcontrol/thememgr/Themes/MacOS/bottomright.xpm
1998-12-26	95c7c353de51ca38300555b4847f5e6c34018a97	1dafbc5e2143569a254865990e04eff2b5cd4d81623a568b6c8a492da2ec5b41	kcontrol/thememgr/Themes/MacOS/cdrom.xpm
1998-12-19	a04f4597e5ed31cd73b37d7827cc77cf3b4cdecb	9f3cd834b2ce42cc339cf35143a83e109dc98852b287cad35cf062670e69a594	kcontrol/thememgr/Themes/MacOS/clap.wav
1998-12-19	a04f4597e5ed31cd73b37d7827cc77cf3b4cdecb	ee8b433416b62e1ae69c57dbc79da38b58c0310644fda1f0ad40921ef032b5e6	kcontrol/thememgr/Themes/MacOS/close.xpm
1998-12-19	a04f4597e5ed31cd73b37d7827cc77cf3b4cdecb	82078d290b7cc7ed370d6d6e4d9f9ddd22272d09eb4a53f9f6c3eaead84b875e	kcontrol/thememgr/Themes/MacOS/desktop.jpg
1998-12-26	95c7c353de51ca38300555b4847f5e6c34018a97	0a5a1feb46f2f56638e07f6a2c9aca1b8460b562777a30519333aebcfaf94fbd	kcontrol/thememgr/Themes/MacOS/desktop2.jpg
1998-12-26	95c7c353de51ca38300555b4847f5e6c34018a97	3e2fe8fdb20b9c6c9f9a4e5b0acfed87496e3387c0cea6e6714a9428dbcccfeb	kcontrol/thememgr/Themes/MacOS/extensions-folder.xpm
1998-12-26	95c7c353de51ca38300555b4847f5e6c34018a97	34955d1dc272bb9d9e4f00bccbb24d6048da5954e4a6506880b784387bcd2cc6	kcontrol/thememgr/Themes/MacOS/folder.xpm
1998-12-26	95c7c353de51ca38300555b4847f5e6c34018a97	682c6313fd9f6ffa826a75460c3a7538184c43963326bbb756d55125b56498c1	kcontrol/thememgr/Themes/MacOS/harddrive.xpm
1998-12-19	a04f4597e5ed31cd73b37d7827cc77cf3b4cdecb	0cbc1d04647f746c37d2ebca437e4c5043f12f11a40d3a2f33ddc32d654bbd24	kcontrol/thememgr/Themes/MacOS/iconify.xpm
1998-12-19	a04f4597e5ed31cd73b37d7827cc77cf3b4cdecb	3a69ae84f7c116dfc117819244d465c76f75bb8a2a6bb00b4e8a9aee3f1c2712	kcontrol/thememgr/Themes/MacOS/inactive.xpm
1998-12-26	95c7c353de51ca38300555b4847f5e6c34018a97	1cfcf83c60b72d440071413ab0df75912668c36a54f21285628f7bd8d7c9cc9f	kcontrol/thememgr/Themes/MacOS/inactivetitlebar.xpm
1998-12-19	a04f4597e5ed31cd73b37d7827cc77cf3b4cdecb	043c152342b8f991e1253ced529c19d6ec7a8a272329d7c4a2fa7eefc994c099	kcontrol/thememgr/Themes/MacOS/left.xpm
1998-12-19	a04f4597e5ed31cd73b37d7827cc77cf3b4cdecb	1c5b30188c7068438eeab3d15c4843a61481d022f1bcade08496b841e45a7da4	kcontrol/thememgr/Themes/MacOS/marbles.wav
1998-12-19	a04f4597e5ed31cd73b37d7827cc77cf3b4cdecb	8ecd79a0e424fcc1a8e416f194b80df434d074b4f8100e56fe52f1a60afd2400	kcontrol/thememgr/Themes/MacOS/maximize.xpm
1998-12-19	a04f4597e5ed31cd73b37d7827cc77cf3b4cdecb	fb39368cd3d12e5147d12c20f4ea9d76825b0b0395d5dbeedad9f1f33081ec75	kcontrol/thememgr/Themes/MacOS/maximizedown.xpm
1998-12-19	a04f4597e5ed31cd73b37d7827cc77cf3b4cdecb	d0d5a5208ccb6bf8e2c09d36e5069a600ecc72190c3470befa1c334bd72c856c	kcontrol/thememgr/Themes/MacOS/menu.xpm
1998-12-26	95c7c353de51ca38300555b4847f5e6c34018a97	aa26407b606b98b88e19e4a9903dfced4ede70e4198aaa00f803257298ac527a	kcontrol/thememgr/Themes/MacOS/mini-folder.xpm
1998-12-26	95c7c353de51ca38300555b4847f5e6c34018a97	d323cd16a0acb335f62384997a674eb7ce8b05f58fe4dce276499b32c413aeda	kcontrol/thememgr/Themes/MacOS/mini-trashempty.xpm
1998-12-26	95c7c353de51ca38300555b4847f5e6c34018a97	9ed353aab3112df8691d0561c84d7846b26383d8e328c81aa7421d70e517f479	kcontrol/thememgr/Themes/MacOS/mini-trashfull.xpm
1998-12-19	a04f4597e5ed31cd73b37d7827cc77cf3b4cdecb	d8b23eef1a4b11900fa34fbbb21ad754e345e707f766e70651ef4eb1e1febab1	kcontrol/thememgr/Themes/MacOS/panel.xpm
1998-12-19	a04f4597e5ed31cd73b37d7827cc77cf3b4cdecb	752f0bb8e9e1096af02e7bfc77facf9ce2bc02100b6c0d6945d13fde3b67511e	kcontrol/thememgr/Themes/MacOS/pindown.xpm
1998-12-19	a04f4597e5ed31cd73b37d7827cc77cf3b4cdecb	ffe0f6d5b31f11be5ef5ffbda26d66b5c88e18dfaba2b9d13bb9e186ca7293ac	kcontrol/thememgr/Themes/MacOS/pinup.xpm
1998-12-19	a04f4597e5ed31cd73b37d7827cc77cf3b4cdecb	0d8e404891e9bcb20b2987f7b150c855a9f89b8e53988c781f6da48de31eb147	kcontrol/thememgr/Themes/MacOS/right.xpm
1998-12-26	95c7c353de51ca38300555b4847f5e6c34018a97	3dce661c6d8cf538f7e18ff35a1aa4bf8f8d19713ef76511d7cea3ba04e745ef	kcontrol/thememgr/Themes/MacOS/startup-folder.xpm
1998-12-19	a04f4597e5ed31cd73b37d7827cc77cf3b4cdecb	4f3fd985b60fd733b2e7a7d1904b56361d8a56e29ac70d5283c4fd4fec258d3c	kcontrol/thememgr/Themes/MacOS/top.xpm
1998-12-19	a04f4597e5ed31cd73b37d7827cc77cf3b4cdecb	4688071e592ce49e97d222c9531a53661e213ddd2449ef56f9cf05c954239be7	kcontrol/thememgr/Themes/MacOS/topleft.xpm
1998-12-19	a04f4597e5ed31cd73b37d7827cc77cf3b4cdecb	c97b451d3cfa74a29c1f4d7be7a640af4c8d15c2f3429c206b4b47b3f4490bfc	kcontrol/thememgr/Themes/MacOS/topright.xpm
1998-12-20	b2d1847ee66724c8b339cae71b6bba51cdd9de84	dc88ad560c51fdf662ec2f4a122fc180975a20dc062b6021ca82222aa62f5ca3	kcontrol/thememgr/Themes/MacOS/trash-full.xpm
1998-12-20	b2d1847ee66724c8b339cae71b6bba51cdd9de84	e2bc415bcf0818eab52b0ffa1f039bbefa760ca867f9b169e9044643bc00283e	kcontrol/thememgr/Themes/MacOS/trash.xpm
1998-12-26	95c7c353de51ca38300555b4847f5e6c34018a97	0c41d06156703e08619dca52944f33a03ff353043b0e8718f697ee4d54be589f	kcontrol/thememgr/Themes/MacOS/trashempty.xpm
1998-12-26	95c7c353de51ca38300555b4847f5e6c34018a97	85cd8a5c3477b445c3faf30cfb331c980f2fd316abcee1941226b8b8263ab9f4	kcontrol/thememgr/Themes/MacOS/trashfull.xpm
1998-12-26	95c7c353de51ca38300555b4847f5e6c34018a97	8df1e7f619e1d09826a92ed0e260f568058872fc0f4cab2644957a0bf631bf6a	kcontrol/thememgr/Themes/MacOS/wm_bottom.xpm
1998-12-26	95c7c353de51ca38300555b4847f5e6c34018a97	898ae40b51447e2ecf3dd6b07e4b25717f873b2d7186ca6890f145335d6455f6	kcontrol/thememgr/Themes/MacOS/wm_bottomleft.xpm
1998-12-26	95c7c353de51ca38300555b4847f5e6c34018a97	ced5086b0d28906fd1f95835620e484a11c8fbabee02379c2e11526188f3a2c4	kcontrol/thememgr/Themes/MacOS/wm_bottomright.xpm
1998-12-26	95c7c353de51ca38300555b4847f5e6c34018a97	d5403fbdaf429b3000b2ffdfe06645739e610f9988ef1172c4479b73bfe77c50	kcontrol/thememgr/Themes/MacOS/wm_left.xpm
1998-12-26	95c7c353de51ca38300555b4847f5e6c34018a97	c32a86673b7257adc0d3d356765d890d623c22aa046d89a21668e408d90b773a	kcontrol/thememgr/Themes/MacOS/wm_right.xpm
1998-12-26	95c7c353de51ca38300555b4847f5e6c34018a97	7e2a96aa092851c0ead09281b24114b3f1a5b24c9bce3d69ce55e90f0d9197aa	kcontrol/thememgr/Themes/MacOS/wm_top.xpm
1998-12-26	95c7c353de51ca38300555b4847f5e6c34018a97	f6cc32da2ee49b85df6468cac41f464f51561da8b0bccfb1e8ff5c95275a2b87	kcontrol/thememgr/Themes/MacOS/wm_topleft.xpm
1998-12-26	95c7c353de51ca38300555b4847f5e6c34018a97	2c5333347fd95a1378e594e9e405014c7b232c0e0b27197136d0ecaa07ace457	kcontrol/thememgr/Themes/MacOS/wm_topright.xpm
1999-07-25	71c58bd0bebb8607997c705a73defc63e7fd331c	bde466d07b088dc2e64a1eb4e0692d451ebd168169744b0cd533c854279276c2	kcontrol/thememgr/Themes/Nostalgy/Nostalgy.jpg
1999-07-25	71c58bd0bebb8607997c705a73defc63e7fd331c	78d37938916187c2a184ed8a050f66d1acfaad79a9a3fb3e41f073f4a34eef7a	kcontrol/thememgr/Themes/Nostalgy/Nostalgy.preview.jpg
1999-07-25	71c58bd0bebb8607997c705a73defc63e7fd331c	c736fbcea5630c7592ebf23decf19b7ced75618e93547d901a4e285fa1bd4e64	kcontrol/thememgr/Themes/Nostalgy/Nostalgy.themerc
1999-07-25	71c58bd0bebb8607997c705a73defc63e7fd331c	e23ff835c3c7a510be5168e7ae7c53b0b9307b17a6f601852a7357278383e353	kcontrol/thememgr/Themes/Nostalgy/activetitlebar.xpm
1999-07-25	71c58bd0bebb8607997c705a73defc63e7fd331c	8fb66374339fcb1dc5f4d5a687c7e68117975ff69fe4e5e1acca960b25f2795f	kcontrol/thememgr/Themes/Nostalgy/close.xpm
1999-07-25	71c58bd0bebb8607997c705a73defc63e7fd331c	e00337e89cd36a345014b6a52d3331e61355a06269993a2ff18c3ee34981c521	kcontrol/thememgr/Themes/Nostalgy/iconify.xpm
1999-07-25	71c58bd0bebb8607997c705a73defc63e7fd331c	03e10ecfbfcf5e66153d5608239206008ad6e37c6b986e73d2541d70672f337b	kcontrol/thememgr/Themes/Nostalgy/inactivetitlebar.xpm
1999-07-25	71c58bd0bebb8607997c705a73defc63e7fd331c	f3f73624937658a58796dc428cc97b109a5277619d1eda737626c7accf6f1530	kcontrol/thememgr/Themes/Nostalgy/maximize.xpm
1999-07-25	71c58bd0bebb8607997c705a73defc63e7fd331c	3355e21ad910c2857884a2e2266235dc8313846ce055acfb9693d0802dcd2214	kcontrol/thememgr/Themes/Nostalgy/maximizedown.xpm
1999-07-25	71c58bd0bebb8607997c705a73defc63e7fd331c	8df1e7f619e1d09826a92ed0e260f568058872fc0f4cab2644957a0bf631bf6a	kcontrol/thememgr/Themes/Nostalgy/wm_bottom.xpm
1999-07-25	71c58bd0bebb8607997c705a73defc63e7fd331c	898ae40b51447e2ecf3dd6b07e4b25717f873b2d7186ca6890f145335d6455f6	kcontrol/thememgr/Themes/Nostalgy/wm_bottomleft.xpm
1999-07-25	71c58bd0bebb8607997c705a73defc63e7fd331c	ced5086b0d28906fd1f95835620e484a11c8fbabee02379c2e11526188f3a2c4	kcontrol/thememgr/Themes/Nostalgy/wm_bottomright.xpm
1999-07-25	71c58bd0bebb8607997c705a73defc63e7fd331c	d5403fbdaf429b3000b2ffdfe06645739e610f9988ef1172c4479b73bfe77c50	kcontrol/thememgr/Themes/Nostalgy/wm_left.xpm
1999-07-25	71c58bd0bebb8607997c705a73defc63e7fd331c	c32a86673b7257adc0d3d356765d890d623c22aa046d89a21668e408d90b773a	kcontrol/thememgr/Themes/Nostalgy/wm_right.xpm
1999-07-25	71c58bd0bebb8607997c705a73defc63e7fd331c	7e2a96aa092851c0ead09281b24114b3f1a5b24c9bce3d69ce55e90f0d9197aa	kcontrol/thememgr/Themes/Nostalgy/wm_top.xpm
1999-07-25	71c58bd0bebb8607997c705a73defc63e7fd331c	f6cc32da2ee49b85df6468cac41f464f51561da8b0bccfb1e8ff5c95275a2b87	kcontrol/thememgr/Themes/Nostalgy/wm_topleft.xpm
1999-07-25	71c58bd0bebb8607997c705a73defc63e7fd331c	2c5333347fd95a1378e594e9e405014c7b232c0e0b27197136d0ecaa07ace457	kcontrol/thememgr/Themes/Nostalgy/wm_topright.xpm
1998-12-03	46d6972b9716dcf26e0d483c9427b522b087fe51	33b5cbbe422eab0c7b2a5aae0a79ccf5260342b5b1a1d3de379f33bba8ef9511	kcontrol/thememgr/Themes/Template.themerc
1998-12-03	46d6972b9716dcf26e0d483c9427b522b087fe51	acbd0a082b6a664f70b73bfb26536040575a7b2ca8197279f91dc7f55296dfc4	kcontrol/thememgr/Themes/Wood.tar.gz
1998-12-19	a04f4597e5ed31cd73b37d7827cc77cf3b4cdecb	fd677b204dd3233d6b37d1c3f2cbfa643759e476d9668ae991a25686a7b897a1	kcontrol/thememgr/Themes/Wood/Wood.preview.jpg
1998-12-19	a04f4597e5ed31cd73b37d7827cc77cf3b4cdecb	cf141e5ff54885baadf5db8c415796b49c2434d538aae8a1471b424c9ade9784	kcontrol/thememgr/Themes/Wood/Wood.themerc
1998-12-19	a04f4597e5ed31cd73b37d7827cc77cf3b4cdecb	d3ddf8c7781610e5bdbe6c1960487d48aecd66545e9a78c58cc7dbb2ee4422bf	kcontrol/thememgr/Themes/Wood/bottom.xpm
1998-12-19	a04f4597e5ed31cd73b37d7827cc77cf3b4cdecb	4cfcd3f312eb6368ccfd3195159a34cc1b16ecd1b73132804523eafb214b0b4a	kcontrol/thememgr/Themes/Wood/bottomleft.xpm
1998-12-19	a04f4597e5ed31cd73b37d7827cc77cf3b4cdecb	69e324019d372c19b67f3883bc42bf75cfc95f1f0cf70f58b9e033bc8ad3c383	kcontrol/thememgr/Themes/Wood/bottomright.xpm
1998-12-19	a04f4597e5ed31cd73b37d7827cc77cf3b4cdecb	9f9234970799986e64234e752fee5e20a8e3f6945624145f76ff6537e8475204	kcontrol/thememgr/Themes/Wood/inactivetitle.xpm
1998-12-19	a04f4597e5ed31cd73b37d7827cc77cf3b4cdecb	4775e86b9385d9b3fbfd80976c5493c01c01bddbc94207743c40e9d903dc9f89	kcontrol/thememgr/Themes/Wood/left.xpm
1998-12-19	a04f4597e5ed31cd73b37d7827cc77cf3b4cdecb	017c985a97ccb0c0b56fcb2c09db65b52de0ba2ab827cda56a6889aae9e67950	kcontrol/thememgr/Themes/Wood/panel.xpm
1998-12-19	a04f4597e5ed31cd73b37d7827cc77cf3b4cdecb	cbf5058a7eb64a10943e92c2cdde846b2b1bf5fb27a80bd8bcf1c4639104ff13	kcontrol/thememgr/Themes/Wood/right.xpm
1998-12-19	a04f4597e5ed31cd73b37d7827cc77cf3b4cdecb	8c57ebf7310fa98137b616da3accf474a8dd0d69f6d7a9cd568cba0725205988	kcontrol/thememgr/Themes/Wood/titlebar.xpm
1998-12-19	a04f4597e5ed31cd73b37d7827cc77cf3b4cdecb	eaa256e1aa78f032a54fafce61c78b4a8e50276d2a67df11cb7d603f7817fc2f	kcontrol/thememgr/Themes/Wood/top.xpm
1998-12-19	a04f4597e5ed31cd73b37d7827cc77cf3b4cdecb	c1800812cbdd51360983e948b9cd94c83e4ad64f854b42584b5f9acd7b3af4a7	kcontrol/thememgr/Themes/Wood/topleft.xpm
1998-12-19	a04f4597e5ed31cd73b37d7827cc77cf3b4cdecb	6411cfa94ec4ad63ebe88a67d86c415ef84de888fd85993642fbef184931893c	kcontrol/thememgr/Themes/Wood/topright.xpm
1998-12-19	a04f4597e5ed31cd73b37d7827cc77cf3b4cdecb	9c591f8fd53e3cd33f3c424a132c9466756a308585cad69fecd19afbbf7ffb7f	kcontrol/thememgr/Themes/Wood/wallpaper.jpg
1999-01-12	7b23fcc7c45e9853261acd1c13b29ab8b6413e73	bc5c225b0de88b5c38a42e8be50cf0af55cc03b967a76dc742f5a571eb983c27	kcontrol/thememgr/doc/logotp3.gif
1998-12-03	46d6972b9716dcf26e0d483c9427b522b087fe51	afdc3fa1bcaa1218e691eb557d5d240239145a9e740bfca974f49716a478f46e	kcontrol/thememgr/kthememgr.xpm
1998-12-03	46d6972b9716dcf26e0d483c9427b522b087fe51	8ec56963321433f0fcd25b0808351feefee1ab638e6922bb2435cc72eb2f6da3	kcontrol/thememgr/mini-kthememgr.xpm
1999-08-23	9c35b820a745a986578b26b8c2a224d5e5f37185	3715c61ed323d8c0ecad89d19e5f839391e01f9cb5dc4777ec3a88615ce1e542	kcontrol/themes/Themes/Astronique/Astronique.preview.jpg
1999-08-23	9c35b820a745a986578b26b8c2a224d5e5f37185	f105f95e70e4796d4742d1c055b1a17c880ffe1653376607b0c1c2d572d874a1	kcontrol/themes/Themes/Astronique/Astronique.themerc
1999-08-23	9c35b820a745a986578b26b8c2a224d5e5f37185	01c46d705fcaa20d7001d5b982336c88b80dee94541632a374ebf24cddbc8e88	kcontrol/themes/Themes/Astronique/close.xpm
1999-08-23	9c35b820a745a986578b26b8c2a224d5e5f37185	6816726cee801d44a0d11cc7e17654de6288ca2251bf79f9d83d1432031bcadc	kcontrol/themes/Themes/Astronique/iconify.xpm
1999-08-23	9c35b820a745a986578b26b8c2a224d5e5f37185	4fa719f423ed886680a00db5d42a5edff9b61bb6014efb93ac38b5d1f327be17	kcontrol/themes/Themes/Astronique/maximize.xpm
1999-08-23	9c35b820a745a986578b26b8c2a224d5e5f37185	59138319145465393336471d6cf846c716036ea83b1cc6c7c3184fe7216995ac	kcontrol/themes/Themes/Astronique/maximizedown.xpm
1999-08-23	9c35b820a745a986578b26b8c2a224d5e5f37185	a3e70327c235c9140b0058ebe8fe71b21cb00f61968d2cef337b046afd99a2e3	kcontrol/themes/Themes/Astronique/menu.xpm
1999-08-23	9c35b820a745a986578b26b8c2a224d5e5f37185	795d33f9b24c72338b894770bddb87cef31f149ad2c59bd1e5eb2a977872f619	kcontrol/themes/Themes/Astronique/wm_bottom.xpm
1999-08-23	9c35b820a745a986578b26b8c2a224d5e5f37185	dc3a43698f1956d6e88afd129e388c59a2690148859e1f80f58a9e721275faf8	kcontrol/themes/Themes/Astronique/wm_bottomleft.xpm
1999-08-23	9c35b820a745a986578b26b8c2a224d5e5f37185	aa7fbdcbe0c21c0af9ff70c87b772def5b7000a14f8e56e8298c979d70a98dcb	kcontrol/themes/Themes/Astronique/wm_bottomright.xpm
1999-08-23	9c35b820a745a986578b26b8c2a224d5e5f37185	16a2484c4a0313d8fb583c8a74f0478fab1028abef25fb2fca7e71fb04fb2124	kcontrol/themes/Themes/Astronique/wm_left.xpm
1999-08-23	9c35b820a745a986578b26b8c2a224d5e5f37185	a86ea31c05885076571c0452b181fec4e8651ae98c69b0ab744fe8c56fc1fd1a	kcontrol/themes/Themes/Astronique/wm_right.xpm
1999-08-23	9c35b820a745a986578b26b8c2a224d5e5f37185	6932d1fe5edfff0e90b7f3951bbe328f565b5cc0b176ce90b2b5af35b5f78626	kcontrol/themes/Themes/Astronique/wm_top.xpm
1999-08-23	9c35b820a745a986578b26b8c2a224d5e5f37185	4cce555e4c7eb300f1e2afc53c6f434e07f1bf36a3010d54592cdf0fe454893a	kcontrol/themes/Themes/Astronique/wm_topleft.xpm
1999-08-23	9c35b820a745a986578b26b8c2a224d5e5f37185	5d207b2a2d236652c3503854598d667de7dd65fbc084814a6968cbbfdceb44ca	kcontrol/themes/Themes/Astronique/wm_topright.xpm
1999-09-06	987ccd8805474a5c1ff604283682f26e2fed2c5d	75c225a43b8d4bc77552f76f9254c789917ad3e342b4cae00fc4ba014ad4a50d	kcontrol/themes/Themes/Bryce/Bryce.preview.jpg
1999-09-06	987ccd8805474a5c1ff604283682f26e2fed2c5d	cb1c66a2a1d7d3a9bcf6b4de191a1c2aa0c5e68dd617dc7b78227ce9e553e359	kcontrol/themes/Themes/Bryce/Bryce.themerc
1999-09-06	987ccd8805474a5c1ff604283682f26e2fed2c5d	afe401e56b125b2f26bd82c17ef56c59b8ce359ecdf982c3ca1b6f68621dd19a	kcontrol/themes/Themes/Bryce/activetitlebar.xpm
1999-09-06	987ccd8805474a5c1ff604283682f26e2fed2c5d	d91ba0911f966298ac64427dee6e780f36c53bfa53ab72540ec595e9cb8a47f0	kcontrol/themes/Themes/Bryce/bryce-background.jpg
1999-09-06	987ccd8805474a5c1ff604283682f26e2fed2c5d	b414bf27f94abfde5bc6f670964a855259ee0538479218d79d0a12a82191013a	kcontrol/themes/Themes/Bryce/close.xpm
1999-09-06	987ccd8805474a5c1ff604283682f26e2fed2c5d	0268f7ee7696054143c6229214f4d6f78fc685d984f5c3160e3e1397f9b0014d	kcontrol/themes/Themes/Bryce/iconify.xpm
1999-09-06	987ccd8805474a5c1ff604283682f26e2fed2c5d	c544e93fdc968adc806c22e08333e99827c80b3f3fe18b0f5a1ebf6af2517f54	kcontrol/themes/Themes/Bryce/inactivetitlebar.xpm
1999-09-06	987ccd8805474a5c1ff604283682f26e2fed2c5d	f57a098e32fa62a553e86ba218132a9255b58ef46f09d1e1b6972c9af984821d	kcontrol/themes/Themes/Bryce/maximize.xpm
1999-09-06	987ccd8805474a5c1ff604283682f26e2fed2c5d	85d5eb941de9a1023a40e85ba11a3ba45d6fa758f74177a863493bba40ffee20	kcontrol/themes/Themes/Bryce/maximizedown.xpm
1999-09-06	987ccd8805474a5c1ff604283682f26e2fed2c5d	71e8b584c6c1d55bbe3f0610adb2b05af6bc6d21327d42325d09d640a7caf6d4	kcontrol/themes/Themes/Bryce/wm_bottom.xpm
1999-09-06	987ccd8805474a5c1ff604283682f26e2fed2c5d	74011189a9be4af023b725c5e632ca4621bd64f55f7f184635671e1d7e70378b	kcontrol/themes/Themes/Bryce/wm_bottomleft.xpm
1999-09-06	987ccd8805474a5c1ff604283682f26e2fed2c5d	e0f8eb1e8f7a746f9bcacc3dafbd888125942c1c6524d823751b1123e5219b52	kcontrol/themes/Themes/Bryce/wm_bottomright.xpm
1999-09-06	987ccd8805474a5c1ff604283682f26e2fed2c5d	86bcada698f1568a1d3b24c4338097cb0b109f55b8e50b2678ac7c8774d1cf09	kcontrol/themes/Themes/Bryce/wm_left.xpm
1999-09-06	987ccd8805474a5c1ff604283682f26e2fed2c5d	d7465e66a937c89c914020cceac1ae53908ec1cd45ad230d3cc7276b7d347aa8	kcontrol/themes/Themes/Bryce/wm_right.xpm
1999-09-06	987ccd8805474a5c1ff604283682f26e2fed2c5d	0c36fcfffa98a4991a669ba8afb242e99e3b9ecd5dfe955b222fc52c71fc631f	kcontrol/themes/Themes/Bryce/wm_top.xpm
1999-09-06	987ccd8805474a5c1ff604283682f26e2fed2c5d	ac107ffd5e11adadee792f7e7b16bce1f27dc39009e2ff74f58bb6824b4eca59	kcontrol/themes/Themes/Bryce/wm_topleft.xpm
1999-09-06	987ccd8805474a5c1ff604283682f26e2fed2c5d	82f280deed7d564afea35f40c5db72f8ca5832ed17b3ff9a76a99b04b73e9cac	kcontrol/themes/Themes/Bryce/wm_topright.xpm
1998-12-03	46d6972b9716dcf26e0d483c9427b522b087fe51	a0019a1d6c082c31abb42b0e3a64731825652ddf359ea210fd7da58ea5cfd2ea	kcontrol/themes/Themes/Default.tar.gz
1998-12-19	cabc84c26bda2941e9f194a5f6450b49ccc2939b	4c0e0706174aac9b6a6e896d5a5a012f89054007d3eaad8e2110d3f4218cc6eb	kcontrol/themes/Themes/Default/Default.preview.jpg
1998-12-19	cabc84c26bda2941e9f194a5f6450b49ccc2939b	63b3a52ec4c03ba8e06c75da6bdbfba82f5845fcd3e5342422900c9eb33fbffd	kcontrol/themes/Themes/Default/Default.themerc
1999-08-22	16d2768f54faae4482412964617ad53e74a48da7	2babb370efe47764555c115b4dfe10a2125ec9f124171f3d70402861089e0df5	kcontrol/themes/Themes/Glax/Glax.jpg
1999-08-22	16d2768f54faae4482412964617ad53e74a48da7	4c1fed716106ace3d49d945e59e0ee6b44b08190d3274ceb14738b65695a5d26	kcontrol/themes/Themes/Glax/Glax.preview.jpg
1999-08-22	16d2768f54faae4482412964617ad53e74a48da7	9aa9e980aec6844ba9ee6bbe201440af42cfff8a7768a6f78062791d66f13900	kcontrol/themes/Themes/Glax/Glax.themerc
1999-08-22	16d2768f54faae4482412964617ad53e74a48da7	4d33d2f4ec12028d76be4533bbca7ac090c02114202fae7436c83871b3486863	kcontrol/themes/Themes/Glax/activetitlebar.xpm
1999-08-22	16d2768f54faae4482412964617ad53e74a48da7	e1fa1a592c454ff88ebb956ec2a17bd6da6fac843454bb00bce47e62ce41ed7d	kcontrol/themes/Themes/Glax/close.xpm
1999-08-26	39348c5b7c3368d8f97bd18bf019515a35f264ec	2e8cbab50951c8fb5b318bf9cb6e6e448aaec3ec73d45c7b19ec028895e3adf4	kcontrol/themes/Themes/Glax/glax.schema
1999-08-22	16d2768f54faae4482412964617ad53e74a48da7	a89f09ed89dd4f8d603515a2bdfed556984cb6d37a5e1ce35c0097adfac352bb	kcontrol/themes/Themes/Glax/iconify.xpm
1999-08-22	16d2768f54faae4482412964617ad53e74a48da7	51b016fb7458430dc1e7ae5a2dc624fa297c9604bbebb85ab37a54ab62d637e7	kcontrol/themes/Themes/Glax/inactivetitlebar.xpm
1999-08-26	39348c5b7c3368d8f97bd18bf019515a35f264ec	80a4bf190116d90c2447b5e80408d98c07d177763784b8214dec3c542642f610	kcontrol/themes/Themes/Glax/konsole-glax.jpg
1999-08-22	16d2768f54faae4482412964617ad53e74a48da7	5b716b80db1888f7b06c3dd1834823d808c572c38df4a3fb512a31dd9722aca4	kcontrol/themes/Themes/Glax/maximize.xpm
1999-08-22	16d2768f54faae4482412964617ad53e74a48da7	31ce312cd3fdb74f9c6dfc4536466844c092b105bba93747dc9f1582eacab324	kcontrol/themes/Themes/Glax/menu.xpm
1999-08-22	16d2768f54faae4482412964617ad53e74a48da7	3b6fcfd037acebf53fe82b9435c23d42fa9af8b00731c1450cd3ecb7934e12cb	kcontrol/themes/Themes/Glax/panel.xpm
1999-08-22	16d2768f54faae4482412964617ad53e74a48da7	5c6e1ac6825d96132c8a85fc63bdc75aae7ffebb7257909626e049cc552a2c91	kcontrol/themes/Themes/Glax/wm_bottom.xpm
1999-08-22	16d2768f54faae4482412964617ad53e74a48da7	d627b97f51b87bec34c7273eaaa8e3580b38849357ac9423e73d788b10a399bb	kcontrol/themes/Themes/Glax/wm_bottomleft.xpm
1999-08-22	16d2768f54faae4482412964617ad53e74a48da7	6b061f19f4f5355d548e1aa2ac366dd10b199859f77405d2979512c6499e1543	kcontrol/themes/Themes/Glax/wm_bottomright.xpm
1999-08-22	16d2768f54faae4482412964617ad53e74a48da7	266cc410ad4de7fbbab4a43ab54b0e171031bb6382299fd5213b8d417647f058	kcontrol/themes/Themes/Glax/wm_left.xpm
1999-08-22	16d2768f54faae4482412964617ad53e74a48da7	1838e27092d2437a5762805298705936d4c0feac605fbd39d523ca2b4940e429	kcontrol/themes/Themes/Glax/wm_right.xpm
1999-08-22	16d2768f54faae4482412964617ad53e74a48da7	eb7811b3c6d04a10b14ddd6e4a36cb6fe8c2dfd107104b03ec747e42a51200ad	kcontrol/themes/Themes/Glax/wm_top.xpm
1999-08-22	16d2768f54faae4482412964617ad53e74a48da7	9fe4033a4a47b18806d9f9ee76f43939f645c121447320ba55edbaad0fe1e105	kcontrol/themes/Themes/Glax/wm_topleft.xpm
1999-08-22	16d2768f54faae4482412964617ad53e74a48da7	89dad5ccecd6d99c7502f268200e692006c97b69ca319b04f3de5a7581941d58	kcontrol/themes/Themes/Glax/wm_topright.xpm
1998-12-19	a04f4597e5ed31cd73b37d7827cc77cf3b4cdecb	b5ea3af2c4f2b0074d9c64f7b945300570b7b1fc2922b076dc262ee139d7174d	kcontrol/themes/Themes/MGBreizh/MGBreizh.preview.jpg
1998-12-19	a04f4597e5ed31cd73b37d7827cc77cf3b4cdecb	acb97bf45680e27f9f75d71fc85125b459650e56375e669dc8629ddcbd2614ae	kcontrol/themes/Themes/MGBreizh/MGBreizh.themerc
1998-12-19	a04f4597e5ed31cd73b37d7827cc77cf3b4cdecb	4fe4fc2b4a5aaf3ad5eedee95cd2a5829c7bfaf1e43939b8c0cacb43764cb15b	kcontrol/themes/Themes/MGBreizh/activetitlebar.xpm
1998-12-19	a04f4597e5ed31cd73b37d7827cc77cf3b4cdecb	8048de7ddad26e367a8e08cc663f68508d9ac0d71d092addbecd7075d2680096	kcontrol/themes/Themes/MGBreizh/close.wav
1998-12-19	a04f4597e5ed31cd73b37d7827cc77cf3b4cdecb	fe5c2d06514e62b16891b5ce02fee2594b49d580fd9055846b5132ac83a22c8b	kcontrol/themes/Themes/MGBreizh/close.xpm
1998-12-19	a04f4597e5ed31cd73b37d7827cc77cf3b4cdecb	1be72374075e85db73201413af59e74337e666ebfad5d899541738750116168c	kcontrol/themes/Themes/MGBreizh/deiconify.wav
1998-12-19	a04f4597e5ed31cd73b37d7827cc77cf3b4cdecb	be53f29f8cebc9004b7c368f8c975b826f1e1430c3b22c3bbe680b57c835ee6e	kcontrol/themes/Themes/MGBreizh/desktops.wav
1998-12-19	a04f4597e5ed31cd73b37d7827cc77cf3b4cdecb	582c7f1ad5f2ca8bd5b8ac4417ce0c8e9c8f02a9db7ed1790dfdd5710e57a633	kcontrol/themes/Themes/MGBreizh/iconify.wav
1998-12-19	a04f4597e5ed31cd73b37d7827cc77cf3b4cdecb	26bdaed70a7a7d193056ee3bb02a50f8f50c1f03aa7ec20d14735a974955c1d6	kcontrol/themes/Themes/MGBreizh/iconify.xpm
1998-12-19	a04f4597e5ed31cd73b37d7827cc77cf3b4cdecb	4fe4fc2b4a5aaf3ad5eedee95cd2a5829c7bfaf1e43939b8c0cacb43764cb15b	kcontrol/themes/Themes/MGBreizh/inactivetitlebar.xpm
1998-12-19	a04f4597e5ed31cd73b37d7827cc77cf3b4cdecb	e5267051c62a9535bb1808275b7623db4d354e1240ad2c9388f7c7af43fbab70	kcontrol/themes/Themes/MGBreizh/kdegear.jpg
1998-12-19	a04f4597e5ed31cd73b37d7827cc77cf3b4cdecb	1be72374075e85db73201413af59e74337e666ebfad5d899541738750116168c	kcontrol/themes/Themes/MGBreizh/logoutmsg.wav
1998-12-19	a04f4597e5ed31cd73b37d7827cc77cf3b4cdecb	ea93192f1d29a7cbc8c473097516b22d52895589f417d249e9f00725d84ea7b8	kcontrol/themes/Themes/MGBreizh/maximize.wav
1998-12-19	a04f4597e5ed31cd73b37d7827cc77cf3b4cdecb	7d4452e8dd0ea2c719b5478b6c2e714408a12efbb9b4834a14f89fd3a2591d6d	kcontrol/themes/Themes/MGBreizh/maximize.xpm
1998-12-19	a04f4597e5ed31cd73b37d7827cc77cf3b4cdecb	12dd9c291e31bb564afcf18fac446941d9a4af52d1b7b020cc380fc37fd4c441	kcontrol/themes/Themes/MGBreizh/menu.xpm
1998-12-19	a04f4597e5ed31cd73b37d7827cc77cf3b4cdecb	4fe4fc2b4a5aaf3ad5eedee95cd2a5829c7bfaf1e43939b8c0cacb43764cb15b	kcontrol/themes/Themes/MGBreizh/panel.xpm
1998-12-19	a04f4597e5ed31cd73b37d7827cc77cf3b4cdecb	37f1919503a18a84456182a2cb8b3475c9e0117d51a983554857238e860b1f89	kcontrol/themes/Themes/MGBreizh/startup.wav
1998-12-19	a04f4597e5ed31cd73b37d7827cc77cf3b4cdecb	c0cdcf7796775e81b7824071be18066fb94c5160541f354cae5da4e96343f963	kcontrol/themes/Themes/MGBreizh/unmaximize.wav
1998-12-19	a04f4597e5ed31cd73b37d7827cc77cf3b4cdecb	afa93636b636522952dfe3afb6adef5ff6df3a0b25e0938af934a5b5176d8be8	kcontrol/themes/Themes/MGBreizh/wm_bottom.xpm
1998-12-19	a04f4597e5ed31cd73b37d7827cc77cf3b4cdecb	b3237d2d18e2e51518ad98736a7501890f44b9595bc75e902a595da384ef9f03	kcontrol/themes/Themes/MGBreizh/wm_bottomleft.xpm
1998-12-19	a04f4597e5ed31cd73b37d7827cc77cf3b4cdecb	b3b67ce60deeb5c80eb59778c856b8b24de459470087c456719d4ec21c72eed3	kcontrol/themes/Themes/MGBreizh/wm_bottomright.xpm
1998-12-19	a04f4597e5ed31cd73b37d7827cc77cf3b4cdecb	fe3fd022cc7b28121e1719de2800c475e643be2f54aca0da0f31b324d391fdf8	kcontrol/themes/Themes/MGBreizh/wm_left.xpm
1998-12-19	a04f4597e5ed31cd73b37d7827cc77cf3b4cdecb	fb558b5ce775384147fd5a41d763509569f79e675b20d5201baf61be68401d35	kcontrol/themes/Themes/MGBreizh/wm_right.xpm
1998-12-19	a04f4597e5ed31cd73b37d7827cc77cf3b4cdecb	7cbaaf8c497175c58baf3185bf51f93d4dcda3b4259fa7ef3cfecd8a75b73ebb	kcontrol/themes/Themes/MGBreizh/wm_top.xpm
1998-12-19	a04f4597e5ed31cd73b37d7827cc77cf3b4cdecb	f99a9d74ee6d4c2cbd4b87de3dd0d7b8cf321dcce8e6666cafc0e014508e20da	kcontrol/themes/Themes/MGBreizh/wm_topleft.xpm
1998-12-19	a04f4597e5ed31cd73b37d7827cc77cf3b4cdecb	2df0f5b9afeb8d584f61e1c509ba0ad91f3c747c7a4def1c93ad8ac7f39f7f96	kcontrol/themes/Themes/MGBreizh/wm_topright.xpm
1998-12-03	46d6972b9716dcf26e0d483c9427b522b087fe51	18baba3052fd0cdb6efeb88d0e9902708f8abec6a15e607c9f17273a14146666	kcontrol/themes/Themes/MacOS.tar.gz
1998-12-19	a04f4597e5ed31cd73b37d7827cc77cf3b4cdecb	dfb300379590f111c5ced48245b5bf32a2f5525e32b863cea7505ed4487d510b	kcontrol/themes/Themes/MacOS/MacOS.preview.jpg
1998-12-19	a04f4597e5ed31cd73b37d7827cc77cf3b4cdecb	172e3fbd92229333df3dbfa0aa87029eea3bc2253404e7be59960b387f4da165	kcontrol/themes/Themes/MacOS/MacOS.themerc
1998-12-19	a04f4597e5ed31cd73b37d7827cc77cf3b4cdecb	0dcbbc9cd2108fb94048f6e654a4bd81b4c8517540396dc6c32ddb74ea6e59c3	kcontrol/themes/Themes/MacOS/active.xpm
1998-12-19	a04f4597e5ed31cd73b37d7827cc77cf3b4cdecb	97bbff47ff2049a7234bacd654372987009fceb706cdc2a44c3a7ad40a4f2865	kcontrol/themes/Themes/MacOS/bottom.xpm
1998-12-19	a04f4597e5ed31cd73b37d7827cc77cf3b4cdecb	8749feb6359332cc78ea6111cae1086c1af33543dbd21b8ffa4aa78aa2b93420	kcontrol/themes/Themes/MacOS/bottomleft.xpm
1998-12-19	a04f4597e5ed31cd73b37d7827cc77cf3b4cdecb	fbb6670ab4ed28b794f8f2f1abbe01fd7f132f63f9b7e7513877127ed77e5695	kcontrol/themes/Themes/MacOS/bottomright.xpm
1998-12-26	95c7c353de51ca38300555b4847f5e6c34018a97	1dafbc5e2143569a254865990e04eff2b5cd4d81623a568b6c8a492da2ec5b41	kcontrol/themes/Themes/MacOS/cdrom.xpm
1998-12-19	a04f4597e5ed31cd73b37d7827cc77cf3b4cdecb	9f3cd834b2ce42cc339cf35143a83e109dc98852b287cad35cf062670e69a594	kcontrol/themes/Themes/MacOS/clap.wav
1998-12-19	a04f4597e5ed31cd73b37d7827cc77cf3b4cdecb	ee8b433416b62e1ae69c57dbc79da38b58c0310644fda1f0ad40921ef032b5e6	kcontrol/themes/Themes/MacOS/close.xpm
1998-12-19	a04f4597e5ed31cd73b37d7827cc77cf3b4cdecb	82078d290b7cc7ed370d6d6e4d9f9ddd22272d09eb4a53f9f6c3eaead84b875e	kcontrol/themes/Themes/MacOS/desktop.jpg
1998-12-26	95c7c353de51ca38300555b4847f5e6c34018a97	0a5a1feb46f2f56638e07f6a2c9aca1b8460b562777a30519333aebcfaf94fbd	kcontrol/themes/Themes/MacOS/desktop2.jpg
1998-12-26	95c7c353de51ca38300555b4847f5e6c34018a97	3e2fe8fdb20b9c6c9f9a4e5b0acfed87496e3387c0cea6e6714a9428dbcccfeb	kcontrol/themes/Themes/MacOS/extensions-folder.xpm
1998-12-26	95c7c353de51ca38300555b4847f5e6c34018a97	34955d1dc272bb9d9e4f00bccbb24d6048da5954e4a6506880b784387bcd2cc6	kcontrol/themes/Themes/MacOS/folder.xpm
1998-12-26	95c7c353de51ca38300555b4847f5e6c34018a97	682c6313fd9f6ffa826a75460c3a7538184c43963326bbb756d55125b56498c1	kcontrol/themes/Themes/MacOS/harddrive.xpm
1998-12-19	a04f4597e5ed31cd73b37d7827cc77cf3b4cdecb	0cbc1d04647f746c37d2ebca437e4c5043f12f11a40d3a2f33ddc32d654bbd24	kcontrol/themes/Themes/MacOS/iconify.xpm
1998-12-19	a04f4597e5ed31cd73b37d7827cc77cf3b4cdecb	3a69ae84f7c116dfc117819244d465c76f75bb8a2a6bb00b4e8a9aee3f1c2712	kcontrol/themes/Themes/MacOS/inactive.xpm
1998-12-26	95c7c353de51ca38300555b4847f5e6c34018a97	1cfcf83c60b72d440071413ab0df75912668c36a54f21285628f7bd8d7c9cc9f	kcontrol/themes/Themes/MacOS/inactivetitlebar.xpm
1998-12-19	a04f4597e5ed31cd73b37d7827cc77cf3b4cdecb	043c152342b8f991e1253ced529c19d6ec7a8a272329d7c4a2fa7eefc994c099	kcontrol/themes/Themes/MacOS/left.xpm
1998-12-19	a04f4597e5ed31cd73b37d7827cc77cf3b4cdecb	1c5b30188c7068438eeab3d15c4843a61481d022f1bcade08496b841e45a7da4	kcontrol/themes/Themes/MacOS/marbles.wav
1998-12-19	a04f4597e5ed31cd73b37d7827cc77cf3b4cdecb	8ecd79a0e424fcc1a8e416f194b80df434d074b4f8100e56fe52f1a60afd2400	kcontrol/themes/Themes/MacOS/maximize.xpm
1998-12-19	a04f4597e5ed31cd73b37d7827cc77cf3b4cdecb	fb39368cd3d12e5147d12c20f4ea9d76825b0b0395d5dbeedad9f1f33081ec75	kcontrol/themes/Themes/MacOS/maximizedown.xpm
1998-12-19	a04f4597e5ed31cd73b37d7827cc77cf3b4cdecb	d0d5a5208ccb6bf8e2c09d36e5069a600ecc72190c3470befa1c334bd72c856c	kcontrol/themes/Themes/MacOS/menu.xpm
1998-12-26	95c7c353de51ca38300555b4847f5e6c34018a97	aa26407b606b98b88e19e4a9903dfced4ede70e4198aaa00f803257298ac527a	kcontrol/themes/Themes/MacOS/mini-folder.xpm
1998-12-26	95c7c353de51ca38300555b4847f5e6c34018a97	d323cd16a0acb335f62384997a674eb7ce8b05f58fe4dce276499b32c413aeda	kcontrol/themes/Themes/MacOS/mini-trashempty.xpm
1998-12-26	95c7c353de51ca38300555b4847f5e6c34018a97	9ed353aab3112df8691d0561c84d7846b26383d8e328c81aa7421d70e517f479	kcontrol/themes/Themes/MacOS/mini-trashfull.xpm
1998-12-19	a04f4597e5ed31cd73b37d7827cc77cf3b4cdecb	d8b23eef1a4b11900fa34fbbb21ad754e345e707f766e70651ef4eb1e1febab1	kcontrol/themes/Themes/MacOS/panel.xpm
1998-12-19	a04f4597e5ed31cd73b37d7827cc77cf3b4cdecb	752f0bb8e9e1096af02e7bfc77facf9ce2bc02100b6c0d6945d13fde3b67511e	kcontrol/themes/Themes/MacOS/pindown.xpm
1998-12-19	a04f4597e5ed31cd73b37d7827cc77cf3b4cdecb	ffe0f6d5b31f11be5ef5ffbda26d66b5c88e18dfaba2b9d13bb9e186ca7293ac	kcontrol/themes/Themes/MacOS/pinup.xpm
1998-12-19	a04f4597e5ed31cd73b37d7827cc77cf3b4cdecb	0d8e404891e9bcb20b2987f7b150c855a9f89b8e53988c781f6da48de31eb147	kcontrol/themes/Themes/MacOS/right.xpm
1998-12-26	95c7c353de51ca38300555b4847f5e6c34018a97	3dce661c6d8cf538f7e18ff35a1aa4bf8f8d19713ef76511d7cea3ba04e745ef	kcontrol/themes/Themes/MacOS/startup-folder.xpm
1998-12-19	a04f4597e5ed31cd73b37d7827cc77cf3b4cdecb	4f3fd985b60fd733b2e7a7d1904b56361d8a56e29ac70d5283c4fd4fec258d3c	kcontrol/themes/Themes/MacOS/top.xpm
1998-12-19	a04f4597e5ed31cd73b37d7827cc77cf3b4cdecb	4688071e592ce49e97d222c9531a53661e213ddd2449ef56f9cf05c954239be7	kcontrol/themes/Themes/MacOS/topleft.xpm
1998-12-19	a04f4597e5ed31cd73b37d7827cc77cf3b4cdecb	c97b451d3cfa74a29c1f4d7be7a640af4c8d15c2f3429c206b4b47b3f4490bfc	kcontrol/themes/Themes/MacOS/topright.xpm
1998-12-20	b2d1847ee66724c8b339cae71b6bba51cdd9de84	dc88ad560c51fdf662ec2f4a122fc180975a20dc062b6021ca82222aa62f5ca3	kcontrol/themes/Themes/MacOS/trash-full.xpm
1998-12-20	b2d1847ee66724c8b339cae71b6bba51cdd9de84	e2bc415bcf0818eab52b0ffa1f039bbefa760ca867f9b169e9044643bc00283e	kcontrol/themes/Themes/MacOS/trash.xpm
1998-12-26	95c7c353de51ca38300555b4847f5e6c34018a97	0c41d06156703e08619dca52944f33a03ff353043b0e8718f697ee4d54be589f	kcontrol/themes/Themes/MacOS/trashempty.xpm
1998-12-26	95c7c353de51ca38300555b4847f5e6c34018a97	85cd8a5c3477b445c3faf30cfb331c980f2fd316abcee1941226b8b8263ab9f4	kcontrol/themes/Themes/MacOS/trashfull.xpm
1998-12-26	95c7c353de51ca38300555b4847f5e6c34018a97	8df1e7f619e1d09826a92ed0e260f568058872fc0f4cab2644957a0bf631bf6a	kcontrol/themes/Themes/MacOS/wm_bottom.xpm
1998-12-26	95c7c353de51ca38300555b4847f5e6c34018a97	898ae40b51447e2ecf3dd6b07e4b25717f873b2d7186ca6890f145335d6455f6	kcontrol/themes/Themes/MacOS/wm_bottomleft.xpm
1998-12-26	95c7c353de51ca38300555b4847f5e6c34018a97	ced5086b0d28906fd1f95835620e484a11c8fbabee02379c2e11526188f3a2c4	kcontrol/themes/Themes/MacOS/wm_bottomright.xpm
1998-12-26	95c7c353de51ca38300555b4847f5e6c34018a97	d5403fbdaf429b3000b2ffdfe06645739e610f9988ef1172c4479b73bfe77c50	kcontrol/themes/Themes/MacOS/wm_left.xpm
1998-12-26	95c7c353de51ca38300555b4847f5e6c34018a97	c32a86673b7257adc0d3d356765d890d623c22aa046d89a21668e408d90b773a	kcontrol/themes/Themes/MacOS/wm_right.xpm
1998-12-26	95c7c353de51ca38300555b4847f5e6c34018a97	7e2a96aa092851c0ead09281b24114b3f1a5b24c9bce3d69ce55e90f0d9197aa	kcontrol/themes/Themes/MacOS/wm_top.xpm
1998-12-26	95c7c353de51ca38300555b4847f5e6c34018a97	f6cc32da2ee49b85df6468cac41f464f51561da8b0bccfb1e8ff5c95275a2b87	kcontrol/themes/Themes/MacOS/wm_topleft.xpm
1998-12-26	95c7c353de51ca38300555b4847f5e6c34018a97	2c5333347fd95a1378e594e9e405014c7b232c0e0b27197136d0ecaa07ace457	kcontrol/themes/Themes/MacOS/wm_topright.xpm
1999-07-25	71c58bd0bebb8607997c705a73defc63e7fd331c	bde466d07b088dc2e64a1eb4e0692d451ebd168169744b0cd533c854279276c2	kcontrol/themes/Themes/Nostalgy/Nostalgy.jpg
1999-07-25	71c58bd0bebb8607997c705a73defc63e7fd331c	78d37938916187c2a184ed8a050f66d1acfaad79a9a3fb3e41f073f4a34eef7a	kcontrol/themes/Themes/Nostalgy/Nostalgy.preview.jpg
1999-07-25	71c58bd0bebb8607997c705a73defc63e7fd331c	c736fbcea5630c7592ebf23decf19b7ced75618e93547d901a4e285fa1bd4e64	kcontrol/themes/Themes/Nostalgy/Nostalgy.themerc
1999-07-25	71c58bd0bebb8607997c705a73defc63e7fd331c	e23ff835c3c7a510be5168e7ae7c53b0b9307b17a6f601852a7357278383e353	kcontrol/themes/Themes/Nostalgy/activetitlebar.xpm
1999-07-25	71c58bd0bebb8607997c705a73defc63e7fd331c	8fb66374339fcb1dc5f4d5a687c7e68117975ff69fe4e5e1acca960b25f2795f	kcontrol/themes/Themes/Nostalgy/close.xpm
1999-07-25	71c58bd0bebb8607997c705a73defc63e7fd331c	e00337e89cd36a345014b6a52d3331e61355a06269993a2ff18c3ee34981c521	kcontrol/themes/Themes/Nostalgy/iconify.xpm
1999-07-25	71c58bd0bebb8607997c705a73defc63e7fd331c	03e10ecfbfcf5e66153d5608239206008ad6e37c6b986e73d2541d70672f337b	kcontrol/themes/Themes/Nostalgy/inactivetitlebar.xpm
1999-07-25	71c58bd0bebb8607997c705a73defc63e7fd331c	f3f73624937658a58796dc428cc97b109a5277619d1eda737626c7accf6f1530	kcontrol/themes/Themes/Nostalgy/maximize.xpm
1999-07-25	71c58bd0bebb8607997c705a73defc63e7fd331c	3355e21ad910c2857884a2e2266235dc8313846ce055acfb9693d0802dcd2214	kcontrol/themes/Themes/Nostalgy/maximizedown.xpm
1999-07-25	71c58bd0bebb8607997c705a73defc63e7fd331c	8df1e7f619e1d09826a92ed0e260f568058872fc0f4cab2644957a0bf631bf6a	kcontrol/themes/Themes/Nostalgy/wm_bottom.xpm
1999-07-25	71c58bd0bebb8607997c705a73defc63e7fd331c	898ae40b51447e2ecf3dd6b07e4b25717f873b2d7186ca6890f145335d6455f6	kcontrol/themes/Themes/Nostalgy/wm_bottomleft.xpm
1999-07-25	71c58bd0bebb8607997c705a73defc63e7fd331c	ced5086b0d28906fd1f95835620e484a11c8fbabee02379c2e11526188f3a2c4	kcontrol/themes/Themes/Nostalgy/wm_bottomright.xpm
1999-07-25	71c58bd0bebb8607997c705a73defc63e7fd331c	d5403fbdaf429b3000b2ffdfe06645739e610f9988ef1172c4479b73bfe77c50	kcontrol/themes/Themes/Nostalgy/wm_left.xpm
1999-07-25	71c58bd0bebb8607997c705a73defc63e7fd331c	c32a86673b7257adc0d3d356765d890d623c22aa046d89a21668e408d90b773a	kcontrol/themes/Themes/Nostalgy/wm_right.xpm
1999-07-25	71c58bd0bebb8607997c705a73defc63e7fd331c	7e2a96aa092851c0ead09281b24114b3f1a5b24c9bce3d69ce55e90f0d9197aa	kcontrol/themes/Themes/Nostalgy/wm_top.xpm
1999-07-25	71c58bd0bebb8607997c705a73defc63e7fd331c	f6cc32da2ee49b85df6468cac41f464f51561da8b0bccfb1e8ff5c95275a2b87	kcontrol/themes/Themes/Nostalgy/wm_topleft.xpm
1999-07-25	71c58bd0bebb8607997c705a73defc63e7fd331c	2c5333347fd95a1378e594e9e405014c7b232c0e0b27197136d0ecaa07ace457	kcontrol/themes/Themes/Nostalgy/wm_topright.xpm
1998-12-03	46d6972b9716dcf26e0d483c9427b522b087fe51	33b5cbbe422eab0c7b2a5aae0a79ccf5260342b5b1a1d3de379f33bba8ef9511	kcontrol/themes/Themes/Template.themerc
1998-12-03	46d6972b9716dcf26e0d483c9427b522b087fe51	acbd0a082b6a664f70b73bfb26536040575a7b2ca8197279f91dc7f55296dfc4	kcontrol/themes/Themes/Wood.tar.gz
1998-12-19	a04f4597e5ed31cd73b37d7827cc77cf3b4cdecb	fd677b204dd3233d6b37d1c3f2cbfa643759e476d9668ae991a25686a7b897a1	kcontrol/themes/Themes/Wood/Wood.preview.jpg
1998-12-19	a04f4597e5ed31cd73b37d7827cc77cf3b4cdecb	cf141e5ff54885baadf5db8c415796b49c2434d538aae8a1471b424c9ade9784	kcontrol/themes/Themes/Wood/Wood.themerc
1998-12-19	a04f4597e5ed31cd73b37d7827cc77cf3b4cdecb	d3ddf8c7781610e5bdbe6c1960487d48aecd66545e9a78c58cc7dbb2ee4422bf	kcontrol/themes/Themes/Wood/bottom.xpm
1998-12-19	a04f4597e5ed31cd73b37d7827cc77cf3b4cdecb	4cfcd3f312eb6368ccfd3195159a34cc1b16ecd1b73132804523eafb214b0b4a	kcontrol/themes/Themes/Wood/bottomleft.xpm
1998-12-19	a04f4597e5ed31cd73b37d7827cc77cf3b4cdecb	69e324019d372c19b67f3883bc42bf75cfc95f1f0cf70f58b9e033bc8ad3c383	kcontrol/themes/Themes/Wood/bottomright.xpm
1998-12-19	a04f4597e5ed31cd73b37d7827cc77cf3b4cdecb	9f9234970799986e64234e752fee5e20a8e3f6945624145f76ff6537e8475204	kcontrol/themes/Themes/Wood/inactivetitle.xpm
1998-12-19	a04f4597e5ed31cd73b37d7827cc77cf3b4cdecb	4775e86b9385d9b3fbfd80976c5493c01c01bddbc94207743c40e9d903dc9f89	kcontrol/themes/Themes/Wood/left.xpm
1998-12-19	a04f4597e5ed31cd73b37d7827cc77cf3b4cdecb	017c985a97ccb0c0b56fcb2c09db65b52de0ba2ab827cda56a6889aae9e67950	kcontrol/themes/Themes/Wood/panel.xpm
1998-12-19	a04f4597e5ed31cd73b37d7827cc77cf3b4cdecb	cbf5058a7eb64a10943e92c2cdde846b2b1bf5fb27a80bd8bcf1c4639104ff13	kcontrol/themes/Themes/Wood/right.xpm
1998-12-19	a04f4597e5ed31cd73b37d7827cc77cf3b4cdecb	8c57ebf7310fa98137b616da3accf474a8dd0d69f6d7a9cd568cba0725205988	kcontrol/themes/Themes/Wood/titlebar.xpm
1998-12-19	a04f4597e5ed31cd73b37d7827cc77cf3b4cdecb	eaa256e1aa78f032a54fafce61c78b4a8e50276d2a67df11cb7d603f7817fc2f	kcontrol/themes/Themes/Wood/top.xpm
1998-12-19	a04f4597e5ed31cd73b37d7827cc77cf3b4cdecb	c1800812cbdd51360983e948b9cd94c83e4ad64f854b42584b5f9acd7b3af4a7	kcontrol/themes/Themes/Wood/topleft.xpm
1998-12-19	a04f4597e5ed31cd73b37d7827cc77cf3b4cdecb	6411cfa94ec4ad63ebe88a67d86c415ef84de888fd85993642fbef184931893c	kcontrol/themes/Themes/Wood/topright.xpm
1998-12-19	a04f4597e5ed31cd73b37d7827cc77cf3b4cdecb	9c591f8fd53e3cd33f3c424a132c9466756a308585cad69fecd19afbbf7ffb7f	kcontrol/themes/Themes/Wood/wallpaper.jpg
1999-01-12	7b23fcc7c45e9853261acd1c13b29ab8b6413e73	bc5c225b0de88b5c38a42e8be50cf0af55cc03b967a76dc742f5a571eb983c27	kcontrol/themes/doc/logotp3.gif
1998-12-03	46d6972b9716dcf26e0d483c9427b522b087fe51	afdc3fa1bcaa1218e691eb557d5d240239145a9e740bfca974f49716a478f46e	kcontrol/themes/kthememgr.xpm
1998-12-03	46d6972b9716dcf26e0d483c9427b522b087fe51	8ec56963321433f0fcd25b0808351feefee1ab638e6922bb2435cc72eb2f6da3	kcontrol/themes/mini-kthememgr.xpm
1997-11-05	6989d864acdacbe84f8a5bd5964c54c7d0551616	583d6f83b3996ed6166b23cf16f5faac115691c2f5b02c1d6301c2b448ff966c	kdehelp/kdehelp.xpm
1999-08-05	b9ed7d6733f0d1cd74fd7270c9f281ec898b6b4d	696ca01670079a89c21a8a5f8abfe7f1bb446fc188d3f1bba05c96ef08fad38d	kdehelp/large-kdehelp.xpm
1997-11-05	6989d864acdacbe84f8a5bd5964c54c7d0551616	9e6fc9d8155bd64a4143d5a249f074444d508fc37243ecb3b22a71c6e64c76e5	kdehelp/mini-kdehelp.xpm
1997-09-02	80b5f5619afa2d5fe7b013cfc9f6c0d7bd2a01dd	336cd00dc4dca9bfa58580566bd0a05e4cc0a9ba47077346dc8210290929420b	kdm/kfrontend/pics/kdm_bg.jpg
1997-09-02	80b5f5619afa2d5fe7b013cfc9f6c0d7bd2a01dd	05462bfb7d18a9ef4b4436d8d20e17b22b17c253df187a0c4c789baef18bfe05	kdm/pics/default.xpm
1997-09-02	80b5f5619afa2d5fe7b013cfc9f6c0d7bd2a01dd	3dc26e1450b35504a5e03abc82ecf719c93e37b04f5b483fc9521d4856abd32c	kdm/pics/default2.xpm
1998-04-02	847762c92ebdb86af57f98f68b7a73b09a16a3e4	f186ad7a71c03f6f87319d15836763701ce0cb609c416aaef17ce6afb626acf3	kdm/pics/kdeflower.xpm
1997-09-02	80b5f5619afa2d5fe7b013cfc9f6c0d7bd2a01dd	f186ad7a71c03f6f87319d15836763701ce0cb609c416aaef17ce6afb626acf3	kdm/pics/kdelogo.xpm
1997-09-02	80b5f5619afa2d5fe7b013cfc9f6c0d7bd2a01dd	336cd00dc4dca9bfa58580566bd0a05e4cc0a9ba47077346dc8210290929420b	kdm/pics/kdm_bg.jpg
1997-09-02	80b5f5619afa2d5fe7b013cfc9f6c0d7bd2a01dd	9da686c97a9320b53b90ea9fcb980fba30ed48d22f4b4554134d73aeeba729a1	kdm/pics/root.xpm
1997-09-02	80b5f5619afa2d5fe7b013cfc9f6c0d7bd2a01dd	b4b3316a74aaca4b330e4f58952c4d61769c218de4c09f1be74ea05ea47f5331	kdm/pics/root2.xpm
1998-10-24	5f98e30637fa7252bddebb2a64d3bbad5eb83e4b	dbcf7b1fa356235d3a95b4eb911b5761617ee95a4d1d74dc33c6329b9dfc3720	kdm/pics/session_kde.xpm
1997-04-13	69f6d6cc97cda34c0c78aa9fd77daff54a74e5a1	35e8e2f9bf46a02530f3e57a0bcf9ec2795b5dfca99191bce6d5ef4cb43b612c	kfind/kfind.xpm
1999-08-04	98f6c2ce76c1e5667cbf8745a825959f98cb89bc	dbcc1434bb63ffbc3ba8911e27674d5753dac453a974510799b78e174b30513a	kfind/large-kfind.xpm
1997-11-05	6989d864acdacbe84f8a5bd5964c54c7d0551616	d81872407784c5391701d0c7ec1edc72f635670a1009cb97bacb85bcf7bf63ec	kfind/mini-kfind.xpm
1997-08-04	97bd7a9f33013daf860e95f212f387c1fc70eaed	9945746ee8eb207ecc4c03e538434f471df3f18b9b92f89d5488ccc8edb6cee8	kfind/pics/archive.xpm
1997-08-04	97bd7a9f33013daf860e95f212f387c1fc70eaed	184a4ba5e094f8c5f884a5a414d60da2660beca89d42d79da296bcff1d2f9d1d	kfind/pics/contents.xpm
1997-08-04	97bd7a9f33013daf860e95f212f387c1fc70eaed	950e73fcc38913535b3ec4425a207f99e14ee6f10e0cbe0179777d1edafda73b	kfind/pics/delete.xpm
1997-08-04	97bd7a9f33013daf860e95f212f387c1fc70eaed	01ad01e6ed461c00593b083c9802156310da5188f815702192823fcc64eb849b	kfind/pics/exit.xpm
1997-08-04	97bd7a9f33013daf860e95f212f387c1fc70eaed	69b97f9f8f598023f0003bdc8daad1977b57d01daf6b30a3d03a88f75d117735	kfind/pics/fileopen.xpm
1997-08-04	97bd7a9f33013daf860e95f212f387c1fc70eaed	205fa571ab38c62f4e8043592e3b3be453a9c2f58e856d92f4384302cae975c0	kfind/pics/idea.xpm
1997-08-04	97bd7a9f33013daf860e95f212f387c1fc70eaed	027474bb34fdbf2b40b32b82049636faa93bf187595e91ca80f5fa45e843237b	kfind/pics/info.xpm
1999-01-14	fd505688b24f4ccff31066b261ff1960af18149b	34fb1d7614e22269c406a75377e5c0512aef0ce06f80f370aceebd43d821080e	kfind/pics/openfile.xpm
1997-08-04	97bd7a9f33013daf860e95f212f387c1fc70eaed	4e6ad6fe2dc946907070cf58dcd804834162984b0f6c78809cd810328b7e6da7	kfind/pics/reload.xpm
1997-08-04	97bd7a9f33013daf860e95f212f387c1fc70eaed	7aa83d7195ad8dce34c8e7e51005d361b27e0123866e0bf506de4d6744b008c7	kfind/pics/save.xpm
1998-03-13	b0553b2d1e6814f9f219b5ca4d995973e4307f28	7c15c9b6c4e60314d1da64317987246fdd084fceed2cd4fde236284c459cda5c	kfind/pics/search.xpm
1997-08-04	97bd7a9f33013daf860e95f212f387c1fc70eaed	ebe3f3f4c0bc7e426f1b4bf0acbc6bcd117ee4a09d3abd0e48861c9d70a790ce	kfind/pics/stop.xpm
1997-08-04	97bd7a9f33013daf860e95f212f387c1fc70eaed	7c15c9b6c4e60314d1da64317987246fdd084fceed2cd4fde236284c459cda5c	kfind/pics/viewzoom.xpm
1997-10-24	776506ff2275118182560266270b50984124de7f	1ea5657b965a741a151b703c561c60342992fbf0781863d33f03fd392e6ae9ed	kfm/kfm.xpm
1998-03-20	a3aff8f8e408df586c58a2321c7d46649a5a7e73	3152534a10e1dedec00588913500afc4e33d050277638cab8a2afe1ae2058bc1	kfm/link.xpm
1997-09-01	3d6ef51f1dc9704eb6def21695001d4d36bf306c	7d2bdbe9fe4bc2f40d52007a5e63e5687b987a9d19f0debb3b2fe0de35beeab7	kfm/pics/3floppy_mount.xpm
1997-09-01	3d6ef51f1dc9704eb6def21695001d4d36bf306c	239289c3952038dfcd1ad482c29b10563e1e6454d0114091f119879de85a92c3	kfm/pics/3floppy_unmount.xpm
1997-09-01	3d6ef51f1dc9704eb6def21695001d4d36bf306c	5ec8bb4460ecee09693b093a52126e0a50b60371794eb18c0681c0798d0513a5	kfm/pics/5floppy_mount.xpm
1997-09-01	3d6ef51f1dc9704eb6def21695001d4d36bf306c	1d95ef404e1d84b1c7e5458a01e88cd1e2b07fa7fdea93c56a22cf09e5f56c38	kfm/pics/5floppy_unmount.xpm
1997-08-31	e2df17362710f0177e62b2587572154bb16888fe	252a1461c1bc3ce3061f0f60c61221a6c87866f187f3a646a23a12d8f0fc090f	kfm/pics/binary.xpm
1997-08-31	e2df17362710f0177e62b2587572154bb16888fe	a3b8ef771e235835759cffad4bb11a5d6537e3b86152406cd34564b3aa1bcde2	kfm/pics/block_dev.xpm
1997-09-01	3d6ef51f1dc9704eb6def21695001d4d36bf306c	611a1919f77aeebff02e4233ebee717c2f9c2c438969f86d8bcbc48ba8056e49	kfm/pics/blockdevice.xpm
1997-08-31	e2df17362710f0177e62b2587572154bb16888fe	b4d16d28b7dc3ed2b22c8208b6779002d9d28f2d86b76d45cdcd5280aa0164d1	kfm/pics/c_src.xpm
1997-04-15	b0d6f8d8e65e267528839c8690892e29440d4802	705de9f29cb7598e26d8b4a1064a95b8128ad791bb8cb55110484ffd1fcb8050	kfm/pics/cd_mount.xpm
1997-04-15	b0d6f8d8e65e267528839c8690892e29440d4802	c4a9818324316b2738d3a5658745ec52f95a7892209a885dca603b6c923d79ae	kfm/pics/cd_unmount.xpm
1997-04-15	b0d6f8d8e65e267528839c8690892e29440d4802	c4a9818324316b2738d3a5658745ec52f95a7892209a885dca603b6c923d79ae	kfm/pics/cdrom.xpm
1997-09-01	3d6ef51f1dc9704eb6def21695001d4d36bf306c	52c8280b57b34cca2709b2482c8931d22c46c0ddaef1f6f97d27e57de8a06e30	kfm/pics/cdrom_mount.xpm
1997-09-01	3d6ef51f1dc9704eb6def21695001d4d36bf306c	fda1869db381814de8ac481e9ea25f44a01cc056264c6e14c8fdf83ff2d6bcb5	kfm/pics/cdrom_unmount.xpm
1997-08-31	e2df17362710f0177e62b2587572154bb16888fe	5ff3b36a71a53e77bbd710e6aa9d61624a337685de2a55735a9425d638810d50	kfm/pics/char_dev.xpm
1997-09-01	3d6ef51f1dc9704eb6def21695001d4d36bf306c	5b42fdbe682693840949e91f1ff8235256c95c8e904d42370c46fb5d8611c664	kfm/pics/chardevice.xpm
1997-09-21	4db0b1c116c20718b32cf61d95f3e5c782491d44	12e33dafff7080c79073ad0c95987b7df76aec776f353078d98f2a562d97f88d	kfm/pics/close.xpm
1997-04-15	b0d6f8d8e65e267528839c8690892e29440d4802	f0ee8a653e0778b7c1e7464f922c79767f8bc1a825e2e74479fe689e913b639e	kfm/pics/closed.gif
1997-04-15	b0d6f8d8e65e267528839c8690892e29440d4802	5b14dbd93370ff8f3b2c1886864a48d89503d3fb1fbb60978ef31285118a3dc6	kfm/pics/closed.xpm
1997-08-31	e2df17362710f0177e62b2587572154bb16888fe	f8116f63d4d52d6c7c97366265e965103bfe3044eb230aec56f67a351537d55c	kfm/pics/core.xpm
1997-09-01	3d6ef51f1dc9704eb6def21695001d4d36bf306c	bcf969ad94892efc90f83dde7e3560e3b9dce7131e7a471d0f5aae1a0f201b11	kfm/pics/document.xpm
1997-08-31	e2df17362710f0177e62b2587572154bb16888fe	ba95b8b6ce91408af7d68b8f784a439064bc3dbe02ffcdfce90850114d6e7a94	kfm/pics/dvi.xpm
1997-04-15	b0d6f8d8e65e267528839c8690892e29440d4802	c59d1390c9e30b1f4ac5fd9d13a63e1354879974c1d2de3aa3952bda1b218b22	kfm/pics/edit.xpm
1997-09-08	8be938eb336115dd07ff6ef0166927aee1d5e417	8642c692f8c88c60491d6f92d61b9b12d3b75687c57120309fd47bce79ba0db1	kfm/pics/error.xpm
1997-09-08	8be938eb336115dd07ff6ef0166927aee1d5e417	a17d3ceeff18c10b7ffe8a486786efd451629ad6d3d8f8a9c2f158a24e799e6b	kfm/pics/exclamation.xpm
1997-04-15	b0d6f8d8e65e267528839c8690892e29440d4802	26c379661eeb2c70d9281106b8d013a9e56e77e07574f4672d1d085e806a661c	kfm/pics/exec.xpm
1997-08-31	e2df17362710f0177e62b2587572154bb16888fe	71a7cc93e397d8c684c168a702ef3881e92f0d21769b229db7107688a35e9fb3	kfm/pics/exit.xpm
1997-08-31	e2df17362710f0177e62b2587572154bb16888fe	dbef7f3306c772aa4188d1d0d6e0432344963bdc6b8e5bde38e3e176b4961888	kfm/pics/f_src.xpm
1997-04-15	b0d6f8d8e65e267528839c8690892e29440d4802	fe612f351819f4bd51d488123247965f7cd5b0b71689421cbe43ad96fc2e226a	kfm/pics/floppy_mount.xpm
1997-04-15	b0d6f8d8e65e267528839c8690892e29440d4802	63dfc3e07e5f8cab4524ab1ec09953a72241898d490be7e5b574b34c22a89cc3	kfm/pics/floppy_unmount.xpm
1997-04-15	b0d6f8d8e65e267528839c8690892e29440d4802	2dba10d70701cc060b008c71b626f940f0a1137f942a8a041ad286dd437428d4	kfm/pics/folder.xpm
1997-08-31	e2df17362710f0177e62b2587572154bb16888fe	4802f1561b269313afb102c764d466df7a002c7c288a4db581c8be3a51ede02b	kfm/pics/font.xpm
1997-08-31	e2df17362710f0177e62b2587572154bb16888fe	7e4d5c398ce55e1867f66de64594fa097fc0aad7c5f730063bb554bf8bdadd6e	kfm/pics/font2.xpm
1997-04-15	b0d6f8d8e65e267528839c8690892e29440d4802	cc8a723c6950432b78abaece306f9fba3d3762d4e6f41dfa122c6170325135b9	kfm/pics/ftp.xpm
1997-08-31	e2df17362710f0177e62b2587572154bb16888fe	2a9bc6b8f5df2a4d23e9ff96a882b8472d53c206a4f47ed04445afdd00450821	kfm/pics/gf.xpm
1997-08-31	e2df17362710f0177e62b2587572154bb16888fe	d10dd7f11e34bd5995126c2db0fa2954597b990637f8c990e2dcd2f91d6e7e8c	kfm/pics/h_src.xpm
1997-04-15	b0d6f8d8e65e267528839c8690892e29440d4802	08e351f99a12eabf655e3035778d7439a43ad04bc41775ebe2f89b7765c0f29c	kfm/pics/html.xpm
1997-04-15	b0d6f8d8e65e267528839c8690892e29440d4802	6f69c89c6409ddd9adba25b55f202a9ff04cf6efb8e8ed93f286c0f5797b00f0	kfm/pics/image.xpm
1997-04-15	b0d6f8d8e65e267528839c8690892e29440d4802	f93678e50493a6b825d68b56cda1bff22f1feb40b7c8c2dc0ff02c166c995190	kfm/pics/info.xpm
1997-08-31	e2df17362710f0177e62b2587572154bb16888fe	ba687ae663cea6e61110dc76b8a3b508f92999050738c634b2f8d0bad0442074	kfm/pics/java_src.xpm
1997-07-24	8b906f6572be3a084dd193272747569626d7c5c5	09b5137b70572af38767d59789d0713cb33ec9ab5a8c9b7437b8a9b9428320bc	kfm/pics/kde.gif
1997-07-24	8b906f6572be3a084dd193272747569626d7c5c5	1d89b97fb2d90b91ea256dbf25e2bb9cb0f944f48b8f8f17cded8ada8b4aee19	kfm/pics/kde1.gif
1997-09-01	0b3afcb49e0d7cb92b5d0db4522055d3b2b097aa	4841ce3cd4268a1e1246ff2d6deecac8b5ac021c716aa446797711246e0fd6f4	kfm/pics/kde1.xpm
1997-07-24	8b906f6572be3a084dd193272747569626d7c5c5	af7123428fdcfba889c09cfc2d6976d64f95000f7e794acd4e179d5b54107688	kfm/pics/kde10.gif
1997-07-24	8b906f6572be3a084dd193272747569626d7c5c5	cb3e2161fef9e4fc33a87c328c6f76fb4a758444941f477e5531e9b63cbf83f7	kfm/pics/kde11.gif
1997-07-24	8b906f6572be3a084dd193272747569626d7c5c5	5964cd45ba90511b369b4e75555bb424fb6b420165ef392fd7282a1d23d54b8b	kfm/pics/kde12.gif
1997-07-24	8b906f6572be3a084dd193272747569626d7c5c5	2e9663ecb66ae715ae81082ed4173ce388d80a315072c2bfbec23de4089e3562	kfm/pics/kde13.gif
1997-07-24	8b906f6572be3a084dd193272747569626d7c5c5	88d34a941fa3f57a9e6ee8c9876d4afae8b6f3abbf97235c3fd8cb6728a55dcb	kfm/pics/kde14.gif
1997-07-24	8b906f6572be3a084dd193272747569626d7c5c5	e65cdce0072e5cf9326846ed40e6302ae500b69ff1054174b80f12bbbba8975c	kfm/pics/kde15.gif
1997-07-24	8b906f6572be3a084dd193272747569626d7c5c5	88d34a941fa3f57a9e6ee8c9876d4afae8b6f3abbf97235c3fd8cb6728a55dcb	kfm/pics/kde16.gif
1997-07-24	8b906f6572be3a084dd193272747569626d7c5c5	2e9663ecb66ae715ae81082ed4173ce388d80a315072c2bfbec23de4089e3562	kfm/pics/kde17.gif
1997-07-24	8b906f6572be3a084dd193272747569626d7c5c5	5964cd45ba90511b369b4e75555bb424fb6b420165ef392fd7282a1d23d54b8b	kfm/pics/kde18.gif
1997-07-24	8b906f6572be3a084dd193272747569626d7c5c5	cb3e2161fef9e4fc33a87c328c6f76fb4a758444941f477e5531e9b63cbf83f7	kfm/pics/kde19.gif
1997-07-24	8b906f6572be3a084dd193272747569626d7c5c5	a4f5e0a72ef3290cd5194ba3d618c227f5f5085f86e6531c0139dd131a4ed205	kfm/pics/kde2.gif
1997-09-01	0b3afcb49e0d7cb92b5d0db4522055d3b2b097aa	cf92ba1e8cd69dd54b3d9a5795f8432966cb194676dc22bd40ebcf98d6676e2e	kfm/pics/kde2.xpm
1997-07-24	8b906f6572be3a084dd193272747569626d7c5c5	af7123428fdcfba889c09cfc2d6976d64f95000f7e794acd4e179d5b54107688	kfm/pics/kde20.gif
1997-07-24	8b906f6572be3a084dd193272747569626d7c5c5	39a5db4f67160837bfd82cac80b6488e2fea6a85bea21795f6048812dbf6a8fb	kfm/pics/kde21.gif
1997-07-24	8b906f6572be3a084dd193272747569626d7c5c5	5ad5ca1291052802a0ecd28160da1eb28396d09eddeb99be79b87425fc7abf59	kfm/pics/kde22.gif
1997-07-24	8b906f6572be3a084dd193272747569626d7c5c5	7aa1e0609db58c9a91877302fbcdc83e5ee20a69bdf70115c4f8eb39a642e824	kfm/pics/kde23.gif
1997-07-24	8b906f6572be3a084dd193272747569626d7c5c5	0a0b437712ffd0dde9c0c24669815330272676aa70446140d169c608d816c0eb	kfm/pics/kde24.gif
1997-07-24	8b906f6572be3a084dd193272747569626d7c5c5	00f525e1468117a22ee041a4904e0ae6a68b02823f38b91697099a07c5aba9db	kfm/pics/kde25.gif
1997-07-24	8b906f6572be3a084dd193272747569626d7c5c5	0a0b437712ffd0dde9c0c24669815330272676aa70446140d169c608d816c0eb	kfm/pics/kde26.gif
1997-07-24	8b906f6572be3a084dd193272747569626d7c5c5	7aa1e0609db58c9a91877302fbcdc83e5ee20a69bdf70115c4f8eb39a642e824	kfm/pics/kde27.gif
1997-07-24	8b906f6572be3a084dd193272747569626d7c5c5	5ad5ca1291052802a0ecd28160da1eb28396d09eddeb99be79b87425fc7abf59	kfm/pics/kde28.gif
1997-07-24	8b906f6572be3a084dd193272747569626d7c5c5	39a5db4f67160837bfd82cac80b6488e2fea6a85bea21795f6048812dbf6a8fb	kfm/pics/kde29.gif
1997-07-24	8b906f6572be3a084dd193272747569626d7c5c5	ef02e59dfdf73616b11693acab9e80202c554c0ef0cad108e2a9e50abe22ac34	kfm/pics/kde3.gif
1997-09-01	0b3afcb49e0d7cb92b5d0db4522055d3b2b097aa	9847bb4d7a6a886e547b77b5e8d4498f557d0c706fb1e882defc76d8846f48ed	kfm/pics/kde3.xpm
1997-07-24	8b906f6572be3a084dd193272747569626d7c5c5	af7123428fdcfba889c09cfc2d6976d64f95000f7e794acd4e179d5b54107688	kfm/pics/kde30.gif
1997-07-24	8b906f6572be3a084dd193272747569626d7c5c5	1f238b50def0bac9303dbbd8bfda24c36d5be523a8f6f4edf490d3212cd5cf10	kfm/pics/kde4.gif
1997-09-01	0b3afcb49e0d7cb92b5d0db4522055d3b2b097aa	7d298a84838c0f9d0a60af7d3d8ea2fcbd5dec5b0d0dd7bfc18230b4a45d4776	kfm/pics/kde4.xpm
1997-07-24	8b906f6572be3a084dd193272747569626d7c5c5	e5a5ae13616780af6c04cf59e130fe6ce9df109a66bca445e0f45dffb6a8db02	kfm/pics/kde5.gif
1997-09-01	0b3afcb49e0d7cb92b5d0db4522055d3b2b097aa	e84a3ccae25a30b10d5c4aa2aa49c0cec490b61659e0a980945ccc951aec9aef	kfm/pics/kde5.xpm
1997-07-24	8b906f6572be3a084dd193272747569626d7c5c5	1f238b50def0bac9303dbbd8bfda24c36d5be523a8f6f4edf490d3212cd5cf10	kfm/pics/kde6.gif
1997-09-01	0b3afcb49e0d7cb92b5d0db4522055d3b2b097aa	1e67ddfaa1e9c64e8199aa3f117934330e3ae961c03e6615faa9685c6c9893c8	kfm/pics/kde6.xpm
1997-07-24	8b906f6572be3a084dd193272747569626d7c5c5	ef02e59dfdf73616b11693acab9e80202c554c0ef0cad108e2a9e50abe22ac34	kfm/pics/kde7.gif
1997-09-01	0b3afcb49e0d7cb92b5d0db4522055d3b2b097aa	9f0f77be6091fc245130ade4c2295348fbb719884d7075b09e743ceb94c6f79f	kfm/pics/kde7.xpm
1997-07-24	8b906f6572be3a084dd193272747569626d7c5c5	a4f5e0a72ef3290cd5194ba3d618c227f5f5085f86e6531c0139dd131a4ed205	kfm/pics/kde8.gif
1997-09-01	0b3afcb49e0d7cb92b5d0db4522055d3b2b097aa	2da69874d59a15b38936b821a97f621308c96d4e42e4981d4c2e456f16090269	kfm/pics/kde8.xpm
1997-07-24	8b906f6572be3a084dd193272747569626d7c5c5	1d89b97fb2d90b91ea256dbf25e2bb9cb0f944f48b8f8f17cded8ada8b4aee19	kfm/pics/kde9.gif
1997-09-01	0b3afcb49e0d7cb92b5d0db4522055d3b2b097aa	2c2ad376ab5e26b524ee090c74c4bd71d319484f69e3413130cd3c0530e6b238	kfm/pics/kde9.xpm
1997-08-31	e2df17362710f0177e62b2587572154bb16888fe	ede1735507d504f9289d700ac871c754de42d45210927c5f492df82207d810a7	kfm/pics/key.xpm
1997-07-24	8b906f6572be3a084dd193272747569626d7c5c5	c031e98130b8de1af980494496f0e2247f45cbc6b59b93325c935befa4749f70	kfm/pics/kfm_fulltrash.xpm
1997-08-31	e2df17362710f0177e62b2587572154bb16888fe	a81ccd093e71e9c84b2db5551694e09bd1cb8d508fb4b7a44238755f4f473255	kfm/pics/kfm_home.xpm
1997-04-15	b0d6f8d8e65e267528839c8690892e29440d4802	3f5e4785d93a3c0ba3cad5002c7ea43ee97083e8e0279f11042e8d2650613c43	kfm/pics/kfm_refresh.xpm
1997-05-26	6b28ea799be6a3f45c11e59ee30879244db034fd	41c8505e878f6c69ff9a73ee4212f4e100710bb899f72d754127d5e204f79bd2	kfm/pics/kfm_trash.xpm
1997-09-01	de23872109e52b32af3ed9bf97fc336689a75361	ffff75569470d7a2c23d181239f4def35248d835e32f995b4e7fd1b51afbc9c3	kfm/pics/kmailion.xpm
1997-08-31	5b49e1c1e10c7e9e4ed54195110274239c0fe092	5f1da9eec2b4b7defbcb0505f8d8ede658339fff0b07afd48b484b444355e291	kfm/pics/kmultiple.xpm
1997-08-31	e2df17362710f0177e62b2587572154bb16888fe	e9c683509c783b025469db1c8095ff21a76ab25db65ff42c29b8d0147f32aef8	kfm/pics/kpanel.xpm
1997-08-31	e2df17362710f0177e62b2587572154bb16888fe	7242f869a2b2cf55eb86de6c85d14fa7f9a14f6c40018fbe9c1b1585fbbe0a2d	kfm/pics/l_src.xpm
1999-08-05	b9ed7d6733f0d1cd74fd7270c9f281ec898b6b4d	f327fe25abb8c084853905b27219db7be3bc8a5ae1e01f2c142457c5199c431e	kfm/pics/large-kmultiple.xpm
1997-08-31	e2df17362710f0177e62b2587572154bb16888fe	572294dedd0977c365c7b7198de1af083cec91e3c10cea672caf32cb7072d5ca	kfm/pics/launch.xpm
1997-08-31	e2df17362710f0177e62b2587572154bb16888fe	a0f96546b48a1e695f1baaa7b8423eae72c2333a2bc98e72eb55013dabec641d	kfm/pics/link.xpm
1997-08-29	50160af3bb867c2b54ed2ff1e459af3282cd4fc8	ceb96d09482984d942a050f109f02ef4b6ec3943bd550a6013a157e2c1f8de61	kfm/pics/lockedfolder.xpm
1997-08-31	e2df17362710f0177e62b2587572154bb16888fe	fd4435df0b438739295e0d91f5a5c94868902a1b259c526cef185de67ba7521f	kfm/pics/make.xpm
1997-08-31	e2df17362710f0177e62b2587572154bb16888fe	981fee327bd021ac74cd3f1b608709f5fc787714560289273dbeb86138fcd112	kfm/pics/metafont.xpm
1997-08-31	e2df17362710f0177e62b2587572154bb16888fe	204170cb121dd6112ffaa32c7f247d3966cabf6e154a777dedb60d528a1ceab7	kfm/pics/midi.xpm
1997-09-01	3d6ef51f1dc9704eb6def21695001d4d36bf306c	94b376590b93cce1c358eeaac8d6c5853e777bd93e3bd37d3e6d85f6b7daae3c	kfm/pics/moc_src.xpm
1997-04-15	b0d6f8d8e65e267528839c8690892e29440d4802	58d595738637d87fb8cc292ceaa3dedaea03d1ea55e4b24ee5ee5622513f3c78	kfm/pics/netscape3.xpm
1997-09-01	3d6ef51f1dc9704eb6def21695001d4d36bf306c	bf8749129dd36ff0008b37f631738a9ec11e86d01290027324323df652585490	kfm/pics/news.xpm
1997-04-15	b0d6f8d8e65e267528839c8690892e29440d4802	ae420178588d2e115b79648dc06b97314c77249e063f3a2b190554cfcf03f9f1	kfm/pics/open.gif
1997-04-15	b0d6f8d8e65e267528839c8690892e29440d4802	629f438fcd98c55c5b3c03b71eaf6ca63dc213392d0c45eeec6fc404c9cde829	kfm/pics/open.xpm
1997-08-31	e2df17362710f0177e62b2587572154bb16888fe	ca67df974f4afac3f9ebf941ecf13aee251f413046c5fb27d2b045b64f81fef1	kfm/pics/p_src.xpm
1997-08-31	e2df17362710f0177e62b2587572154bb16888fe	6051a514b3d981bc0766f012e2f3c3dd31f9ebe6a6cc1e12ace8da9deb32501b	kfm/pics/pdf.xpm
1997-08-31	e2df17362710f0177e62b2587572154bb16888fe	0f35c1585ee4c4906af142ca96f75c39d52afaef30a04b47d0a16de2149ab238	kfm/pics/pipe.xpm
1997-08-31	e2df17362710f0177e62b2587572154bb16888fe	72a10999d9911a0a01c9fc568d65be1cfc5b2ad817cf1656fccd50fcb1b39fb4	kfm/pics/pk.xpm
1997-08-31	e2df17362710f0177e62b2587572154bb16888fe	493f3c2f80aa09afff17936174ad8298f3bd7d571763e3455773304c9cbd1084	kfm/pics/postscript.xpm
1997-04-15	b0d6f8d8e65e267528839c8690892e29440d4802	a68c3d7e8bd993b63a0e1191c0ef574922ae4a9a1ac11923de591a9edbf39cc8	kfm/pics/printer.xpm
1997-09-08	8be938eb336115dd07ff6ef0166927aee1d5e417	a17d3ceeff18c10b7ffe8a486786efd451629ad6d3d8f8a9c2f158a24e799e6b	kfm/pics/question.xpm
1997-08-31	e2df17362710f0177e62b2587572154bb16888fe	8b9dd0c841b34c0c6d97fa997c340d56f60afdddf3f8ccd3f85b088cf6cd2b90	kfm/pics/readme.xpm
1997-08-31	e2df17362710f0177e62b2587572154bb16888fe	afdaa7b222abfdc18a85a08efdc79c09947ff782c9e5b83f0148d3fe1013b2ed	kfm/pics/readonly.xpm
1997-08-31	e2df17362710f0177e62b2587572154bb16888fe	41cf7c9414b02207a60ce05ebcedc7099623246e97552cad5925e7af470ee360	kfm/pics/s_src.xpm
1997-08-31	e2df17362710f0177e62b2587572154bb16888fe	0f35c1585ee4c4906af142ca96f75c39d52afaef30a04b47d0a16de2149ab238	kfm/pics/socket.xpm
1997-08-31	e2df17362710f0177e62b2587572154bb16888fe	408c052d3407b7ed072c397e2c84fb44e59a20b24a093fff8f8c9be8441b89d4	kfm/pics/sound.xpm
1997-09-08	8be938eb336115dd07ff6ef0166927aee1d5e417	b298f6248762a5663c67e883637ac12ebaff284559b7e0eb121af7bec96ee332	kfm/pics/stopsign.xpm
1997-04-15	b0d6f8d8e65e267528839c8690892e29440d4802	9b606a7345a3e9795b0e34f9f7025ddbcdbd9b68fc0f1dbbb466d2f92842e47d	kfm/pics/stylus.xpm
1997-04-15	b0d6f8d8e65e267528839c8690892e29440d4802	26c379661eeb2c70d9281106b8d013a9e56e77e07574f4672d1d085e806a661c	kfm/pics/terminal.xpm
1997-08-31	e2df17362710f0177e62b2587572154bb16888fe	523f9ef6f0b13f952a0216c2c5c2ef1d46e4482ce0291cac885631531527fc92	kfm/pics/tex.xpm
1997-04-15	b0d6f8d8e65e267528839c8690892e29440d4802	fd48f8e102dc12c94b72822a45652de652333168262088a546489a421d71c748	kfm/pics/tgz.xpm
1997-04-15	b0d6f8d8e65e267528839c8690892e29440d4802	41c8505e878f6c69ff9a73ee4212f4e100710bb899f72d754127d5e204f79bd2	kfm/pics/trash.xpm
1997-04-15	b0d6f8d8e65e267528839c8690892e29440d4802	58bd0ef0e95d99f9272e2dbbfcc994f23fa80467abe706d5358a48c136c83869	kfm/pics/txt.xpm
1997-04-15	b0d6f8d8e65e267528839c8690892e29440d4802	c63b32e5901c5e6597212137a22fa7338df1e6feae9cfef8db307e8b89a75746	kfm/pics/unknown.xpm
1997-04-15	b0d6f8d8e65e267528839c8690892e29440d4802	ba3f65fe2ae00832a7beb543144a08693f0874d72115d54bcd4c082b8fd64d66	kfm/pics/unzip.xpm
1997-08-31	e2df17362710f0177e62b2587572154bb16888fe	b35d2b9bb83fd9505a18f3439e4dcad8b0fb0a305d4519096acf6ce94408bc61	kfm/pics/video.xpm
1997-08-31	e2df17362710f0177e62b2587572154bb16888fe	9c70af9e1bab7ec165d59d8def144aafe15b8a8fad19817715b9beebe36935f6	kfm/pics/video2.xpm
1997-04-15	b0d6f8d8e65e267528839c8690892e29440d4802	a08bcebc6e29f7b151337ca5576ab6835fc062271e44ead553fac90269367fa1	kfm/pics/www.xpm
1997-08-31	e2df17362710f0177e62b2587572154bb16888fe	243f55d5ff5993895e2aaef67f1b25b5be8abda0c8f59a170edfe902754b4d14	kfm/pics/y_src.xpm
1997-09-01	3d6ef51f1dc9704eb6def21695001d4d36bf306c	dd7db7cfb5cc15b0332b00b06d0142d44dc84efb39676a67943e70f39f90a0ab	kfm/pics/zip_mount.xpm
1997-09-01	3d6ef51f1dc9704eb6def21695001d4d36bf306c	bab5a130b2fc39fd308b615b70447f51418b66a2423d8094be75af571487fe5d	kfm/pics/zip_unmount.xpm
1997-11-05	6989d864acdacbe84f8a5bd5964c54c7d0551616	628430f46b059e09157a9ebcd4765ba107c8905443c041eac957de3aae1264b0	kfontmanager/kfontmanager.xpm
1999-08-05	b9ed7d6733f0d1cd74fd7270c9f281ec898b6b4d	a711d220b054102257475dfe4f6914769b54419e281735ee41544d1dc48bbcd7	kfontmanager/large-kfontmanager.xpm
1997-11-05	6989d864acdacbe84f8a5bd5964c54c7d0551616	b2e1eddbb74c6cd0cdfc8b64c6e195c3795f59e44b3826348357f855f66ee181	kfontmanager/mini-kfontmanager.xpm
1998-09-06	58044e5d7e4811c5efb7db67bf75c1b31317011a	e16c73db49e9230eaa6f1c350350538ab7d92908819893b600e076fe09adb892	kikbd/doc/en/advanced.gif
1998-09-06	58044e5d7e4811c5efb7db67bf75c1b31317011a	b300e86949a45427057105b79505a42853abf1a2906b6e1e5272594dede1cc2e	kikbd/doc/en/general.gif
1998-09-06	58044e5d7e4811c5efb7db67bf75c1b31317011a	87d3a371592153202e69cebbbcafdcf38501817e9d503b72fc45798aa0cd7312	kikbd/doc/en/logotp3.gif
1998-09-06	58044e5d7e4811c5efb7db67bf75c1b31317011a	4dca1b379e13aad6a842c643cb39100325c35a4fdbaeac6bc51dc3c73fa99a4a	kikbd/doc/en/startup.gif
1998-09-06	58044e5d7e4811c5efb7db67bf75c1b31317011a	8f9c883a245849fdace520e7a5e0f54b256bd474436eae60008e298824d1c26c	kikbd/doc/en/style.gif
1998-09-06	58044e5d7e4811c5efb7db67bf75c1b31317011a	421da2ccef8cc741b0720d514cbdecf845375152a8dd3defd7d74ab061d154d6	kikbd/doc/ru/advanced.gif
1998-09-06	58044e5d7e4811c5efb7db67bf75c1b31317011a	68783a53766556b78abc591f853452f620bf73a9fa9a91ef75286669b8e5d45f	kikbd/doc/ru/general.gif
1998-09-06	58044e5d7e4811c5efb7db67bf75c1b31317011a	87d3a371592153202e69cebbbcafdcf38501817e9d503b72fc45798aa0cd7312	kikbd/doc/ru/logotp3.gif
1998-09-06	58044e5d7e4811c5efb7db67bf75c1b31317011a	b9d1d91ae2fa56fa9342fa6132d89cb4da5a23b23c8d6ce7b76a30b772ab5a29	kikbd/doc/ru/startup.gif
1998-09-06	58044e5d7e4811c5efb7db67bf75c1b31317011a	c7646c94069abf04abde0428309950e0b40929bca2c8e1ecb8b2313bf3b19223	kikbd/doc/ru/style.gif
1998-09-06	58044e5d7e4811c5efb7db67bf75c1b31317011a	039e394250df64e173a6186e09bfe4e67b96caec98e7b464c652535894084fb7	kikbd/kikbd.xpm
1999-09-06	817b89e198d9cb1c5a327f5da902da20f30c6e20	5a1673f65e3b8b5f9b5559fbe0c2d399ba0250f3aec6acf39dd36cbf5a607641	kikbd/large-kikbd.xpm
1998-09-06	58044e5d7e4811c5efb7db67bf75c1b31317011a	9cbe4eae1801408be464a6bb9f829ab7ed3dce8a1d89bba194ce9ddabac2ee17	kikbd/mini-kikbd.xpm
1999-01-14	44073c36961b04a2e99734f2890ac8d6e09bc66e	e6602fde9a8f0c11bb74552a445cdfd6bf138b343bab3430a5ce9af48cf3ad07	klipper/klipper.xpm
1999-01-14	44073c36961b04a2e99734f2890ac8d6e09bc66e	3071f99566bb1191c5e16ea49954c813f515a8b143e735517c671ecc1c47d794	klipper/klipper_mini.xpm
1999-08-23	57e70d4e6ea88380c52c4e59c722d633d737e48c	d7376779f25cdadaa4ee5f74b12eb74704d0419954d80257d65e41293457576f	klipper/large-klipper.xpm
1997-09-12	db1608410ffb83b1499295e5bc8fce669f480c44	09b46a9900fc446a29037d4e4831565e5a1d238a06951995c670d5dbbe8bbee2	kmenuedit/icons/maximize2.xpm
1997-09-12	db1608410ffb83b1499295e5bc8fce669f480c44	b802c18967153e90897596bd852dc833e9114d8c6fc688fabb75b8367e03764f	kmenuedit/icons/mini-ball.xpm
1997-09-12	db1608410ffb83b1499295e5bc8fce669f480c44	8ba1cb47fedd69e93bdf6a8f1411e38580fd17e1c05f271a253f8ab186728d4a	kmenuedit/icons/mini-bball.xpm
1997-09-12	db1608410ffb83b1499295e5bc8fce669f480c44	6ab1c6358cb381f1888149a3655b3dff795d590cc2fba6c0febbe8a62f268eac	kmenuedit/icons/mini-bomb.xpm
1997-09-12	db1608410ffb83b1499295e5bc8fce669f480c44	74331427e964cb8070a778acebd8b2389d75f6fbc8e9673336b27212df730019	kmenuedit/icons/mini-book1.xpm
1997-09-12	db1608410ffb83b1499295e5bc8fce669f480c44	b8644596727de0e01f193257c4b484810d2f232a7dd94d84111f55149efe69dd	kmenuedit/icons/mini-book2.xpm
1997-09-12	db1608410ffb83b1499295e5bc8fce669f480c44	430fe44f43d11387560b969c939ffb23493e0d302c86dd753efbf4ebcd9fa4b9	kmenuedit/icons/mini-bug1.xpm
1997-09-12	db1608410ffb83b1499295e5bc8fce669f480c44	d19618b34253f877f73e2e95f75a364860e9595d958ebc7027884580dd92c2b6	kmenuedit/icons/mini-bug2.xpm
1997-09-12	db1608410ffb83b1499295e5bc8fce669f480c44	4e9db0f1fd52a21485a1b0f7310115507a26545d49072d1edb395b4dbc05219e	kmenuedit/icons/mini-bx2.xpm
1997-09-12	db1608410ffb83b1499295e5bc8fce669f480c44	62edb70d2faebdf9f9c048bfc8b653b721a265336e5e7b77d8de599b9abfcac7	kmenuedit/icons/mini-calc.xpm
1997-09-12	db1608410ffb83b1499295e5bc8fce669f480c44	53b93ffd5fce3051a82ea205ce9a51c2bcdc24a8cf39a65163ad4b0a56d6aa7a	kmenuedit/icons/mini-camera.xpm
1997-09-12	db1608410ffb83b1499295e5bc8fce669f480c44	0c3e5a9b447d56ec551957bcdba5b9d3575e9ce75792b1474eed82fcf1cf1b08	kmenuedit/icons/mini-cdlabel.xpm
1997-09-12	db1608410ffb83b1499295e5bc8fce669f480c44	0218a801bb3275399eb8c2abd8b2b84772edf6f4b3d0836967348b61944e6a02	kmenuedit/icons/mini-clock.xpm
1997-09-12	db1608410ffb83b1499295e5bc8fce669f480c44	ec0184ab962e0cff7613c8a7c3807b0e2a3f23c41ee567bdc8fdc15f54a4c95b	kmenuedit/icons/mini-colors.xpm
1997-09-12	db1608410ffb83b1499295e5bc8fce669f480c44	5573cd3c6c497bb116562d002c6ec95c4b010ee5d1f1fc0118e78ce23d792a7a	kmenuedit/icons/mini-connect.xpm
1997-09-12	db1608410ffb83b1499295e5bc8fce669f480c44	2dd973e5e9037bc41d26249f49f34ab932196f30a45c3e294282de7fe256ae80	kmenuedit/icons/mini-connected.xpm
1997-09-12	db1608410ffb83b1499295e5bc8fce669f480c44	27de9980ddd493071213aeeeec2329e86a113fe0af877cb3540f235ce1f313c8	kmenuedit/icons/mini-cross.xpm
1997-09-12	db1608410ffb83b1499295e5bc8fce669f480c44	2e9e5ac7d280cdafa3dc2c7e7d71b3f3912537b85c0dc0c53c93df29f9fa47d9	kmenuedit/icons/mini-display.xpm
1997-09-12	db1608410ffb83b1499295e5bc8fce669f480c44	952eac5450d12f1b923b99860e6a4c606625842f4aa38af9b8b727696b6ea48d	kmenuedit/icons/mini-doc.xpm
1997-09-12	db1608410ffb83b1499295e5bc8fce669f480c44	e4562fe22977cca288c781e1353b3132ffb6694c409b0336e24c11a0f3cc15bd	kmenuedit/icons/mini-edit.xpm
1997-09-12	db1608410ffb83b1499295e5bc8fce669f480c44	1d56ef8948fce0a7c7a95e4fe923aa14ca5de9a4f974f16b0c5a98363b4aa9af	kmenuedit/icons/mini-exclam.xpm
1997-09-12	db1608410ffb83b1499295e5bc8fce669f480c44	ee9f31fb9a4d421d0c8c263f70bf38edfeb363cb227c94e7c22420ebbe689cab	kmenuedit/icons/mini-exp.xpm
1997-09-12	db1608410ffb83b1499295e5bc8fce669f480c44	73fb05726bbd247c8e18caf4908afb7458fbca6353f9a4eaa9fa32f8e68e2c96	kmenuedit/icons/mini-eyes.xpm
1997-09-12	db1608410ffb83b1499295e5bc8fce669f480c44	c75b5ced00000d6f02e68b86de985ca9bcc5fec183371cf7bd9b2c2d14b28ba5	kmenuedit/icons/mini-filemgr.xpm
1997-09-12	db1608410ffb83b1499295e5bc8fce669f480c44	6942197396aadb7c49af07fab66ddcf6b6a73bef791237aaf0bedbc34f88fab9	kmenuedit/icons/mini-fractal.xpm
1997-09-12	db1608410ffb83b1499295e5bc8fce669f480c44	d0fa7a1d7d6e834fbec35c9fb9249a79e7776df0d8ccb17db51a08ac8103d821	kmenuedit/icons/mini-gball.xpm
1997-09-12	db1608410ffb83b1499295e5bc8fce669f480c44	7409f2134a53d70ed2e7b4ad5084be1cc8175fba1b94f533a49ef3b415fefdcc	kmenuedit/icons/mini-gv.xpm
1997-09-12	db1608410ffb83b1499295e5bc8fce669f480c44	9b3c4d648dedc64fc5dc4ff47166bed38195d3f5f620cfced5d5691ac39139a4	kmenuedit/icons/mini-hammer.xpm
1997-09-12	db1608410ffb83b1499295e5bc8fce669f480c44	115149b14a53d4cfea2f1bd8b60e50dfccec0b519626d3cb52bfc46d221886ab	kmenuedit/icons/mini-happy.xpm
1997-09-12	db1608410ffb83b1499295e5bc8fce669f480c44	4149b1b7463401850737b001927bfcb988fe6206f41fb0132b7984b467771570	kmenuedit/icons/mini-hextris.xpm
1997-09-12	db1608410ffb83b1499295e5bc8fce669f480c44	447b0d88293297785c84fa23905a361ea8a5e4b41cfbff13c994c185d3ec6360	kmenuedit/icons/mini-k.xpm
1997-09-12	db1608410ffb83b1499295e5bc8fce669f480c44	7fd2187f46e8439e65ab1a651f64e3a527c48ae1ddd6b1e6971b2b01c4ad21d1	kmenuedit/icons/mini-lock.xpm
1997-09-12	db1608410ffb83b1499295e5bc8fce669f480c44	3c3dd45207f0f5071e36b27f87025709120c0b61169e7a7536331b1f7454ee29	kmenuedit/icons/mini-lower.xpm
1997-09-12	db1608410ffb83b1499295e5bc8fce669f480c44	f43f9d645c7935f3f5fb1920b15dee5a0c8af32bbc99506bf29d53462ba42137	kmenuedit/icons/mini-mail.xpm
1997-09-12	db1608410ffb83b1499295e5bc8fce669f480c44	a491700ac30b517a217060f73b13e3f26c129a73958c013a42bd9b369e9e71c5	kmenuedit/icons/mini-manual.xpm
1997-09-12	db1608410ffb83b1499295e5bc8fce669f480c44	9d4ef61a836d14713096357918ca054e60f5b8f5e18d4a1ab1c1e890d0ae3996	kmenuedit/icons/mini-max1.xpm
1997-09-12	db1608410ffb83b1499295e5bc8fce669f480c44	cd1eeac70d9da62f31a9febd6cc71d97e2a807893d99a3ecdbc78f95db3ef9bd	kmenuedit/icons/mini-maze.xpm
1997-09-12	db1608410ffb83b1499295e5bc8fce669f480c44	9bd4c4aa84f1e9283c59d553ccd379fcbd90d6d4e26983f41187f5f87ee77d9b	kmenuedit/icons/mini-modules.xpm
1997-09-12	db1608410ffb83b1499295e5bc8fce669f480c44	64187e184f0d7fab7d61d06cfad777cbe92c1009fdd857e52a69df3bd8b009fe	kmenuedit/icons/mini-move.xpm
1997-09-12	db1608410ffb83b1499295e5bc8fce669f480c44	f7395775b28b9c9d5f8b2d73225bd76a790cdb0ad07b282256b5187b6dd28836	kmenuedit/icons/mini-move1.xpm
1997-09-12	db1608410ffb83b1499295e5bc8fce669f480c44	3fa9219eb7cc42cc780a0cdad03d4d8794840a915c335a1c64cce460b6161496	kmenuedit/icons/mini-nscape.xpm
1997-09-12	db1608410ffb83b1499295e5bc8fce669f480c44	016b88af6bbded139ae93cecec5f5783081f352f8f70798d9c2af1d5e54c23a0	kmenuedit/icons/mini-ofolder.xpm
1997-09-12	db1608410ffb83b1499295e5bc8fce669f480c44	2845dac1c73eefa25ec6d561e62bdd53e156e786cf337f2bce691426bbbc8787	kmenuedit/icons/mini-olwm.xpm
1997-09-12	db1608410ffb83b1499295e5bc8fce669f480c44	dfafeaed00bb5a3c5b3ee7f04b2ea0305d28251f0a79622e63a4048134b09c06	kmenuedit/icons/mini-paint.xpm
1997-09-12	db1608410ffb83b1499295e5bc8fce669f480c44	8cc59c393d54be7359460855cd4ffafda55c78eabf20f24243677282c24c6890	kmenuedit/icons/mini-pencil.xpm
1997-09-12	db1608410ffb83b1499295e5bc8fce669f480c44	5eaccccd19e713553c34157a8c050daa51bf4455312cd62bada6e43092be2ba0	kmenuedit/icons/mini-question.xpm
1997-09-12	db1608410ffb83b1499295e5bc8fce669f480c44	082aeda60a911427b9f08c368ab2d59783287712464823d71a2839928b980b13	kmenuedit/icons/mini-raise.xpm
1997-09-12	db1608410ffb83b1499295e5bc8fce669f480c44	a0ceacc135e51e9046fde56ae8ed7571ff5458b3724b0a17857b74b54098ee32	kmenuedit/icons/mini-ray.xpm
1997-09-12	db1608410ffb83b1499295e5bc8fce669f480c44	7c7d39149c2cf60291792aaaa16c4d40bed6ebdbdf0205c3c11574eb956513a2	kmenuedit/icons/mini-rball.xpm
1997-09-12	db1608410ffb83b1499295e5bc8fce669f480c44	a60c81456967c5f328f886ffc09a73ad053312ee05819a2ec31dac0865124d2b	kmenuedit/icons/mini-resize.xpm
1997-09-12	db1608410ffb83b1499295e5bc8fce669f480c44	3a36b54a0e6f4f3eb7056fdda018ed09533d587c7188a45eba69b29386246e1c	kmenuedit/icons/mini-roach.xpm
1997-09-12	db1608410ffb83b1499295e5bc8fce669f480c44	d17f445ef9ca38762f4cb03ce1b6f0914765a9fd91ed0217ed628554a5e0c032	kmenuedit/icons/mini-run.xpm
1997-09-12	db1608410ffb83b1499295e5bc8fce669f480c44	2f93c4bae57f9709959c0846d8242bb081ef6136c9c9a0f6fb2fe93a70ff3c1d	kmenuedit/icons/mini-sh.xpm
1997-09-12	db1608410ffb83b1499295e5bc8fce669f480c44	3613a03394dbc697a29e9cc8ce537e7f4218bb7067274d659bae04628ed14a9d	kmenuedit/icons/mini-sh1.xpm
1997-09-12	db1608410ffb83b1499295e5bc8fce669f480c44	bd76d2f8481cb23e23fa7e49f7582a30ab2ef8004b972212361b9897c0bf6e6d	kmenuedit/icons/mini-slon.xpm
1997-09-12	db1608410ffb83b1499295e5bc8fce669f480c44	da9d76fc14868a2474f15bd61f8173adfa576fbca43170ae1c65d194f896bf0e	kmenuedit/icons/mini-stop.xpm
1997-09-12	db1608410ffb83b1499295e5bc8fce669f480c44	783c773900986c9e13f0f65d5d1020ea87125dc45c5e41e38e4de3aa33ca5938	kmenuedit/icons/mini-term.xpm
1997-09-12	db1608410ffb83b1499295e5bc8fce669f480c44	17e7ae1b682d9adba525756ce11c76c2efcf0d5c3c7d1fb684126982b5cd68cd	kmenuedit/icons/mini-tetris.xpm
1997-09-12	db1608410ffb83b1499295e5bc8fce669f480c44	cd7137f964d2be82250d00f4fa1bfac426c08734dfe884978e1f18ca0c3c421d	kmenuedit/icons/mini-turn.xpm
1997-09-12	db1608410ffb83b1499295e5bc8fce669f480c44	4091a55aea1fb19485b7a076ddaccfd75c359e228c105d5d8151eba40bb01fac	kmenuedit/icons/mini-up.xpm
1997-09-12	db1608410ffb83b1499295e5bc8fce669f480c44	32c17f2eab6645372068b63e2d54cedf9e6ce91e2518885d1824b4ab71fa74de	kmenuedit/icons/mini-windows.xpm
1997-09-12	db1608410ffb83b1499295e5bc8fce669f480c44	a636d3fd0b9d023abe049dd3056d9250be0c53fda3c79d3fe9202408e6e5c1c2	kmenuedit/icons/mini-x.xpm
1997-09-12	db1608410ffb83b1499295e5bc8fce669f480c44	183f30b708b3324bcfa5354fb2ef15e186322f87ba358dad61083ea902b39c0c	kmenuedit/icons/mini-x2.xpm
1997-09-12	db1608410ffb83b1499295e5bc8fce669f480c44	7b614494ae07f726108f71cbd725a86c3c065a84337b40ccf1dc53691159667c	kmenuedit/icons/mini-xmahjongg.xpm
1997-09-12	db1608410ffb83b1499295e5bc8fce669f480c44	ce53f2a98f4abe3e510098279e57a608db918bbdea8519a26bc69c388d0652f7	kmenuedit/icons/mini-xv.xpm
1997-09-12	db1608410ffb83b1499295e5bc8fce669f480c44	17ed31fc099b2259bc6b000d9508741207191f88c2dc22e3f5b024d41a6e1aa1	kmenuedit/icons/mini-zoom.xpm
1997-09-12	db1608410ffb83b1499295e5bc8fce669f480c44	e2049fd7588b7c21bd00e6c04711764f93f3fdf1bdf8a3cb742decf0b62f110c	kmenuedit/icons/mini.audiovol.xpm
1997-09-12	db1608410ffb83b1499295e5bc8fce669f480c44	f37ebb84a8b2a75603b29021ff58c38d3fcd30a4edfdd44b6d74e4d374f908a1	kmenuedit/icons/mini.checkmark.xpm
1997-09-12	db1608410ffb83b1499295e5bc8fce669f480c44	e0282922729e4534afca99e7a87b842a092023fad77261f648da3f71254833e2	kmenuedit/icons/mini.cut.xpm
1997-09-12	db1608410ffb83b1499295e5bc8fce669f480c44	5846dd0dbe3bcf70604dc16cada9fa0814970c20c51e4a8229bce73e6a88b6c0	kmenuedit/icons/mini.destroy.xpm
1997-09-12	db1608410ffb83b1499295e5bc8fce669f480c44	34c998c5bee9ccf3329934db9d53766bee9f08580dbf5939dbdef7ef36aa778d	kmenuedit/icons/mini.excl.xpm
1997-09-12	db1608410ffb83b1499295e5bc8fce669f480c44	7acf05de6e5510531eb9487c91a1545fa42c0c5d63f13726da0f4f7ec33b8f52	kmenuedit/icons/mini.exit.xpm
1997-09-12	db1608410ffb83b1499295e5bc8fce669f480c44	06a79f8d680d5ea677d722fc6d48ac3c05ba08e6aa65a7dd389aed346c498e92	kmenuedit/icons/mini.fvwm.xpm
1997-09-12	db1608410ffb83b1499295e5bc8fce669f480c44	4f29f0647db4d9ca65eb5ff53b3b4ecde7e82a479f921bfdf9fc4a64d5c0d147	kmenuedit/icons/mini.letter.xpm
1997-09-12	db1608410ffb83b1499295e5bc8fce669f480c44	fe495028232262349d3dd57738d7707697330cd2f29ec15f77cf31eedbe22477	kmenuedit/icons/mini.lower.xpm
1997-09-12	db1608410ffb83b1499295e5bc8fce669f480c44	5465bacb20074a7fb89428247af65b19a68f417e7051d7b1c99b5605b2736839	kmenuedit/icons/mini.move.xpm
1997-09-12	db1608410ffb83b1499295e5bc8fce669f480c44	eb743d5f6ddbad96c796e82b6d6d1b925ad064edfadc298e60880da9343dd7f1	kmenuedit/icons/mini.netscape.xpm
1997-09-12	db1608410ffb83b1499295e5bc8fce669f480c44	e3a16677265e79a2cded1187eb0461c6fc8fd7bc1a96a5f865dbf717e0b5bf9e	kmenuedit/icons/mini.raise.xpm
1997-09-12	db1608410ffb83b1499295e5bc8fce669f480c44	5fa93da1395676b0a077b763d63849cf8b2598221242a53ffa23e38b831e0c47	kmenuedit/icons/mini.resize.xpm
1997-09-12	db1608410ffb83b1499295e5bc8fce669f480c44	fd3a0754f16c16d105da682e55fa1a024d7e26e46d01b576af32ad16d8d7f91e	kmenuedit/icons/mini.xarchie.xpm
1997-09-12	db1608410ffb83b1499295e5bc8fce669f480c44	57bd0ac179489cd298fae654670e9a7b38ab6b2c8ee1aac1ac278e2bcddf28af	kmenuedit/icons/mini.xboing.xpm
1997-09-12	db1608410ffb83b1499295e5bc8fce669f480c44	bf76a1c1e1e7af5d8261044a0da58248174231d1be67de0e2dbec11e8a28a989	kmenuedit/icons/mini.xlock.xpm
1997-09-12	db1608410ffb83b1499295e5bc8fce669f480c44	e5460d8b61f1114da67c97b4d4f59ffc4b3956029a2c0243ae413b1184a13a14	kmenuedit/icons/mini.xpm
1997-09-12	db1608410ffb83b1499295e5bc8fce669f480c44	66fe7a6ce6dd1585e012371321d95220992b5ba650ed4d1383eb550bf1e14f83	kmenuedit/icons/mini.xterm.xpm
1997-09-12	db1608410ffb83b1499295e5bc8fce669f480c44	4773262ddaf83f59f6e482020fa7933758c3924f3123b774f69263fc53fb89ff	kmenuedit/icons/mini.zircon.xpm
1997-11-06	3f5f3f0772c68861555d74dee86bcc7b8c9b1e42	f55a182fa9b952541c4e34bec8d56cb1e98bfe660f44378cb1c19ae950a09c91	kmenuedit/kmenuedit.xpm
1999-08-05	b9ed7d6733f0d1cd74fd7270c9f281ec898b6b4d	1b00623aca687898e9d52e609bb2dd089167cc17f5794daa219ea7de29ccce1b	kmenuedit/large-kmenuedit.xpm
1997-11-05	6989d864acdacbe84f8a5bd5964c54c7d0551616	61dc37764f55ee8690496e0b80583c89a79f000a07bafc5467c9e1b5b4baec53	kmenuedit/mini-kmenuedit.xpm
1998-11-07	10ddc233ed03f62276bc5fd4ec11e1b3400dac96	d8efc194d9a57884525e72ed1f838a5dcec6f85328f5460556f2925935b2a419	konsole/README.color.schema
1998-10-28	02eaf846fb9f24b3c25e4733f2881fe71ad6ed03	3732f449edd018d56cd64ce191947954e900992d9153b0403cd658c58db3ac32	konsole/doc/VT100/vt100.gif
1998-10-28	02eaf846fb9f24b3c25e4733f2881fe71ad6ed03	87d3a371592153202e69cebbbcafdcf38501817e9d503b72fc45798aa0cd7312	konsole/doc/sgml/logotp3.gif
1998-10-28	02eaf846fb9f24b3c25e4733f2881fe71ad6ed03	f30a5c59f6e9cec4933337134121b9f8dbceccf2cfe140007f8a16124ea14ab0	konsole/other/BlackOnLightYellow.schema
1998-10-28	02eaf846fb9f24b3c25e4733f2881fe71ad6ed03	07f63bd99f47cf351143f9d76c7e0e925763ccf949c8513bd985748cdaff729b	konsole/other/BlackOnWhite.schema
1998-12-05	59e7d8edc7502b7bebd6e59422cdaa1b8add3069	317704181b98de4bafd2f00fd27d2716962233796979132ba549cc7245d7f4d6	konsole/other/DarkPicture.schema
1998-10-28	02eaf846fb9f24b3c25e4733f2881fe71ad6ed03	b1e4ca51586f25a83ba1388a23b88e23d18276d0e41a3e48f7bf75627a1db137	konsole/other/Example.Schema
1998-10-28	02eaf846fb9f24b3c25e4733f2881fe71ad6ed03	8269cb0931fb937721c5718b95df1a1d4abb4f4aa21d928617293fc366b2a78d	konsole/other/GreenOnBlack.schema
1998-12-05	59e7d8edc7502b7bebd6e59422cdaa1b8add3069	68a51a2adc1a51b4ee481e88d05d9d665dc3e31759300af836ff632156b4e902	konsole/other/LightPicture.schema
1998-11-05	c46b2f3979b0931876b4680217bb135fb7436b25	c379fcc3e1df7770c0cbc8d08ea93c8370d841c36dc3937567d60107630c335c	konsole/other/Linux.schema
1998-10-28	c27f098fc848f458ad2ab59847c18fd9bc004b4a	21ac9d5d879c0519b655002988909b7a5c3237b89d01b358bb772f6ca53ae954	konsole/other/README.default.Schema
1998-10-28	02eaf846fb9f24b3c25e4733f2881fe71ad6ed03	383ea1d27c27f4e2b9deafb79191054f1e1954601804c45abb088fb5089a068f	konsole/other/WhiteOnBlack.schema
1998-11-05	c46b2f3979b0931876b4680217bb135fb7436b25	2c5cf64c1c7a2771be4e0328618044b4e66b78d06b5b1ad1c596a76ea93af104	konsole/other/XTerm.schema
1998-11-10	cf9aa48b670d5c6b0cb83a30b308afcfbe749752	bb6e240b9d7317000b9ed81380d1925a48eeabdf63bd6bc608314dd4143d8cc0	konsole/other/brightness.xpm
1998-11-10	cf9aa48b670d5c6b0cb83a30b308afcfbe749752	368e18d6cae42139b48e992019a12abd060963420dd0a06de597648d9d2e7230	konsole/other/colourness.xpm
1998-11-10	cf9aa48b670d5c6b0cb83a30b308afcfbe749752	45b59bd1aa5fca55fd9bd0edae3b938eeb123830baf87d23fe737b95fef6503c	konsole/other/contrast.xpm
1998-10-28	02eaf846fb9f24b3c25e4733f2881fe71ad6ed03	21ac9d5d879c0519b655002988909b7a5c3237b89d01b358bb772f6ca53ae954	konsole/other/default.Schema
1998-10-28	02eaf846fb9f24b3c25e4733f2881fe71ad6ed03	9dd51fa12df3b99bebe7b3fc32e7fb02f07296adba8d7452558dd5db65978af4	konsole/other/konsole-mini.xpm
1998-10-28	02eaf846fb9f24b3c25e4733f2881fe71ad6ed03	bf33a4295019f244baadf3521b10c7932a81e7bff7b1005480c17f7b793819ae	konsole/other/konsole.xpm
1999-08-05	b9ed7d6733f0d1cd74fd7270c9f281ec898b6b4d	5de0ecaea954c7fae78b1849283bfe1663e9c038c47ee3db26b1da8e59931d15	konsole/other/large-konsole.xpm
1998-10-29	95f6f14324c195e289d64f1a0967a0bedd37e1ae	ce7fdb738f6327ebcd90cfdde0b2953565f22aa3b5cf20b4112c4804dbb9d7f8	konsole/other/syscolor.schema
1998-11-27	0b6abeb3995f1b51ad76528f7b0a37260e34560a	11b5a25fdadd01ddb02023b3d385cc36cf7ebfabc7d9da77b400bbfcd189a01a	konsole/other/vim.schema
1997-10-03	6450a3456c09099a8a1265234f9b313938baccb2	f23affe6fc7e1c12168abe83e195726222ceba841587d6f76418c90e6af613a0	kpanel/pics/exec.xpm
1997-10-03	6450a3456c09099a8a1265234f9b313938baccb2	5b6f842a2b74cd98dc5283c23fd583f521582369e9c5abe8330fbf671d968981	kpanel/pics/exit.xpm
1997-11-03	392772f6035d1371c883c19b4046cb9d4569e4d3	91f0349ad44881ec3f388581d6c91078e3dc5500f00d7c875f31b62a8b701931	kpanel/pics/go.xpm
1998-09-28	76bf236eda1ef1cd1df4750be0f2ca469722b2f1	96403e23a2231b51ad90b2d22994de6d93d5a4ec00897d2425c2d516199aedc6	kpanel/pics/kdisknav.xpm
1997-10-03	6450a3456c09099a8a1265234f9b313938baccb2	ee7744e963d53d1244eb468206d85f3343709b4395929dbe50695fc82a4893e5	kpanel/pics/key.xpm
1997-10-03	6450a3456c09099a8a1265234f9b313938baccb2	17905e9747bed5bfd55d527336363167dca2fa306852f4e62b41729db96fbff2	kpanel/pics/kfm_home.xpm
1997-10-03	6450a3456c09099a8a1265234f9b313938baccb2	939064c187215d6956cb89447723153b1d1d2dcaa159e63684b26e7a95f35551	kpanel/pics/kpanel.xpm
1999-08-05	b9ed7d6733f0d1cd74fd7270c9f281ec898b6b4d	b5f6d96cdc54e3a76fc2b92ad999bf347d90bb34e6bf9bdac3d2826bb1350b09	kpanel/pics/large-go.xpm
1999-08-05	b9ed7d6733f0d1cd74fd7270c9f281ec898b6b4d	aab94388bf894cc62775cae7753c82c6b1d63f4b0b0ae243921d6448efc044cd	kpanel/pics/large-kdisknav.xpm
1999-08-05	b9ed7d6733f0d1cd74fd7270c9f281ec898b6b4d	6264df99c24b8291a9987dcf4df3abc137fbccc175c7c409ce301d5a904049ba	kpanel/pics/large-kfm_home.xpm
1999-09-05	0aea01bf41c6a9d44909c23b40f9bd997e976bb9	3975cc70f69031e6261cfd533387cf21a8dd740d34aa1a88e856251612ad3f4c	kpanel/pics/large-pers_applnk.xpm
1999-08-05	b9ed7d6733f0d1cd74fd7270c9f281ec898b6b4d	2b77ce24becf8851da770d35709d939be01ad7874e26814284a6183f3cae2cff	kpanel/pics/large-window_list.xpm
1997-10-03	6450a3456c09099a8a1265234f9b313938baccb2	c261bb2bd1a0a714f9019edf5ec88933e48c51956071b70b7dc933f4390a77a5	kpanel/pics/mini-default.xpm
1997-11-03	a27077e2125fb5a72b864e61783162079d95917d	dbcf7b1fa356235d3a95b4eb911b5761617ee95a4d1d74dc33c6329b9dfc3720	kpanel/pics/mini/go.xpm
1998-12-19	e1dfe3276a087b0172a8af3af13b543318141651	8e43fea85068990ca23f463684e018beb92d8efe5a4c030fa80877458e96c03a	kpanel/pics/mini/kdisknav.xpm
1999-01-23	d3d15e04821b8a285e3532cd2e6fda54fa3a7fdf	2872cd4b2bd897d2a94b6c0720a589e6f31a2472703abd6db844049979cbdfb9	kpanel/pics/mini/mini-exit.xpm
1999-01-23	d3d15e04821b8a285e3532cd2e6fda54fa3a7fdf	81507a415a6f816a9938380517141d4f079f59e4a03d2d53c85526c74e086f69	kpanel/pics/mini/mini-key.xpm
1999-01-23	d3d15e04821b8a285e3532cd2e6fda54fa3a7fdf	f447bed5ea7cfac96a28d59479bde49249d10703ee857514dd329b15108c0bb8	kpanel/pics/mini/mini-panel.xpm
1998-12-19	e1dfe3276a087b0172a8af3af13b543318141651	0dec7ad26f4484c43c3524aa29d73442466a0a7c04eb5719682432d790929a47	kpanel/pics/mini/pers_applnk.xpm
1998-11-25	652db80f78da53fae259182a08fb5fafc6b0ebd5	7022ccafe11a201f319015afe71f962ed6ce7b1de2c2e40aad3fe326073a09a6	kpanel/pics/mini/personal.xpm
1997-11-08	fbbfe0463b083a2f1db8293717f2d9a58840a187	9c8a92a0c9a44e222059ac81bd4a059e082ee5d6f3ab74cdda478f8206463a6d	kpanel/pics/mini/window_list.xpm
1998-12-19	e1dfe3276a087b0172a8af3af13b543318141651	11f40153e0a64454e814814ecd327805ced7a120f5db8b24a0351a3e365c45fb	kpanel/pics/pers_applnk.xpm
1998-11-20	18dc467c1e0b97f45b9340f9961954c34b6e70c6	3fdf5bda6ff6a37c8fdb2ddc06fcd7654ff712cfd72ae29929fc9b2272572489	kpanel/pics/personal.xpm
1998-11-20	18dc467c1e0b97f45b9340f9961954c34b6e70c6	24fe7a8766f3832f2fbed1b00f95912054c2ba646c4317a485c916c18481181a	kpanel/pics/shared.xpm
1997-10-03	6450a3456c09099a8a1265234f9b313938baccb2	11ac83d581a36e04ef93e63560029bf3d3799fdddc68ada48182a26741ad8c69	kpanel/pics/system.xpm
1997-10-03	6450a3456c09099a8a1265234f9b313938baccb2	d7ce759e5b91633b94069427b7a2909dc4ad0181d8621d4f31cf5318ed5c625f	kpanel/pics/window_list.xpm
1998-10-24	0a562eb9409e99498e534d07e6174ba9f57912ef	7d80c46f2f4b4c6471f07bc81ebbebc221d4a31f45efa8e8e7d63ac6572e87a6	kscreensaver/amiga.xpm
1998-10-24	0a562eb9409e99498e534d07e6174ba9f57912ef	ac7ba0832b700558a4fc0c1daaeed0ebe1567cd651a0d4d63a313cd089330e04	kscreensaver/atari.xbm
1997-07-08	8bdaa1453e342e53582866bba4568500f09bdb4c	591b26e521c8c68b44c3a798e67f2bd38b9beae3736b3681de0d5170dab6c062	kscreensaver/bitmaps/bat-0.xbm
1997-07-08	8bdaa1453e342e53582866bba4568500f09bdb4c	e30cfeaa05a115b5052e60134589c75caa6a0a0718af84e71cecb75187e7da49	kscreensaver/bitmaps/bat-1.xbm
1997-07-08	8bdaa1453e342e53582866bba4568500f09bdb4c	b5230499b5dea74099362b4fcd1aa7d087a7b486b6f582af22d70bed1de555d8	kscreensaver/bitmaps/bat-2.xbm
1997-07-08	8bdaa1453e342e53582866bba4568500f09bdb4c	eebd6bc88c3e522198325d8cb8d6f217e0479b78f25c44592ad1aaf79ebe6ec3	kscreensaver/bitmaps/bat-3.xbm
1997-07-08	8bdaa1453e342e53582866bba4568500f09bdb4c	bbf38c94d72d597ff3f4424f6a13922c0f1f89b43103bdf3e840775c30f059d2	kscreensaver/bitmaps/bat-4.xbm
1999-05-28	e73fb6cc60dfa459e6283eead054feafac044d14	daf784532dfc3a5f93a84eb1da7b7345c1f9870aab7eaa60178e6dfc778f5aca	kscreensaver/bitmaps/matrix.xbm
1998-06-13	23a0c17b5be7cee8fb61a17f89cb9c8f743294f5	66080fb9e97295e9dfd25698057225cd76fd5ad9724161c36ae9eb8ae544dfb3	kscreensaver/kscience-small.gif
1998-06-13	23a0c17b5be7cee8fb61a17f89cb9c8f743294f5	98b597ef23c8d555686373266a95723015e35b97aa96d057a16d6fc0b162fb0d	kscreensaver/kscience.gif
1997-11-05	6989d864acdacbe84f8a5bd5964c54c7d0551616	41adebeee834b960c6dd8428087734a2abb8a62dfec91b8bb1982212ee9ea608	kscreensaver/kscreensaver.xpm
1999-09-06	817b89e198d9cb1c5a327f5da902da20f30c6e20	7dd5ea1aea24d0f3b1e4870549c0f7e2b013d9f3722ecb5ba8b059ad86c2c166	kscreensaver/large-kscreensaver.xpm
1998-10-24	0a562eb9409e99498e534d07e6174ba9f57912ef	94259d1f3beeff164b9491b4fc1a955c60b0cc51f6e72576f281504dd543b406	kscreensaver/mac.xbm
1997-11-05	6989d864acdacbe84f8a5bd5964c54c7d0551616	38904a83df5ef5b4ec1d98c1798328e7490f25400308c2bb1da1f768bc904d0d	kscreensaver/mini-kscreensaver.xpm
1997-07-08	8bdaa1453e342e53582866bba4568500f09bdb4c	abeb5caa60e385358afce46fd76e19940e6565ebe0812f6772d9cfc4577ab12a	kscreensaver/pixmaps/bat-0.xpm
1997-07-08	8bdaa1453e342e53582866bba4568500f09bdb4c	7a7145c5ade85d047528ebe76b9781af4d15600c1781066661acec5f1d129d04	kscreensaver/pixmaps/bat-1.xpm
1997-07-08	8bdaa1453e342e53582866bba4568500f09bdb4c	e79edc794964fa72c64234d420880a30766609ccba84b4bf0952eb1b836b9917	kscreensaver/pixmaps/bat-2.xpm
1997-07-08	8bdaa1453e342e53582866bba4568500f09bdb4c	55d501f7a021c6996f03b2279d8f19d871356042d2f045ea42c97f40ace967cf	kscreensaver/pixmaps/bat-3.xpm
1997-07-08	8bdaa1453e342e53582866bba4568500f09bdb4c	50c124945efd55e6ea52c30e8733ddfb452b9380aa35175fe251771284fa58fd	kscreensaver/pixmaps/bat-4.xpm
1999-05-28	e73fb6cc60dfa459e6283eead054feafac044d14	bc86e5fd52c72c2d585c5355255c0520ecd01b6e84e80370a7fb5d12fb5ed5a1	kscreensaver/pixmaps/matrix.xpm
1999-02-01	9c9c32e0bd5b697fa2e4851b62f6120669b4b64d	bc5c225b0de88b5c38a42e8be50cf0af55cc03b967a76dc742f5a571eb983c27	ksysguard/doc/de/logotp3.gif
1999-03-12	185db5f1f06bad1e7b11eba33cbc2b6dc6212a21	0a39bde2c9b363ac96ebfbbce20eb9703c5d8dd3b7731cecdc687f1286143a9b	ksysguard/doc/en/Perfmeter.gif
1999-03-12	185db5f1f06bad1e7b11eba33cbc2b6dc6212a21	b035e9d760c4089de16df537f359eff62df32999eabd9b3db82542f152f4a7af	ksysguard/doc/en/ProcessList.gif
1999-03-12	185db5f1f06bad1e7b11eba33cbc2b6dc6212a21	ae79f502dcad171761bfba497cb4c2e849e937d8306c9cc92156102bc313c370	ksysguard/doc/en/ProcessTree.gif
1998-04-09	924df0545d9517d98dfffbf3c1f27e0722f0fbac	87d3a371592153202e69cebbbcafdcf38501817e9d503b72fc45798aa0cd7312	ksysguard/doc/en/logotp3.gif
1998-04-09	1372667cf60a3ffdca46ac9b416283e52f0152e8	5b7f81569e09cbd4f3aa152890c8b3bc12100973518fc1139e71eff721cdaac3	ksysguard/ktop.xpm
1999-08-23	57e70d4e6ea88380c52c4e59c722d633d737e48c	bf2f639ab60379d1d84c014e11c97e60d36d064bf8e3cbea2dae6647121a0e0a	ksysguard/large-ktop.xpm
1998-04-09	1372667cf60a3ffdca46ac9b416283e52f0152e8	1d1cc3c3751d128366820005da893c664cb0150c997f2bbe36c35a2c0134863d	ksysguard/mini-ktop.xpm
1998-04-09	924df0545d9517d98dfffbf3c1f27e0722f0fbac	235d772178675183df5b72804e92578a0d52ab926da37dfc09f43e4833fbe0e6	ksysguard/pics/X.xpm
1998-04-09	924df0545d9517d98dfffbf3c1f27e0722f0fbac	3613a03394dbc697a29e9cc8ce537e7f4218bb7067274d659bae04628ed14a9d	ksysguard/pics/bash.xpm
1998-04-09	924df0545d9517d98dfffbf3c1f27e0722f0fbac	3613a03394dbc697a29e9cc8ce537e7f4218bb7067274d659bae04628ed14a9d	ksysguard/pics/bsh.xpm
1998-04-09	924df0545d9517d98dfffbf3c1f27e0722f0fbac	6e1b1df4589a4ed425900eed952427e92d14880b134ba37837884a66983e357e	ksysguard/pics/c++.xpm
1998-04-09	924df0545d9517d98dfffbf3c1f27e0722f0fbac	6e1b1df4589a4ed425900eed952427e92d14880b134ba37837884a66983e357e	ksysguard/pics/cc.xpm
1998-04-09	924df0545d9517d98dfffbf3c1f27e0722f0fbac	b3767f3617e2e59202eba32ab78bb0e0b9dbebc3b7ff258d85d3e00334e2bb87	ksysguard/pics/console.xpm
1998-04-09	924df0545d9517d98dfffbf3c1f27e0722f0fbac	3613a03394dbc697a29e9cc8ce537e7f4218bb7067274d659bae04628ed14a9d	ksysguard/pics/csh.xpm
1998-04-09	924df0545d9517d98dfffbf3c1f27e0722f0fbac	e4562fe22977cca288c781e1353b3132ffb6694c409b0336e24c11a0f3cc15bd	ksysguard/pics/emacs.xpm
1998-04-09	924df0545d9517d98dfffbf3c1f27e0722f0fbac	6e1b1df4589a4ed425900eed952427e92d14880b134ba37837884a66983e357e	ksysguard/pics/g++.xpm
1998-04-09	924df0545d9517d98dfffbf3c1f27e0722f0fbac	430fe44f43d11387560b969c939ffb23493e0d302c86dd753efbf4ebcd9fa4b9	ksysguard/pics/gbd.xpm
1998-04-09	924df0545d9517d98dfffbf3c1f27e0722f0fbac	6e1b1df4589a4ed425900eed952427e92d14880b134ba37837884a66983e357e	ksysguard/pics/gcc.xpm
1998-04-09	924df0545d9517d98dfffbf3c1f27e0722f0fbac	430fe44f43d11387560b969c939ffb23493e0d302c86dd753efbf4ebcd9fa4b9	ksysguard/pics/gdb.xpm
1998-04-09	924df0545d9517d98dfffbf3c1f27e0722f0fbac	b36a6f1b32b050cbe047ecbff7513ff9399c8e2dfd80df6d7d5c01fe255394c0	ksysguard/pics/init.xpm
1998-04-09	924df0545d9517d98dfffbf3c1f27e0722f0fbac	de1528089d4543bcf40973bbd122ec3d97875420f56a3b4b7e41c53379338a28	ksysguard/pics/kaudioserver.xpm
1998-04-09	924df0545d9517d98dfffbf3c1f27e0722f0fbac	aa4d78cf7e71f6d70f3b81af1bae8a264afe298f4bfdb0633cc942197547e3d1	ksysguard/pics/kbgndwm.xpm
1998-04-09	924df0545d9517d98dfffbf3c1f27e0722f0fbac	cd7137f964d2be82250d00f4fa1bfac426c08734dfe884978e1f18ca0c3c421d	ksysguard/pics/kioslave.xpm
1998-04-09	924df0545d9517d98dfffbf3c1f27e0722f0fbac	dbcf7b1fa356235d3a95b4eb911b5761617ee95a4d1d74dc33c6329b9dfc3720	ksysguard/pics/kpanel.xpm
1998-04-09	924df0545d9517d98dfffbf3c1f27e0722f0fbac	aa4d78cf7e71f6d70f3b81af1bae8a264afe298f4bfdb0633cc942197547e3d1	ksysguard/pics/krootwm.xpm
1998-04-09	924df0545d9517d98dfffbf3c1f27e0722f0fbac	3613a03394dbc697a29e9cc8ce537e7f4218bb7067274d659bae04628ed14a9d	ksysguard/pics/ksh.xpm
1998-04-09	924df0545d9517d98dfffbf3c1f27e0722f0fbac	24fe7a8766f3832f2fbed1b00f95912054c2ba646c4317a485c916c18481181a	ksysguard/pics/login.xpm
1998-04-09	924df0545d9517d98dfffbf3c1f27e0722f0fbac	a7511b2147cfcd510a3d9607d6569de911faaf2cf3c09e02d83e7db6cfa51490	ksysguard/pics/lpd.xpm
1998-04-09	924df0545d9517d98dfffbf3c1f27e0722f0fbac	de1528089d4543bcf40973bbd122ec3d97875420f56a3b4b7e41c53379338a28	ksysguard/pics/maudio.xpm
1998-04-09	924df0545d9517d98dfffbf3c1f27e0722f0fbac	b3767f3617e2e59202eba32ab78bb0e0b9dbebc3b7ff258d85d3e00334e2bb87	ksysguard/pics/nxterm.xpm
1998-04-09	924df0545d9517d98dfffbf3c1f27e0722f0fbac	3613a03394dbc697a29e9cc8ce537e7f4218bb7067274d659bae04628ed14a9d	ksysguard/pics/sh.xpm
1998-04-09	924df0545d9517d98dfffbf3c1f27e0722f0fbac	447b0d88293297785c84fa23905a361ea8a5e4b41cfbff13c994c185d3ec6360	ksysguard/pics/startkde.xpm
1998-04-09	924df0545d9517d98dfffbf3c1f27e0722f0fbac	235d772178675183df5b72804e92578a0d52ab926da37dfc09f43e4833fbe0e6	ksysguard/pics/startx.xpm
1998-04-09	924df0545d9517d98dfffbf3c1f27e0722f0fbac	3613a03394dbc697a29e9cc8ce537e7f4218bb7067274d659bae04628ed14a9d	ksysguard/pics/tcsh.xpm
1998-04-09	924df0545d9517d98dfffbf3c1f27e0722f0fbac	b3767f3617e2e59202eba32ab78bb0e0b9dbebc3b7ff258d85d3e00334e2bb87	ksysguard/pics/xconsole.xpm
1998-04-09	924df0545d9517d98dfffbf3c1f27e0722f0fbac	e4562fe22977cca288c781e1353b3132ffb6694c409b0336e24c11a0f3cc15bd	ksysguard/pics/xemacs.xpm
1998-04-09	924df0545d9517d98dfffbf3c1f27e0722f0fbac	235d772178675183df5b72804e92578a0d52ab926da37dfc09f43e4833fbe0e6	ksysguard/pics/xinit.xpm
1998-04-09	924df0545d9517d98dfffbf3c1f27e0722f0fbac	72af1dcdd6074dc7decb85ad3cf22a895e0b1f3d3b99ecb8fa85fd644f6bde9f	ksysguard/pics/xload.xpm
1998-04-09	924df0545d9517d98dfffbf3c1f27e0722f0fbac	b3767f3617e2e59202eba32ab78bb0e0b9dbebc3b7ff258d85d3e00334e2bb87	ksysguard/pics/xterm.xpm
1998-04-09	924df0545d9517d98dfffbf3c1f27e0722f0fbac	430fe44f43d11387560b969c939ffb23493e0d302c86dd753efbf4ebcd9fa4b9	ksysguard/pics/xxgbd.xpm
1998-04-09	924df0545d9517d98dfffbf3c1f27e0722f0fbac	430fe44f43d11387560b969c939ffb23493e0d302c86dd753efbf4ebcd9fa4b9	ksysguard/pics/xxgdb.xpm
1997-09-04	facce1aad024b44123a65ff8e10775821bddf6ed	ad85631843c49f255f6e989feebf771e17530725525f7135a2c35ce05f4ec906	kvt/UNIX.xpm
1999-08-05	a9c2cf0347a61afbcb23c08d74bc807b80eec9d8	04031270e1c1a8fb06f4cbbfae85afeb2738afee16cc2cc57a197d2f1af089c1	kvt/large-kvt.xpm
1997-11-05	6989d864acdacbe84f8a5bd5964c54c7d0551616	b3767f3617e2e59202eba32ab78bb0e0b9dbebc3b7ff258d85d3e00334e2bb87	kvt/mini-kvt.xpm
1998-11-25	652db80f78da53fae259182a08fb5fafc6b0ebd5	e0f10eaca6de7773e1e7bf9fece8993d1e7405a7d403b8daef1860df0aee22b1	kwin/kcmkwin/kwinoptions/buttons.xpm
1997-11-21	83c193b45271d95820500c9197573891cf4eefab	8e77f7df0e186c8dbd69056a19a932870ca8a2b33dd40e9d3a1a8cd35e24816e	kwin/kcmkwin/kwinoptions/kcmkwm.xpm
1997-11-16	c147bb4727a4d79fada40a8b7c2e8db8e79fac54	2181ad10fe92f6f4dd73f57b8afe9fbccb14462f8b0886190f3744b807f2c080	kwin/kcmkwin/kwinoptions/mini-buttons.xpm
1998-11-25	652db80f78da53fae259182a08fb5fafc6b0ebd5	6ec912251194aef59160945c37ea3f8251a4edf132c8ce66103a32f92423e8e1	kwin/kcmkwin/kwinoptions/mini-kcmkwm.xpm
1997-11-16	c147bb4727a4d79fada40a8b7c2e8db8e79fac54	2181ad10fe92f6f4dd73f57b8afe9fbccb14462f8b0886190f3744b807f2c080	kwin/kcmkwin/kwinoptions/mini-titlebar.xpm
1997-11-16	c147bb4727a4d79fada40a8b7c2e8db8e79fac54	32c17f2eab6645372068b63e2d54cedf9e6ce91e2518885d1824b4ab71fa74de	kwin/kcmkwin/kwinoptions/mini-windows.xpm
1998-10-06	2f7b181844a47b983f8fd5ba10e1d3bf5a1bbbe5	c80185310d1eaf5d260b41a9f26b67486aee861ae855590d6203fefac5b8c15b	kwin/kcmkwin/kwinoptions/mini-winprops.xpm
1999-09-05	e4f0f925469eff45cb124e9452fb040e607e4b3a	f9e241e3cf8cfa4bdc05506b0453619ba1ed3a45c81fee68eda3f7ea64edeade	kwin/kcmkwin/kwinoptions/pics/large/buttons.xpm
1999-09-05	e4f0f925469eff45cb124e9452fb040e607e4b3a	0408f22b27c3a1907540444204fa00f717c0621d07b6103c7c379123caf4856e	kwin/kcmkwin/kwinoptions/pics/large/properties.xpm
1999-09-05	e4f0f925469eff45cb124e9452fb040e607e4b3a	b52602d0512c8be9035da815fd0d97aff05dbf62c82c76b8307ee52519c4e14a	kwin/kcmkwin/kwinoptions/pics/large/titlebar.xpm
1998-11-25	652db80f78da53fae259182a08fb5fafc6b0ebd5	4f97188f122ab27b6ef420384374fe512d89430eade8377c0ead0c8520883515	kwin/kcmkwin/kwinoptions/properties.xpm
1998-11-25	652db80f78da53fae259182a08fb5fafc6b0ebd5	831e5b3d9d55433ed54a77dccac18d834767a5687f788c2103f23de7c8e2803c	kwin/kcmkwin/kwinoptions/titlebar.xpm
1998-01-07	268ee1147a732a06abc4c7cfc2972f8cda6aff1b	878e0f1ddd5a43ebc48ee2b755c8af4838ef0ba2854097be0ed2615d8d95a8cc	kwm/images/bottom_left.xpm
1998-01-07	268ee1147a732a06abc4c7cfc2972f8cda6aff1b	b324708d3b8976036bb1558ad61612bb35f7284b5a3727420fec642cca70b909	kwm/images/bottom_right.xpm
1998-01-07	268ee1147a732a06abc4c7cfc2972f8cda6aff1b	db0600fc899ae7e06efb09112efdf468ee6d9206da2824cfb548fcc28ec47782	kwm/images/kwm_bottom.xpm
1998-01-07	268ee1147a732a06abc4c7cfc2972f8cda6aff1b	9f20e144a44de703fd88f55f3a6b59c441a4c130dcc5487599aa6da447e39412	kwm/images/kwm_left.xpm
1998-01-07	268ee1147a732a06abc4c7cfc2972f8cda6aff1b	346876f1d51a193f397510bc74358607cfec81866dfc798c80772f90da91386d	kwm/images/kwm_right.xpm
1998-01-07	268ee1147a732a06abc4c7cfc2972f8cda6aff1b	a6c7d735dd0a677a884f510625c56008dc08dda0fe51a77ab8519af2ed6ec761	kwm/images/kwm_top.xpm
1998-01-07	268ee1147a732a06abc4c7cfc2972f8cda6aff1b	512faa7ad64ef331b677e6666d6c6194ce19889f8951b33641cede9cc01d355f	kwm/images/template.xpm
1998-01-07	268ee1147a732a06abc4c7cfc2972f8cda6aff1b	27a198a18c845130c89da250be87b4e485c7b8db4ac6b67427eafa69fa958857	kwm/images/top_left.xpm
1998-01-07	268ee1147a732a06abc4c7cfc2972f8cda6aff1b	0c8322228b074d64538111fc38faa3115b8da7bfc5fe0647e1bd92081c6da77c	kwm/images/top_right.xpm
1997-11-05	6989d864acdacbe84f8a5bd5964c54c7d0551616	8e77f7df0e186c8dbd69056a19a932870ca8a2b33dd40e9d3a1a8cd35e24816e	kwm/kwm.xpm
1999-08-05	b9ed7d6733f0d1cd74fd7270c9f281ec898b6b4d	011f48bf7f68bcf3d3eb0d0c379d044291cb9eb164ac8c6733201cddde719dbb	kwm/large-kwm.xpm
1997-11-05	6989d864acdacbe84f8a5bd5964c54c7d0551616	aa4d78cf7e71f6d70f3b81af1bae8a264afe298f4bfdb0633cc942197547e3d1	kwm/mini-kwm.xpm
1998-08-18	d742233a08ec4ebd380c5e138862eb4556ae0555	587b134a4c03c64b6e9ca80e638876a387d3c0731618b6c8053e43ed479f196d	kwm/pics/bluesun.gif
1997-09-22	6ea4bbf87cbee6b39401a81113a61fe9cd09af28	c83f95264d684bf4f654a2f24ce5beacef23d215f4dd4adf709fc947a960e39d	kwm/pics/close.xpm
1998-04-18	c4a9e1f2f14464758065ff1d1264fcde7ac5a05f	f35e8dbc429620e623e733046e5b2555ae4a166c7d62fa3ce8d26ca2e6b87563	kwm/pics/fog-grey.gif
1997-12-03	b65eccd7b570db68574a96ab44f85b4a9d68f8f7	50dc4feabd982210da7108389cdcf6514f126257e199dc18ba29fbee519b6abf	kwm/pics/fog.gif
1998-08-22	d20f4b6002fd0129c681a81897989534ade1c81e	93fae3c13aaf4eb755524ce04c84ccf88e506d2337fbab6ad940fe9efd9f3aab	kwm/pics/greenie.dim.xpm
1998-08-22	d20f4b6002fd0129c681a81897989534ade1c81e	2fd4708c0e854c85501428909cb6a82d555ea51d32ea79df315c045bc8399051	kwm/pics/greenie.light.xpm
1997-09-22	6ea4bbf87cbee6b39401a81113a61fe9cd09af28	eaaf6fcb89392f5006a51369f7de7055b12359776eb0030cd2c43a411d8bcb3f	kwm/pics/iconify.xpm
1997-09-22	6ea4bbf87cbee6b39401a81113a61fe9cd09af28	894ccc4f152e0761649d0e1f575b99342cbf8f76a95b1ab1c478fadb721c2e57	kwm/pics/maximize.xpm
1997-09-22	6ea4bbf87cbee6b39401a81113a61fe9cd09af28	60416e502dd3d8c2cd51b93935638f879ef1a3833868e0c88c3b005c421a49e9	kwm/pics/maximizedown.xpm
1997-09-22	6ea4bbf87cbee6b39401a81113a61fe9cd09af28	28a6a4266b530994807ab5dddcd451b1bac1187a2c90c8f3ec0b5da6ff2bc099	kwm/pics/menu.xpm
1997-09-22	6ea4bbf87cbee6b39401a81113a61fe9cd09af28	509f4438688c6ef8764c3365d06cfeeb263b551719adef86fe752fef2d1f2e31	kwm/pics/pindown.xpm
1997-09-22	6ea4bbf87cbee6b39401a81113a61fe9cd09af28	d7765a50073808603f224a3608ee07c1630fb4372021806e3388c2f75a52cdec	kwm/pics/pinup.xpm
1997-09-22	6ea4bbf87cbee6b39401a81113a61fe9cd09af28	2ce56920ed0abe13d31511a833fde0a898aec223b8f10be598d0b0156140e7f3	kwm/pics/unknown.xpm
1999-01-27	26cf611fc681b21f81bba8e8aff0dfb625e24b4f	bc5c225b0de88b5c38a42e8be50cf0af55cc03b967a76dc742f5a571eb983c27	kwrite/docs/logotp3.gif
1997-09-13	d24816a21faa05c0ced504c0d000ac2f3b7c85b0	7d2bdbe9fe4bc2f40d52007a5e63e5687b987a9d19f0debb3b2fe0de35beeab7	pics/3floppy_mount.xpm
1997-09-13	d24816a21faa05c0ced504c0d000ac2f3b7c85b0	239289c3952038dfcd1ad482c29b10563e1e6454d0114091f119879de85a92c3	pics/3floppy_unmount.xpm
1997-09-13	d24816a21faa05c0ced504c0d000ac2f3b7c85b0	5ec8bb4460ecee09693b093a52126e0a50b60371794eb18c0681c0798d0513a5	pics/5floppy_mount.xpm
1997-09-13	d24816a21faa05c0ced504c0d000ac2f3b7c85b0	1d95ef404e1d84b1c7e5458a01e88cd1e2b07fa7fdea93c56a22cf09e5f56c38	pics/5floppy_unmount.xpm
1997-06-06	cae23caed9991c965f7f49684ae2381bbeecd6b7	649c2e0a7f4cf619aaf27619e0a74d22865d2f87b1a16061f629939ff61b5fc9	pics/C++file.xpm
1997-06-06	cae23caed9991c965f7f49684ae2381bbeecd6b7	c7a6030ddaa72699f4c2ff1c6aef16dbfa7baf2ade7abebcc6470a56241206e8	pics/Cfile.xpm
1997-06-06	cae23caed9991c965f7f49684ae2381bbeecd6b7	19db958a617c589d60cf38dec0f7acd319e531a6f687884051d9843b3e37ab1b	pics/Dvifile.xpm
1997-06-06	cae23caed9991c965f7f49684ae2381bbeecd6b7	28acc0e01e313b0259675dc28e0f18bd98902609db7cabdf6006b1b58541cbf5	pics/Figfile.xpm
1997-06-06	cae23caed9991c965f7f49684ae2381bbeecd6b7	6475f0123842000911a12183cf15d0cb396cc4af72762ede36c8dfdd1d7c9caa	pics/Hfile.xpm
1997-06-06	cae23caed9991c965f7f49684ae2381bbeecd6b7	7488579994eb830a139056f9bc6008624b55c386091ed3dd448d607ddeba4c4c	pics/Lyxfile.xpm
1997-06-06	cae23caed9991c965f7f49684ae2381bbeecd6b7	cb0160754e4f619309ece61acb1c9c3579b083e718701f3ff94ee0ce899e2411	pics/Ofile.xpm
1997-06-06	cae23caed9991c965f7f49684ae2381bbeecd6b7	d4e2481058a22b04a14aecb74623d791fdeb43b9ba35d7024b882fb25d23d697	pics/Psfile.xpm
1997-06-06	cae23caed9991c965f7f49684ae2381bbeecd6b7	93983a37c748c2b0b13672177ad95c499e13824f4ff0579f57d1bc5b88904813	pics/Texfile.xpm
1998-02-23	c3d129d194a13937a60a8ab07901b6537dec03d2	0aa38b5342c78ec1b3c70e923d025a8decc731127839fe568aefb657a623aa95	pics/applications_package.xpm
1997-09-13	d24816a21faa05c0ced504c0d000ac2f3b7c85b0	252a1461c1bc3ce3061f0f60c61221a6c87866f187f3a646a23a12d8f0fc090f	pics/binary.xpm
1999-08-04	df444bcfe48d6f43e7d6ae14a7b63c1d0ebb183f	d9c2df31692d83593a647a1b683d96747374fbd8b1f4a1bb197f6cdf696b96a6	pics/binary2.xpm
1997-09-13	d24816a21faa05c0ced504c0d000ac2f3b7c85b0	611a1919f77aeebff02e4233ebee717c2f9c2c438969f86d8bcbc48ba8056e49	pics/blockdevice.xpm
1997-09-13	d24816a21faa05c0ced504c0d000ac2f3b7c85b0	b4d16d28b7dc3ed2b22c8208b6779002d9d28f2d86b76d45cdcd5280aa0164d1	pics/c_src.xpm
1997-04-13	69f6d6cc97cda34c0c78aa9fd77daff54a74e5a1	705de9f29cb7598e26d8b4a1064a95b8128ad791bb8cb55110484ffd1fcb8050	pics/cd_mount.xpm
1997-04-13	69f6d6cc97cda34c0c78aa9fd77daff54a74e5a1	c4a9818324316b2738d3a5658745ec52f95a7892209a885dca603b6c923d79ae	pics/cd_unmount.xpm
1997-04-13	69f6d6cc97cda34c0c78aa9fd77daff54a74e5a1	c4a9818324316b2738d3a5658745ec52f95a7892209a885dca603b6c923d79ae	pics/cdrom.xpm
1997-09-13	d24816a21faa05c0ced504c0d000ac2f3b7c85b0	52c8280b57b34cca2709b2482c8931d22c46c0ddaef1f6f97d27e57de8a06e30	pics/cdrom_mount.xpm
1997-09-13	d24816a21faa05c0ced504c0d000ac2f3b7c85b0	fda1869db381814de8ac481e9ea25f44a01cc056264c6e14c8fdf83ff2d6bcb5	pics/cdrom_unmount.xpm
1999-08-01	b65b0ab8dc6243a21ad79f730900c7ac3c6de3a3	46804e7d0cf8f40a41d4abf612e0b306b783ca41a5093687c7a689f46b898cec	pics/cdwriter_mount.xpm
1999-08-01	b65b0ab8dc6243a21ad79f730900c7ac3c6de3a3	c06f96739da2236c7b8bb48addbdf25625f12c304b3c1f93a7cdc609626f9cbe	pics/cdwriter_unmount.xpm
1997-09-13	d24816a21faa05c0ced504c0d000ac2f3b7c85b0	5b42fdbe682693840949e91f1ff8235256c95c8e904d42370c46fb5d8611c664	pics/chardevice.xpm
1997-04-13	69f6d6cc97cda34c0c78aa9fd77daff54a74e5a1	24e0c41590981cf25525dc9caaf15ebd234c551b8c1cefc1ecde2af51c247ac2	pics/close.xbm
1997-04-13	69f6d6cc97cda34c0c78aa9fd77daff54a74e5a1	f0ee8a653e0778b7c1e7464f922c79767f8bc1a825e2e74479fe689e913b639e	pics/closed.gif
1997-04-14	3b292c52c3fc0ca19e04ace94b9145b4f86d82f6	5b14dbd93370ff8f3b2c1886864a48d89503d3fb1fbb60978ef31285118a3dc6	pics/closed.xpm
1997-09-13	d24816a21faa05c0ced504c0d000ac2f3b7c85b0	f8116f63d4d52d6c7c97366265e965103bfe3044eb230aec56f67a351537d55c	pics/core.xpm
1998-12-20	140bdb4a2aa4b48364fa44d772098b71c8dc088d	629739919faa27feaed7b90b42d627001e9c749d1fdfa2f4e4c51f1788011cca	pics/desktop.xpm
1997-09-13	d24816a21faa05c0ced504c0d000ac2f3b7c85b0	bcf969ad94892efc90f83dde7e3560e3b9dce7131e7a471d0f5aae1a0f201b11	pics/document.xpm
1997-09-13	d24816a21faa05c0ced504c0d000ac2f3b7c85b0	ba95b8b6ce91408af7d68b8f784a439064bc3dbe02ffcdfce90850114d6e7a94	pics/dvi.xpm
1997-04-13	69f6d6cc97cda34c0c78aa9fd77daff54a74e5a1	c59d1390c9e30b1f4ac5fd9d13a63e1354879974c1d2de3aa3952bda1b218b22	pics/edit.xpm
1998-11-25	652db80f78da53fae259182a08fb5fafc6b0ebd5	10efc48b618a5b777f109c421a7824c75098149b77946099224a2a0b19fc6648	pics/editors_package.xpm
1997-04-13	69f6d6cc97cda34c0c78aa9fd77daff54a74e5a1	26c379661eeb2c70d9281106b8d013a9e56e77e07574f4672d1d085e806a661c	pics/exec.xpm
1997-09-13	d24816a21faa05c0ced504c0d000ac2f3b7c85b0	71a7cc93e397d8c684c168a702ef3881e92f0d21769b229db7107688a35e9fb3	pics/exit.xpm
1997-09-13	d24816a21faa05c0ced504c0d000ac2f3b7c85b0	dbef7f3306c772aa4188d1d0d6e0432344963bdc6b8e5bde38e3e176b4961888	pics/f_src.xpm
1997-06-06	cae23caed9991c965f7f49684ae2381bbeecd6b7	fc08fa76818d7e6332287880e4f398eeb8a1cd940183f4148b83d8b29f49e742	pics/file.xpm
1997-04-13	69f6d6cc97cda34c0c78aa9fd77daff54a74e5a1	fe612f351819f4bd51d488123247965f7cd5b0b71689421cbe43ad96fc2e226a	pics/floppy_mount.xpm
1997-04-13	69f6d6cc97cda34c0c78aa9fd77daff54a74e5a1	63dfc3e07e5f8cab4524ab1ec09953a72241898d490be7e5b574b34c22a89cc3	pics/floppy_unmount.xpm
1997-04-13	69f6d6cc97cda34c0c78aa9fd77daff54a74e5a1	2dba10d70701cc060b008c71b626f940f0a1137f942a8a041ad286dd437428d4	pics/folder.xpm
1998-02-23	c3d129d194a13937a60a8ab07901b6537dec03d2	2ab73928604c492ba16b390751161f073c83dbd716a7d80925efc044e7d0c180	pics/folder_blue.xpm
1998-02-23	c3d129d194a13937a60a8ab07901b6537dec03d2	6d1ea0bd4f059f03672d326ad909fb1d5152346246272fad1ff0013d4807d609	pics/folder_cyan.xpm
1998-02-23	c3d129d194a13937a60a8ab07901b6537dec03d2	41f3a29c7685013c8938cfdabf211ad26b3cc0efece2b5cbf132e568166788cf	pics/folder_green.xpm
1998-02-23	c3d129d194a13937a60a8ab07901b6537dec03d2	b35aa39a555a5240fa664be8b0d22aa6fdc20ee4d090397f2120041f89f3d04e	pics/folder_locked.xpm
1998-04-15	3d2a95fc22a8785ea15e6ff62a82afe7078419a2	f0a78db80358d32906b69ae870a99950797d8b15b41e8ef7d82ccc7588c9f9c4	pics/folder_open.xpm
1998-02-23	c3d129d194a13937a60a8ab07901b6537dec03d2	737e69b2dc36852e85a94e04953dd2a0339b1474eeb045defd6b5c7b78307131	pics/folder_red.xpm
1998-02-23	c3d129d194a13937a60a8ab07901b6537dec03d2	8c4468a66216cd2887501f10ee19f78a37ab6ec04cc759e9a01051cef6f0f21f	pics/folder_yellow.xpm
1997-09-13	d24816a21faa05c0ced504c0d000ac2f3b7c85b0	b56cf19b0eea4dbf80b843bfbe8d2d41a948356e7659bd8a711b66e1dd1fb08f	pics/font.xpm
1997-04-13	69f6d6cc97cda34c0c78aa9fd77daff54a74e5a1	cc8a723c6950432b78abaece306f9fba3d3762d4e6f41dfa122c6170325135b9	pics/ftp.xpm
1998-02-23	c3d129d194a13937a60a8ab07901b6537dec03d2	cbfcdc7dc24af8a5aa38e846a0fce54ecad3e8f055d16230109a5b5abc3b1027	pics/games_package.xpm
1997-09-13	d24816a21faa05c0ced504c0d000ac2f3b7c85b0	2a9bc6b8f5df2a4d23e9ff96a882b8472d53c206a4f47ed04445afdd00450821	pics/gf.xpm
1998-02-23	c3d129d194a13937a60a8ab07901b6537dec03d2	d417bf96bca467178035cbe758ea440c13c943d1ab18802625184cb8c9174745	pics/graphics_package.xpm
1997-09-13	d24816a21faa05c0ced504c0d000ac2f3b7c85b0	d10dd7f11e34bd5995126c2db0fa2954597b990637f8c990e2dcd2f91d6e7e8c	pics/h_src.xpm
1998-04-16	163bb1ffe694d4c6241060570cc06405003909c1	3450b1cd73cfb22784a6e52370e2091cf941fa50716df123dfab6b4f46a7cffe	pics/harddrive_mount.xpm
1998-04-16	163bb1ffe694d4c6241060570cc06405003909c1	f195778e1c8036891aaa3bba924fa654526f7007fb28201fbc2de56ec0b89d72	pics/harddrive_unmount.xpm
1999-08-01	b65b0ab8dc6243a21ad79f730900c7ac3c6de3a3	a98a0cdea4fdf683e44871b44cf8f52b177043a38dd1b41334d5ed8ae8d456a2	pics/hd_mount.xpm
1999-08-01	b65b0ab8dc6243a21ad79f730900c7ac3c6de3a3	bf5e586d52c5a861bd6cbc9547dac4b0eabb3ae081619cfcf926ef73768171be	pics/hd_unmount.xpm
1997-04-13	69f6d6cc97cda34c0c78aa9fd77daff54a74e5a1	08e351f99a12eabf655e3035778d7439a43ad04bc41775ebe2f89b7765c0f29c	pics/html.xpm
1997-04-13	69f6d6cc97cda34c0c78aa9fd77daff54a74e5a1	6f69c89c6409ddd9adba25b55f202a9ff04cf6efb8e8ed93f286c0f5797b00f0	pics/image.xpm
1997-04-13	69f6d6cc97cda34c0c78aa9fd77daff54a74e5a1	f93678e50493a6b825d68b56cda1bff22f1feb40b7c8c2dc0ff02c166c995190	pics/info.xpm
1997-09-13	d24816a21faa05c0ced504c0d000ac2f3b7c85b0	ba687ae663cea6e61110dc76b8a3b508f92999050738c634b2f8d0bad0442074	pics/java_src.xpm
1997-09-13	d24816a21faa05c0ced504c0d000ac2f3b7c85b0	ede1735507d504f9289d700ac871c754de42d45210927c5f492df82207d810a7	pics/key.xpm
1997-10-16	778b66d57dcbe08c0e1c786983e1cee88e831ba4	1ea5657b965a741a151b703c561c60342992fbf0781863d33f03fd392e6ae9ed	pics/kfm.xpm
1997-09-13	d24816a21faa05c0ced504c0d000ac2f3b7c85b0	4f9129ef933cfbfd7c5db095c762a70bc7d14a4c3b308ab11a5bf89816f0f2ff	pics/kfm_fulltrash.xpm
1997-09-13	d24816a21faa05c0ced504c0d000ac2f3b7c85b0	c56eaf87458d55c10f6d192dc39fb46d1d82232cc5b614e898195293284a21fa	pics/kfm_home.xpm
1997-04-13	69f6d6cc97cda34c0c78aa9fd77daff54a74e5a1	3f5e4785d93a3c0ba3cad5002c7ea43ee97083e8e0279f11042e8d2650613c43	pics/kfm_refresh.xpm
1997-09-13	d24816a21faa05c0ced504c0d000ac2f3b7c85b0	bd210681ce9fc8a0481ee5a62dfc181bfaeb751e27a56ffbd45465f22d73fe72	pics/kfm_trash.xpm
1997-04-13	69f6d6cc97cda34c0c78aa9fd77daff54a74e5a1	cbead3b699f5244b1418272e3fdb2998725841b764c889aa41d2dcf1866666e3	pics/khtmlw_dnd.xpm
1999-08-12	63708d1635ee3da3bb69378e20db7f7d274e1c97	511026118119eb1fd0770edf4076b313ecd547ebc6721f228d2fed2385c91cfa	pics/klpq.xpm
1999-08-05	b9ed7d6733f0d1cd74fd7270c9f281ec898b6b4d	23e4ab88aa8bf74a380bd3688fb4f0ee1214ffdc985eba245dcc0d93d7cd57cc	pics/kmultiple.xpm
1997-09-13	d24816a21faa05c0ced504c0d000ac2f3b7c85b0	9d55a76c8949c60caf8f9566e7c534392c679757d9058f1ba85ddcf672c76dd0	pics/kpanel.xpm
1998-12-24	0dee6983e7c59f6d4e9f4141002abc3e4cfd6fa9	dd12ecfe972d88f1ae7b1b6266ae70b410f38d0389e12b87b1aeee83ff568fc5	pics/kwrite.xpm
1997-09-13	d24816a21faa05c0ced504c0d000ac2f3b7c85b0	7242f869a2b2cf55eb86de6c85d14fa7f9a14f6c40018fbe9c1b1585fbbe0a2d	pics/l_src.xpm
1999-08-01	b65b0ab8dc6243a21ad79f730900c7ac3c6de3a3	0fe5f1fd74d50e8de189eb612662fd840c2e6058b48aa103ccbf8eb01a789e3e	pics/large/3floppy_mount.xpm
1999-08-01	b65b0ab8dc6243a21ad79f730900c7ac3c6de3a3	f847a5e7ef93e3ec93721624aacfedb27aba2a4a37c676f10fea93a1826b8337	pics/large/3floppy_unmount.xpm
1999-08-01	b65b0ab8dc6243a21ad79f730900c7ac3c6de3a3	b898bfb9106e87caec016cdbbc976c2ee545ab44a6534b3fa233a649e703a83e	pics/large/5floppy_mount.xpm
1999-08-01	b65b0ab8dc6243a21ad79f730900c7ac3c6de3a3	1c54fc4d8a75a9320c99ca5e970ab2835eea21344e40e27e64454510c53e2484	pics/large/5floppy_unmount.xpm
1999-08-05	b9ed7d6733f0d1cd74fd7270c9f281ec898b6b4d	a6028ce432b7c94d5d2e80a37e3a65e6faa573d9b1db46b21aeeaf3a153d5f63	pics/large/applications_package.xpm
1999-08-04	df444bcfe48d6f43e7d6ae14a7b63c1d0ebb183f	cf00fb41d6f779c6b3a88d45a7dbd1c2f737dd834a76ee0437ee8e5446ab8fe5	pics/large/binary.xpm
1999-08-04	df444bcfe48d6f43e7d6ae14a7b63c1d0ebb183f	bfc56d4ed312dfc8ce8816f350f15f65a6c38eff89bfae9784c7237847512eef	pics/large/binary2.xpm
1999-08-01	b65b0ab8dc6243a21ad79f730900c7ac3c6de3a3	be343c364ceef7aea6fc193c6e135d8db7fdd7fbc8111952e74818feca4b20be	pics/large/blockdevice.xpm
1999-08-04	df444bcfe48d6f43e7d6ae14a7b63c1d0ebb183f	2934a320d712f50eb708dbd6cfc64298231d26cb1eb6b3f17cf17a2135dd0f31	pics/large/c_src.xpm
1999-08-01	b65b0ab8dc6243a21ad79f730900c7ac3c6de3a3	2788d3cdf1f05069d70e4ee97636d4e2f5ea1870d14cf91d4eac84e63ff97dd7	pics/large/cdrom_mount.xpm
1999-08-01	b65b0ab8dc6243a21ad79f730900c7ac3c6de3a3	b5ef5d77dbdbb30c6f8627662f4bcd4d43b6536e8666673110e9c13a18c5f769	pics/large/cdrom_unmount.xpm
1999-08-01	b65b0ab8dc6243a21ad79f730900c7ac3c6de3a3	2b4f53b985ac0fd48bdfc0bf5fcef00c19da08248ddbed3b09adb0a65bb8a936	pics/large/cdwriter_mount.xpm
1999-08-01	b65b0ab8dc6243a21ad79f730900c7ac3c6de3a3	86ebfd8675f1a6e7816d5aa3d47ad09d8c5d3b45c7f5f124eb067869bf389a4d	pics/large/cdwriter_unmount.xpm
1999-08-01	b65b0ab8dc6243a21ad79f730900c7ac3c6de3a3	1a86dc98bc59fc122dc019ad6d535fe729df34c5ce498cfde46aaedc78283bb5	pics/large/chardevice.xpm
1999-08-04	df444bcfe48d6f43e7d6ae14a7b63c1d0ebb183f	dc8bbc66261fb59371f0fb7b78a88580669381c50daeaba8974651e3c962e8ac	pics/large/core.xpm
1999-08-05	b9ed7d6733f0d1cd74fd7270c9f281ec898b6b4d	9fb37a13ade107b98d4d15f70685ae70752c91011e253dc2ddb07a318411753c	pics/large/desktop.xpm
1999-09-06	817b89e198d9cb1c5a327f5da902da20f30c6e20	50a802b1a2c132d199035c6118de5ab262c42f7d9461487f5a2c876b20860667	pics/large/desktop_settings.xpm
1999-08-31	52e694ac70cb3204db28ef32f0c58b941ea5cda1	0823aa763beda90bc5f0240f421293d4fa51e8cffbc7350a56ccf5613a0cd8aa	pics/large/document.xpm
1999-08-04	df444bcfe48d6f43e7d6ae14a7b63c1d0ebb183f	ef02232a8f328199cb2fb5035e79ba476d4f21de524a246b097733f29654e18f	pics/large/dvi.xpm
1999-08-31	52e694ac70cb3204db28ef32f0c58b941ea5cda1	0f16902dc8c269004bf417fa390d608ce79b5aa38a4517cdb41b54bbc86eecaa	pics/large/editors_package.xpm
1999-08-05	b9ed7d6733f0d1cd74fd7270c9f281ec898b6b4d	8f35ba010cb47f2fed2005b0dda200feaff0675be1d1f22e1a6e413f0faca341	pics/large/exec.xpm
1999-08-04	df444bcfe48d6f43e7d6ae14a7b63c1d0ebb183f	2592b2f27ac14dfbca884ad386629e3ee38db7ecea6feb6399b5f84dc044d3fe	pics/large/f_src.xpm
1999-08-01	145ee70ed281ab2c5b02a19b3046476c49006ff7	56b8da9a3a0463fe3562c9c5bb5ac362a1a936bb8e69fdf51857ca0a91217cf2	pics/large/folder.xpm
1999-08-01	145ee70ed281ab2c5b02a19b3046476c49006ff7	06acde7a5131c65530f0e1c501bfc0ab7e8b50e9dc30aa380e4c066c99face7d	pics/large/folder_blue.xpm
1999-08-01	145ee70ed281ab2c5b02a19b3046476c49006ff7	4ca3590244bca4d66918f0708acbcfd0418450f2d5bd7318888a4745d6572347	pics/large/folder_cyan.xpm
1999-08-01	145ee70ed281ab2c5b02a19b3046476c49006ff7	32e355e06d7b11e11cefc73fab82e4e20e6d8850bb3f541f116f756714d7d5ab	pics/large/folder_green.xpm
1999-08-01	145ee70ed281ab2c5b02a19b3046476c49006ff7	cf14a0de7645441fbf1ccd40b1bb553dc79f78c15b328f64bc9ea60de67e5459	pics/large/folder_open.xpm
1999-08-01	145ee70ed281ab2c5b02a19b3046476c49006ff7	0176db97c692772610b5ad0385b52214020a92b6350d4e023fe57271c62ab482	pics/large/folder_red.xpm
1999-08-01	145ee70ed281ab2c5b02a19b3046476c49006ff7	28b0e55c9d6101156747fc8f9d0221ce53af109bb1cc4a65a6dcaa68127d26cf	pics/large/folder_yellow.xpm
1999-08-04	df444bcfe48d6f43e7d6ae14a7b63c1d0ebb183f	9a75c1f67d7c17712016eea1edf2e0f2e67f0b00b34dd0d82f4beaee70ea62f6	pics/large/font.xpm
1999-08-06	3a658debe2584b632746d95b44e63c283501d424	1905123c2925fb76cbf37753c0debeca8381697b9fd701a7900d722320f413f5	pics/large/ftp.xpm
1999-08-05	b9ed7d6733f0d1cd74fd7270c9f281ec898b6b4d	eb493df9b2c4697e39221983c59e1b400545dc2a1226f48bfc41ca7c146d2e42	pics/large/games_package.xpm
1999-08-06	3a658debe2584b632746d95b44e63c283501d424	964ab48ae9cae09e7f7d13be00f776f4a08e2d37bbbc644f72319d8ee53b8c4e	pics/large/gf.xpm
1999-08-01	145ee70ed281ab2c5b02a19b3046476c49006ff7	b5f6d96cdc54e3a76fc2b92ad999bf347d90bb34e6bf9bdac3d2826bb1350b09	pics/large/go.xpm
1999-08-05	b9ed7d6733f0d1cd74fd7270c9f281ec898b6b4d	bdc59926cb5c16b3acebfff298e5d68e81da31cef1f0c701a82482bab8b00abd	pics/large/graphics_package.xpm
1999-08-04	df444bcfe48d6f43e7d6ae14a7b63c1d0ebb183f	a7f20e86e013cc47b92292c20e192b88039528a3836529a29afaabdea63623da	pics/large/h_src.xpm
1999-08-01	b65b0ab8dc6243a21ad79f730900c7ac3c6de3a3	85eceb8e823ab8e83490c469479d60ecf0f2dd0db14e802d1b00941686baeb22	pics/large/hd_mount.xpm
1999-08-01	b65b0ab8dc6243a21ad79f730900c7ac3c6de3a3	ac3a390c532dacaa6b765679de966a0edb4fe231ed8ac8d42d6d631a4bab4741	pics/large/hd_unmount.xpm
1999-08-04	df444bcfe48d6f43e7d6ae14a7b63c1d0ebb183f	4e3fb9e125b6dc339a0d36f794d805962421975891a09ba70c91e9536a7cdc3d	pics/large/html.xpm
1999-08-04	df444bcfe48d6f43e7d6ae14a7b63c1d0ebb183f	2c1309600fbf72ca4f0d4ffc3bb93b3bdff10598bed2a6d4bb55288049168f64	pics/large/image.xpm
1999-08-05	b9ed7d6733f0d1cd74fd7270c9f281ec898b6b4d	26d4ab6ef1e76b93e267ee988867bfb834a79d9af065cc2d3eddf105a246aa91	pics/large/info.xpm
1999-08-05	b9ed7d6733f0d1cd74fd7270c9f281ec898b6b4d	f10aa87df8e8187b7d95aa839451bab2527c6883777084089bd9f4fc1b31a265	pics/large/java_src.xpm
1999-08-01	145ee70ed281ab2c5b02a19b3046476c49006ff7	c16451953a0118cbea4ed183332373b8b084334c399b065e748979769ceb53ca	pics/large/kcontrol.xpm
1999-08-01	145ee70ed281ab2c5b02a19b3046476c49006ff7	696ca01670079a89c21a8a5f8abfe7f1bb446fc188d3f1bba05c96ef08fad38d	pics/large/kdehelp.xpm
1999-08-01	145ee70ed281ab2c5b02a19b3046476c49006ff7	aab94388bf894cc62775cae7753c82c6b1d63f4b0b0ae243921d6448efc044cd	pics/large/kdisknav.xpm
1999-08-01	145ee70ed281ab2c5b02a19b3046476c49006ff7	dbcc1434bb63ffbc3ba8911e27674d5753dac453a974510799b78e174b30513a	pics/large/kfind.xpm
1999-08-01	145ee70ed281ab2c5b02a19b3046476c49006ff7	c900404b5fb278bc47ea53c81f2fde835e8cd3a2658d3fcef15d40209d5d71ab	pics/large/kfm.xpm
1999-08-05	c32577473e21fd1c2549227c80ed5f579e431571	f0197ace1d50ab0f6e97df421ca1b67e77907016a21a881155cb609a5c843a55	pics/large/kfm_fulltrash.xpm
1999-08-01	145ee70ed281ab2c5b02a19b3046476c49006ff7	6264df99c24b8291a9987dcf4df3abc137fbccc175c7c409ce301d5a904049ba	pics/large/kfm_home.xpm
1999-08-05	b9ed7d6733f0d1cd74fd7270c9f281ec898b6b4d	c5a4cc5c083f7b523f337cec2197a82f86492c9b9aee612605e4027b2e0da7ef	pics/large/kfm_trash.xpm
1999-08-01	145ee70ed281ab2c5b02a19b3046476c49006ff7	a711d220b054102257475dfe4f6914769b54419e281735ee41544d1dc48bbcd7	pics/large/kfontmanager.xpm
1999-08-12	63708d1635ee3da3bb69378e20db7f7d274e1c97	9a9945aa533d820bf2f854241cc364d057e3e90756aa2c5907974471c73cb3f6	pics/large/klpq.xpm
1999-08-01	145ee70ed281ab2c5b02a19b3046476c49006ff7	1b00623aca687898e9d52e609bb2dd089167cc17f5794daa219ea7de29ccce1b	pics/large/kmenuedit.xpm
1999-08-01	145ee70ed281ab2c5b02a19b3046476c49006ff7	f327fe25abb8c084853905b27219db7be3bc8a5ae1e01f2c142457c5199c431e	pics/large/kmultiple.xpm
1999-08-01	145ee70ed281ab2c5b02a19b3046476c49006ff7	5de0ecaea954c7fae78b1849283bfe1663e9c038c47ee3db26b1da8e59931d15	pics/large/konsole.xpm
1999-08-01	145ee70ed281ab2c5b02a19b3046476c49006ff7	04031270e1c1a8fb06f4cbbfae85afeb2738afee16cc2cc57a197d2f1af089c1	pics/large/kvt.xpm
1999-08-01	145ee70ed281ab2c5b02a19b3046476c49006ff7	011f48bf7f68bcf3d3eb0d0c379d044291cb9eb164ac8c6733201cddde719dbb	pics/large/kwm.xpm
1999-08-31	9c56c0fe554647f02b37fc54d2bbfcad57061bf4	be00b1090edd1dfc437073d3fafec650c2503fd8ffeeeeaefdbbd0cc4b0528bc	pics/large/l_src.xpm
1999-08-31	52e694ac70cb3204db28ef32f0c58b941ea5cda1	aa216c32db91be057a2f18cb7ea6993e4ea88ee6f403c806798bb92758c26ebe	pics/large/library.xpm
1999-08-01	145ee70ed281ab2c5b02a19b3046476c49006ff7	10acf68c1759c139416dd2fd82fed74591bf3995f4b76505c3718578c8ef5d11	pics/large/link.xpm
1999-08-04	df444bcfe48d6f43e7d6ae14a7b63c1d0ebb183f	cc451e143dd83106c7c260fc993f473cb671050d824c9e4332293d553b94c92c	pics/large/locked_file.xpm
1999-08-01	145ee70ed281ab2c5b02a19b3046476c49006ff7	26b081e3207591d8135aff0453da2963b80418bba65c881c3956a7206bc26e94	pics/large/lockedfolder.xpm
1999-08-04	df444bcfe48d6f43e7d6ae14a7b63c1d0ebb183f	08454b131f479faa1da3485927aa1618f0ca6bf0ba00d46e133ff1fcee5084dd	pics/large/log.xpm
1999-08-31	52e694ac70cb3204db28ef32f0c58b941ea5cda1	7286a3576a4e0cbcc4a0c05f8fec6d248e30c18dfd99d21353227c0cffdd9a03	pics/large/magneto-optical_mount.xpm
1999-08-31	52e694ac70cb3204db28ef32f0c58b941ea5cda1	ff64d63386db965713b7668c2e066a38541076e97d58d4b2c9d0cba7b80fd994	pics/large/magneto-optical_unmount.xpm
1999-08-05	b9ed7d6733f0d1cd74fd7270c9f281ec898b6b4d	05cade2789c4c75a015a7ae5acbd28078123ddddc0e0a6a3d55d5dc208b26c53	pics/large/make.xpm
1999-08-04	df444bcfe48d6f43e7d6ae14a7b63c1d0ebb183f	f55cf0f825164ec9443a7932cc0b24555b6086cbfdf142061311641c3d9d4cb6	pics/large/man.xpm
1999-08-06	3a658debe2584b632746d95b44e63c283501d424	964ab48ae9cae09e7f7d13be00f776f4a08e2d37bbbc644f72319d8ee53b8c4e	pics/large/metafont.xpm
1999-08-04	df444bcfe48d6f43e7d6ae14a7b63c1d0ebb183f	169e221692b8ae8c5b2e287911283d463e70a9fc93fd361db5734dfeb8164ab9	pics/large/midi.xpm
1999-08-05	b9ed7d6733f0d1cd74fd7270c9f281ec898b6b4d	e60c914bbd2c9b56e87c9c38fb57c848bdcfa606cb794c011da42da6aa12ed95	pics/large/midi2.xpm
1999-08-04	df444bcfe48d6f43e7d6ae14a7b63c1d0ebb183f	9d94f7033e9ff35d1b0f933bd879e3cfa9c2ae4da3b11be273946efbbd8deb00	pics/large/misc.xpm
1999-08-04	df444bcfe48d6f43e7d6ae14a7b63c1d0ebb183f	970e93c80722054260720584e924648d36f1c0747b93b4b26c28d8eb2735c6c1	pics/large/moc_src.xpm
1999-08-05	b9ed7d6733f0d1cd74fd7270c9f281ec898b6b4d	c007dbb9cef29d2c0f2e4c17425f6fbeb223792e3c70f6e37efd42ea81e1d32c	pics/large/multimedia_package.xpm
1999-08-05	b9ed7d6733f0d1cd74fd7270c9f281ec898b6b4d	45e0490cdeafeeb29759c60c1698a4964e570b428bd08f60699412d6b5cc24a0	pics/large/network_package.xpm
1999-08-04	df444bcfe48d6f43e7d6ae14a7b63c1d0ebb183f	62229527e2a551508f393b8fe9e1c0baeb7cbd882b2c26ac034e9ab4eead07f9	pics/large/o_src.xpm
1999-08-04	df444bcfe48d6f43e7d6ae14a7b63c1d0ebb183f	7b4a430f03072fc9d239fa3ada519d3fed51f3a71cf21be3ed8014303710ec8a	pics/large/p_src.xpm
1999-08-31	9c56c0fe554647f02b37fc54d2bbfcad57061bf4	9f8d66d4db7f244a8098aaa0df038366fc0f8387c831e4d48020199ceecc81c3	pics/large/package.xpm
1999-08-04	df444bcfe48d6f43e7d6ae14a7b63c1d0ebb183f	193acd69ab855ac07924a3fc9fb8ce9cc593e2efee7b3749b0d76d64627aa853	pics/large/pdf.xpm
1999-08-05	b9ed7d6733f0d1cd74fd7270c9f281ec898b6b4d	4df3669d18a96972a22fa346b4086e7f81b5d9bd17042daf359f293ed8624c0d	pics/large/perl.xpm
1999-08-05	b9ed7d6733f0d1cd74fd7270c9f281ec898b6b4d	1259be4f299c83f3852c164b78ae9df7c2d37a942a0aa89ed27a4c625fbe7b22	pics/large/perl_doc.xpm
1999-08-05	b9ed7d6733f0d1cd74fd7270c9f281ec898b6b4d	36f8f461c976c65f804404044954347eab6c401cd1c42e4fe753759b175d5127	pics/large/pers_applnk.xpm
1999-08-31	52e694ac70cb3204db28ef32f0c58b941ea5cda1	32775448b70dce339d4aef119d62b8b9b8471b4f98a3f62fd601da3c28fd162f	pics/large/pipe.xpm
1999-08-05	b9ed7d6733f0d1cd74fd7270c9f281ec898b6b4d	964ab48ae9cae09e7f7d13be00f776f4a08e2d37bbbc644f72319d8ee53b8c4e	pics/large/pk.xpm
1999-08-06	3a658debe2584b632746d95b44e63c283501d424	2489933ca93c86d27a9cc94305de43c059a72a5d9f3bfbb12fec209d3f289bb4	pics/large/postscript.xpm
1999-08-31	52e694ac70cb3204db28ef32f0c58b941ea5cda1	f70129cdfd04f92113b238cab5f406e110299f996fa9c881b83293160138f398	pics/large/readme.xpm
1999-08-31	9c56c0fe554647f02b37fc54d2bbfcad57061bf4	e2140ca2199777a8e9fa10f073575e12edf5915c5fbaf3873395d1f99703b61b	pics/large/readonly.xpm
1999-08-05	b9ed7d6733f0d1cd74fd7270c9f281ec898b6b4d	a6a996d81067979c140f540dfd2676da18ff9dce59ab72ae6ed807180c0f86e1	pics/large/resource.xpm
1999-09-05	ef72aed3eafce97ac7ba8b0e3100231e2021f1fa	8f35ba010cb47f2fed2005b0dda200feaff0675be1d1f22e1a6e413f0faca341	pics/large/script.xpm
1999-08-06	3a658debe2584b632746d95b44e63c283501d424	7a8b33cde96cfacf7ebd66101f770309cbb9115dc0b7326e7d9bab6020aa0426	pics/large/settings_package.xpm
1999-08-05	b9ed7d6733f0d1cd74fd7270c9f281ec898b6b4d	faed2b655a2a954c1a5ed9a73795f96bc9d4beb68ea9f26930618fdac2663222	pics/large/shell_script.xpm
1999-08-12	63708d1635ee3da3bb69378e20db7f7d274e1c97	7273575ce97680a15f1fe6cab3f5af712ac6852420234ddc38a90832c40136c1	pics/large/shredder.xpm
1999-08-31	52e694ac70cb3204db28ef32f0c58b941ea5cda1	346843614644eb5bd54d65163ebab4b392cf398731f91b278f14a73460af9fa7	pics/large/single_doc.xpm
1999-08-31	52e694ac70cb3204db28ef32f0c58b941ea5cda1	c37dd51f6b5dff74fd4ac5e3b4746006b395cf22bf163c541dad9ca9e4542235	pics/large/socket.xpm
1999-08-05	b9ed7d6733f0d1cd74fd7270c9f281ec898b6b4d	f2ce8323a5091fe1e4d5c3c76ed974a5c6ecc86a698d30f75f72beaca84a2be4	pics/large/sound.xpm
1999-08-05	b9ed7d6733f0d1cd74fd7270c9f281ec898b6b4d	528c1dc154ed68ae0cf340c4b8d79d239d999466e69e5d51772f3b2f9c3cd025	pics/large/system_package.xpm
1999-08-31	52e694ac70cb3204db28ef32f0c58b941ea5cda1	395faae83a2674f3b257a98cc4f25efaf284cfdf32339ca0fdce1d33d994e77e	pics/large/tablet.xpm
1999-08-05	b9ed7d6733f0d1cd74fd7270c9f281ec898b6b4d	9ee0519e0666ab712e171f5e82e4e421f478938bd1d717a7dbb6b4d62c582519	pics/large/tape_archive.xpm
1999-08-01	b65b0ab8dc6243a21ad79f730900c7ac3c6de3a3	1a86dc98bc59fc122dc019ad6d535fe729df34c5ce498cfde46aaedc78283bb5	pics/large/terminal.xpm
1999-08-05	b9ed7d6733f0d1cd74fd7270c9f281ec898b6b4d	dc8a5bbdcb1e7fac7e620884edc3d3be4d7e9dea07eeefd3d2830f3993c23c61	pics/large/tex.xpm
1999-08-05	b9ed7d6733f0d1cd74fd7270c9f281ec898b6b4d	ae16dc7e4fa6362a33384acf87c048605740e45c3d4c2c1215f4b6b63bea6c21	pics/large/tgz.xpm
1999-08-04	df444bcfe48d6f43e7d6ae14a7b63c1d0ebb183f	74d0680ebaccc59bfbdb9afa8e27d1dac952e964932af2c2678aeeca09f3e8c6	pics/large/trash.xpm
1999-08-05	c32577473e21fd1c2549227c80ed5f579e431571	f0197ace1d50ab0f6e97df421ca1b67e77907016a21a881155cb609a5c843a55	pics/large/trash_full.xpm
1999-08-04	df444bcfe48d6f43e7d6ae14a7b63c1d0ebb183f	25b451249882a685104084a2a5eb267c6245c8aa9203be27180934350af6517f	pics/large/txt.xpm
1999-08-04	df444bcfe48d6f43e7d6ae14a7b63c1d0ebb183f	fd6064f5df2e58f1ca6db49ce0c040f6aa0be5b41e042336a09390894170733f	pics/large/unknown.xpm
1999-08-05	b9ed7d6733f0d1cd74fd7270c9f281ec898b6b4d	5a842333117feab672e1f2f351d25381b31623faabcfa8f1a9c66a65933c5246	pics/large/utilities_package.xpm
1999-08-05	b9ed7d6733f0d1cd74fd7270c9f281ec898b6b4d	85d74cc6b737b12871d532792a55a957a7053c6b078ac3b32e7d734bc0b72145	pics/large/video.xpm
1999-08-01	145ee70ed281ab2c5b02a19b3046476c49006ff7	2b77ce24becf8851da770d35709d939be01ad7874e26814284a6183f3cae2cff	pics/large/window_list.xpm
1999-08-04	df444bcfe48d6f43e7d6ae14a7b63c1d0ebb183f	884afac0069e0ffab146cbee8fc9af56d8c59cbf9c1491a0238191a3086fd4da	pics/large/www.xpm
1999-08-31	52e694ac70cb3204db28ef32f0c58b941ea5cda1	dd7a98548acfcce3f01cda987130e43de4d46650591fd6e14a0fab6ea268be87	pics/large/x.xpm
1999-08-04	df444bcfe48d6f43e7d6ae14a7b63c1d0ebb183f	2eb48f919d45f1db9eaae5ad4ebca4bc2f818f3bbd8916ce5e9e1e995e7db667	pics/large/y_src.xpm
1999-08-01	b65b0ab8dc6243a21ad79f730900c7ac3c6de3a3	55153be90df37a7c5c93ba21b3aee147b49ef3d990ff56dcee62eae7421ae589	pics/large/zip_mount.xpm
1999-08-01	b65b0ab8dc6243a21ad79f730900c7ac3c6de3a3	d6485e6d35b5c1896a847c890d867f8c8510452cb6da72e4784cefc9b5ff6688	pics/large/zip_unmount.xpm
1997-09-13	d24816a21faa05c0ced504c0d000ac2f3b7c85b0	572294dedd0977c365c7b7198de1af083cec91e3c10cea672caf32cb7072d5ca	pics/launch.xpm
1997-10-30	1e5b5be3a3104261d4088f34b53230a19d94d966	97f7a7438c313dd188e522e265964126b8b88ce3955221edfd9d0dd330679c54	pics/library.xpm
1997-09-13	d24816a21faa05c0ced504c0d000ac2f3b7c85b0	a0f96546b48a1e695f1baaa7b8423eae72c2333a2bc98e72eb55013dabec641d	pics/link.xpm
1998-04-16	163bb1ffe694d4c6241060570cc06405003909c1	6400a92560f5a2c4c3f383e6003514a807312c60e3cf3bff8d608d9192db8347	pics/locked.xpm
1999-08-04	df444bcfe48d6f43e7d6ae14a7b63c1d0ebb183f	7262e4a0d5d4a796f09195bef6048ab7ac140a007defef3a9eab8d9ee6148dc9	pics/locked_file.xpm
1997-09-13	d24816a21faa05c0ced504c0d000ac2f3b7c85b0	e87d287f112d8e38277f3bf1d2bbfd68b0a2f2f3c0188804df985852615521c1	pics/lockedfolder.xpm
1999-09-07	05960133187e3d4152ec961872c86a7cb9202d0d	451a0b3761b997ad994ad59d2eb5aa8e751e4720c403b5568ddde45fed57321d	pics/locolor-icons.tar.gz
1997-10-30	1e5b5be3a3104261d4088f34b53230a19d94d966	6bfa79bdcf4d0c410bc1787f3cb007421284ec9bd9420f94059fbcad5283e74e	pics/log.xpm
1998-12-24	0dee6983e7c59f6d4e9f4141002abc3e4cfd6fa9	9f562ae2d5d0524d104cfa567a3a3b17187d83b95f3f7a0f20b59d2a31767b64	pics/logo.xpm
1998-11-25	652db80f78da53fae259182a08fb5fafc6b0ebd5	b1222b344dc26636bb27e126259c1c4a9900ae0fa2e5bc5d3704182e8fbee259	pics/magneto-optical_mount.xpm
1998-11-25	652db80f78da53fae259182a08fb5fafc6b0ebd5	fdfe14faa8eba88598df617154b6381091892a9d6cc46ca97ff95bb33679399e	pics/magneto-optical_unmount.xpm
1997-09-13	d24816a21faa05c0ced504c0d000ac2f3b7c85b0	fd4435df0b438739295e0d91f5a5c94868902a1b259c526cef185de67ba7521f	pics/make.xpm
1997-10-30	1e5b5be3a3104261d4088f34b53230a19d94d966	1637bed50cd91e417d00234a4f90871baafe03108dd09606ba8ceb2999df19c9	pics/man.xpm
1997-04-13	69f6d6cc97cda34c0c78aa9fd77daff54a74e5a1	aad082bac86461818353d331f311a7eba542f682fa99278a2db68daa75319700	pics/maximize.xbm
1997-09-13	d24816a21faa05c0ced504c0d000ac2f3b7c85b0	981fee327bd021ac74cd3f1b608709f5fc787714560289273dbeb86138fcd112	pics/metafont.xpm
1997-09-13	d24816a21faa05c0ced504c0d000ac2f3b7c85b0	204170cb121dd6112ffaa32c7f247d3966cabf6e154a777dedb60d528a1ceab7	pics/midi.xpm
1997-10-30	1e5b5be3a3104261d4088f34b53230a19d94d966	b4a20c16f528ffb1564dc82b7bcefa07afccd7cf509c834aef42cb441eeda68b	pics/mini/3floppy_mount.xpm
1997-10-30	1e5b5be3a3104261d4088f34b53230a19d94d966	4e3cc6cc8750a07d8615de7e1344bd9f209b7d987ecfa99ce4b0d6c4d4760875	pics/mini/3floppy_unmount.xpm
1997-10-30	1e5b5be3a3104261d4088f34b53230a19d94d966	49fbb52930ee02ed075f4a4f77653ed00b418ab0a6ca23b05e568ef1c782a171	pics/mini/5floppy_mount.xpm
1997-10-30	1e5b5be3a3104261d4088f34b53230a19d94d966	a34661bcb008a68dd186f3bf9baa12064960ae8fd9fc1b1827c0007bdd1d99ff	pics/mini/5floppy_unmount.xpm
1998-02-23	c3d129d194a13937a60a8ab07901b6537dec03d2	57b44ab5466a687a1f5d5687489594b33e1301f75c77b8ddcf1bc2e6f5c85a09	pics/mini/applications_package.xpm
1998-12-24	0dee6983e7c59f6d4e9f4141002abc3e4cfd6fa9	c83cd4d6070e023b55bea75f17e44c1e037bd27f9c1335f10280130432f5e272	pics/mini/audiovol.xpm
1997-10-30	1e5b5be3a3104261d4088f34b53230a19d94d966	6e1b1df4589a4ed425900eed952427e92d14880b134ba37837884a66983e357e	pics/mini/binary.xpm
1997-10-30	1e5b5be3a3104261d4088f34b53230a19d94d966	1e50c0c6a28282f78280c473e72c473c35b1961ff48c7893594948751801111f	pics/mini/blockdevice.xpm
1997-10-30	1e5b5be3a3104261d4088f34b53230a19d94d966	09e6d003304e627bc43a68fdb1f07e8936819a0671aa77482300eec53daa607d	pics/mini/c_src.xpm
1997-10-30	1e5b5be3a3104261d4088f34b53230a19d94d966	dba3e985893ff0a5677d1865a2a35727887bb0e044433866cd00617f79d5d321	pics/mini/cdrom_mount.xpm
1997-10-30	1e5b5be3a3104261d4088f34b53230a19d94d966	ceb507605e40f3a5d93b7e535435cb70d7485d31f73c8d3216a8b39f4a365bb7	pics/mini/cdrom_unmount.xpm
1997-10-30	1e5b5be3a3104261d4088f34b53230a19d94d966	2063a2495f41fdeacf432c27450e60a434c8281d9178eaf81b290280e0229ad8	pics/mini/chardevice.xpm
1997-10-30	1e5b5be3a3104261d4088f34b53230a19d94d966	197e95fc03ef0f08e6363c06fab3b31fd8708d85b9538e3d873d3e306ba9f257	pics/mini/core.xpm
1998-12-20	140bdb4a2aa4b48364fa44d772098b71c8dc088d	8514894317217d7b76cc77628ae4ae91419ba6c5ccc9f6d7ccbd2146f3fe41ce	pics/mini/desktop.xpm
1997-10-30	1e5b5be3a3104261d4088f34b53230a19d94d966	8137bd16317578b7e6408b8e5f980fd70cd2b5aa9cf29a4125b0b420fa156512	pics/mini/document.xpm
1997-10-30	1e5b5be3a3104261d4088f34b53230a19d94d966	cf2734823bafa77d851f9a45cd84a824a8e78b17442d95e948fc2a6d4272759c	pics/mini/dvi.xpm
1998-11-25	652db80f78da53fae259182a08fb5fafc6b0ebd5	ed799f7958085c5263eaad7383494e730976b2fa08347ba0b72a74565a5c5c1d	pics/mini/editors_package.xpm
1997-10-30	1e5b5be3a3104261d4088f34b53230a19d94d966	a4f92b77521e95b9618e62c807924b5e404e195c692bb9e9bafa74a8bbdaf4ef	pics/mini/exec.xpm
1997-10-30	1e5b5be3a3104261d4088f34b53230a19d94d966	4d2ecb51a318b87f2df2b6b0caf4b683e82aa15f84adefd15cc3342866603e89	pics/mini/f_src.xpm
1997-09-22	b8cababfe848c000c986af68bfbff71a0c5604b1	a3af9372af5376e2a6076b715db00fc4afd64c2a37d8e548577998d77a44e1b2	pics/mini/folder.xpm
1998-04-16	163bb1ffe694d4c6241060570cc06405003909c1	8e05fea95543fc9eb2d32ca2198c32387e46634817115da08f8ab09a7afd493e	pics/mini/folder_blue.xpm
1998-04-16	163bb1ffe694d4c6241060570cc06405003909c1	245eb9de128a239d9759002fd80c955f74c90b7c9833fa773a3cda1bbb6ced0f	pics/mini/folder_cyan.xpm
1998-04-16	163bb1ffe694d4c6241060570cc06405003909c1	864ea2bd702c7db3fdaef7767c9d1af57a6147aad46a4d53b8c437ed3f9bb741	pics/mini/folder_green.xpm
1998-04-15	3d2a95fc22a8785ea15e6ff62a82afe7078419a2	23aefa01afcdfb9e18d935c3af58f6d0a859d405fb3985d631a6ff654e4d3069	pics/mini/folder_locked.xpm
1998-04-15	3d2a95fc22a8785ea15e6ff62a82afe7078419a2	065064723816dcbf4d5acb7ad876aad332749e6b442c6b95a2184f2c2c48b7b9	pics/mini/folder_open.xpm
1998-04-16	163bb1ffe694d4c6241060570cc06405003909c1	e8da52403499f8f715a578aae346d634433178d8802badaede4fc39a7008aad8	pics/mini/folder_red.xpm
1998-04-16	163bb1ffe694d4c6241060570cc06405003909c1	2796dcd59cfb800795eb0c37f10f6ed466c6bdcbe0a63f55176ee3b4c517c2c1	pics/mini/folder_yellow.xpm
1997-10-30	1e5b5be3a3104261d4088f34b53230a19d94d966	26f69f6b2d1f8ecaacf52f4fffeb3c95428c9d96f69ad0f7b600a4f31aa1c5dc	pics/mini/font.xpm
1997-10-30	1e5b5be3a3104261d4088f34b53230a19d94d966	ea39482acbdec46de677a0d375811e037a0dc0116a4cc32ddbaec8e8e6bd9bc4	pics/mini/ftp.xpm
1998-02-23	c3d129d194a13937a60a8ab07901b6537dec03d2	5c07157d7a7f5dcf7cfe81274330f545a9589c633c6459496a3364bf3afb87c2	pics/mini/games_package.xpm
1997-10-30	1e5b5be3a3104261d4088f34b53230a19d94d966	666a833ae2f118253c6afdb025e2c793c033c719aa92d9bd187b8bb71f6a0880	pics/mini/gf.xpm
1998-02-23	c3d129d194a13937a60a8ab07901b6537dec03d2	8cff1d08fa2018a062be84ef3de41dfbf619aead5379e089b07effc9d95705e4	pics/mini/graphics_package.xpm
1997-10-30	1e5b5be3a3104261d4088f34b53230a19d94d966	783a2a1b44e8790714c72eba9338e8e1265a7e85c8af4f79abfdd6fdf164f5d2	pics/mini/h_src.xpm
1998-04-16	163bb1ffe694d4c6241060570cc06405003909c1	3450b1cd73cfb22784a6e52370e2091cf941fa50716df123dfab6b4f46a7cffe	pics/mini/harddrive_mount.xpm
1998-04-16	163bb1ffe694d4c6241060570cc06405003909c1	f195778e1c8036891aaa3bba924fa654526f7007fb28201fbc2de56ec0b89d72	pics/mini/harddrive_unmount.xpm
1997-10-30	1e5b5be3a3104261d4088f34b53230a19d94d966	cf12232835d32aeda5c85710c392aa4c7d7502de5ebfe95b35e3989fa82dfc94	pics/mini/html.xpm
1997-10-30	1e5b5be3a3104261d4088f34b53230a19d94d966	bb75f2ff6482421e262cc3d07c4d8d0c59fde1c76a4e353bc5e97c641f701388	pics/mini/image.xpm
1997-10-30	1e5b5be3a3104261d4088f34b53230a19d94d966	858e8ec503861f39e2ecc096b012c88c710fcc414a6347a9b8136dc755c48274	pics/mini/info.xpm
1997-10-30	1e5b5be3a3104261d4088f34b53230a19d94d966	2448466e510875be250c3509c6202ba72f316ffd6b3697462ed0ded79c56a017	pics/mini/java_src.xpm
1997-11-03	6137f200f72f996e742d82c6332fd14b6761eeb3	a6fbf32e0d5f6a71fa322a2d8123cc6712d1d587e97ccaa90b2d36def7d9c2b2	pics/mini/kfm.xpm
1997-09-22	b8cababfe848c000c986af68bfbff71a0c5604b1	ddcedbe67d67021f3d321e44cbe801406cfd19ad7cb74f2955913e8c255bd18b	pics/mini/kfm_fulltrash.xpm
1997-11-03	6137f200f72f996e742d82c6332fd14b6761eeb3	a6fbf32e0d5f6a71fa322a2d8123cc6712d1d587e97ccaa90b2d36def7d9c2b2	pics/mini/kfm_home.xpm
1998-03-16	9f0958159c896fe58d7ff28145fc43556b80ebfb	cd7137f964d2be82250d00f4fa1bfac426c08734dfe884978e1f18ca0c3c421d	pics/mini/kfm_refresh.xpm
1997-09-22	b8cababfe848c000c986af68bfbff71a0c5604b1	e9ad3745d05b281e8a2f808ad0e5c8530bafafd7d546ffd0032ddfee7a74cb0a	pics/mini/kfm_trash.xpm
1998-12-24	0dee6983e7c59f6d4e9f4141002abc3e4cfd6fa9	d8fb61aa23fe7c14d19ffaa94a0cfc79e0993b4b6d5315d5b0627d60354cc1c3	pics/mini/kwrite.xpm
1997-10-30	1e5b5be3a3104261d4088f34b53230a19d94d966	6ae67cdacf681a43feb18ed146c0f121344bd56aea0f88e873221b217ea07f43	pics/mini/l_src.xpm
1997-11-03	6137f200f72f996e742d82c6332fd14b6761eeb3	0bba89d8e3e2c0632902bfec6a9b88966f12021ef2330ce967b66e67d8e22136	pics/mini/library.xpm
1998-04-16	163bb1ffe694d4c6241060570cc06405003909c1	6400a92560f5a2c4c3f383e6003514a807312c60e3cf3bff8d608d9192db8347	pics/mini/locked.xpm
1997-10-30	1e5b5be3a3104261d4088f34b53230a19d94d966	f7351bde490e8d58b3d107a6c3c751694ad54cdc0b0ad45c7778c97b9fed4658	pics/mini/lockedfolder.xpm
1997-11-03	6137f200f72f996e742d82c6332fd14b6761eeb3	72af1dcdd6074dc7decb85ad3cf22a895e0b1f3d3b99ecb8fa85fd644f6bde9f	pics/mini/log.xpm
1997-10-30	1e5b5be3a3104261d4088f34b53230a19d94d966	289251a8a2f1def60d98217ae21532b685c19c6c1954525550b4960e4bce7439	pics/mini/make.xpm
1997-11-03	6137f200f72f996e742d82c6332fd14b6761eeb3	90618911c99c86a6f620202be700c5cf7850f66aff2a72a8fec4f784ad041996	pics/mini/man.xpm
1997-10-30	1e5b5be3a3104261d4088f34b53230a19d94d966	d7df5417c56044304de2193bdfceff61c9a7a995708c8b7a41723112ca664b67	pics/mini/metafont.xpm
1997-10-30	1e5b5be3a3104261d4088f34b53230a19d94d966	c3eea3c884b57a841fab98e437221c0f86ffda05a7afda4cf01e35551ede1c56	pics/mini/midi.xpm
1998-01-18	d6a2cb9dbd6f033a0916913975477ce6aad15d89	235d772178675183df5b72804e92578a0d52ab926da37dfc09f43e4833fbe0e6	pics/mini/mini-bx2.xpm
1999-09-05	77ab7d7e98a9e35e1be5593f94d9f5cfe8bb2fa2	9accd054e5103ba07bfd9a6a5f451713864ffe712398026636a91061235c9c42	pics/mini/mini-single_doc.xpm
1999-09-05	77ab7d7e98a9e35e1be5593f94d9f5cfe8bb2fa2	c7f16b7b2b95790145416953debe98d4c6b4b41425ede89d18fff9077bc9d90b	pics/mini/mini-source.xpm
1997-10-30	1e5b5be3a3104261d4088f34b53230a19d94d966	ef35d365f8a4f047cc3c06d5e26d021be7d3d8ec491e36ad83f31839ae496b73	pics/mini/moc_src.xpm
1998-02-23	c3d129d194a13937a60a8ab07901b6537dec03d2	9d0b688fe4702f9039ff0752c5cbffc03cefcc51865f1e63a468e15acbc61b64	pics/mini/multimedia_package.xpm
1998-02-23	c3d129d194a13937a60a8ab07901b6537dec03d2	0c2fd0d94879dc82243c490f23c7c070cd65204f1cd925a6bb3aa9dcb7652c94	pics/mini/network_package.xpm
1997-11-03	6137f200f72f996e742d82c6332fd14b6761eeb3	8a42ce4ed3ca71149def7382155de58fc33447e855c69f1dbb5f0630477f6aa0	pics/mini/o_src.xpm
1997-10-30	1e5b5be3a3104261d4088f34b53230a19d94d966	5c6a26d1db819375784ff47bf79ea7f8dd5746d470a6088744219c6360c41e48	pics/mini/p_src.xpm
1998-03-16	9f0958159c896fe58d7ff28145fc43556b80ebfb	138e7eaf2f0e082c9ee9f6dcf74464e947e189219bdc51014f4132619601ef66	pics/mini/package.xpm
1998-12-24	0dee6983e7c59f6d4e9f4141002abc3e4cfd6fa9	8018d728ed948f9cf2007ae818a9a9edac80e984cd7b09ab0788b0c3864bf72e	pics/mini/pci.xpm
1997-10-30	1e5b5be3a3104261d4088f34b53230a19d94d966	bbe718bf32c2479d07f1379b2ed42ad6bcf7441bf880ff8f8ce41b3fe8e4385d	pics/mini/pdf.xpm
1997-10-30	1e5b5be3a3104261d4088f34b53230a19d94d966	bafa6b8a4fb95e1609f2e5a033e40d6bb4a86a2990b7c816323a87402bad4b7d	pics/mini/pipe.xpm
1997-10-30	1e5b5be3a3104261d4088f34b53230a19d94d966	8f6407f4546963b96ed6d19d75823613e31c44aedc448f7f4a2ebf1834703b14	pics/mini/pk.xpm
1997-10-30	1e5b5be3a3104261d4088f34b53230a19d94d966	0a393daadb7fe75960906ad42ef23c4032bbb5f1df0a0be969238ec4cfb1c83d	pics/mini/postscript.xpm
1997-10-30	1e5b5be3a3104261d4088f34b53230a19d94d966	a7511b2147cfcd510a3d9607d6569de911faaf2cf3c09e02d83e7db6cfa51490	pics/mini/printer.xpm
1997-10-30	1e5b5be3a3104261d4088f34b53230a19d94d966	162a3f61d4f1f8e79377691d983d43cb2ebec2f353c21616738e19a582c824a8	pics/mini/readme.xpm
1997-11-03	6137f200f72f996e742d82c6332fd14b6761eeb3	10f39273cababf1760a7332856969d29057d7b55bbdd9fec73e363be4bd8581c	pics/mini/resource.xpm
1997-10-30	1e5b5be3a3104261d4088f34b53230a19d94d966	8236026c1d7232460f5e1aa5c40f23428af0925930d0cc5f13986aaf50abc25f	pics/mini/s_src.xpm
1997-11-03	6137f200f72f996e742d82c6332fd14b6761eeb3	131754bf8d6697352959ce363ba198451f1fb6e7caaaa93ea8a4d762e5fb0eeb	pics/mini/script.xpm
1998-02-23	c3d129d194a13937a60a8ab07901b6537dec03d2	f88fe7ec25d1312d418f15a5a6195e3798ed7a2833204f5685220ef1e08b2648	pics/mini/settings_package.xpm
1997-10-30	1e5b5be3a3104261d4088f34b53230a19d94d966	53d28df1401c773da485409d181a1386ae5b0b566c659ea9c6bbbaec49aaf731	pics/mini/socket.xpm
1997-10-30	1e5b5be3a3104261d4088f34b53230a19d94d966	de1528089d4543bcf40973bbd122ec3d97875420f56a3b4b7e41c53379338a28	pics/mini/sound.xpm
1998-02-23	c3d129d194a13937a60a8ab07901b6537dec03d2	4aac0defdff85047750c70e5ad0b07e1a2b2b3fcc3ca963f57ffce05d4cecb2a	pics/mini/system_package.xpm
1998-04-16	163bb1ffe694d4c6241060570cc06405003909c1	1d2a5afd5e759511811cf7a599ba818bdd738e208b15642afa1fa18a3cece666	pics/mini/tablet.xpm
1997-10-30	1e5b5be3a3104261d4088f34b53230a19d94d966	9c6e80f724b6f3ff6efeab6c45a4c2e7518400b56f4dfabd49d64465b71134a5	pics/mini/terminal.xpm
1997-10-30	1e5b5be3a3104261d4088f34b53230a19d94d966	12b5a90d81c6a6915b8ba19affc046f1d7d23af1f67f373f0eb8928556a492f8	pics/mini/tex.xpm
1997-10-30	1e5b5be3a3104261d4088f34b53230a19d94d966	9a28c9dc52743f31845ac103fba38444f9960c10770a06acb67be69fcb90ecb6	pics/mini/tgz.xpm
1997-10-30	1e5b5be3a3104261d4088f34b53230a19d94d966	a246e23f45e75efdef4744f1ada7d6983be0923be732d7879874584ceb055cd1	pics/mini/trash.xpm
1997-10-30	1e5b5be3a3104261d4088f34b53230a19d94d966	9061425a26f0a7870dc308ba4c237bb065a1cb93f550b5eb8c247e53509d8d5d	pics/mini/txt.xpm
1997-10-30	1e5b5be3a3104261d4088f34b53230a19d94d966	c196b3915de1ef82d51f5fe52e4a2b1f95ba19fecea2e3a3fc577055121c64fb	pics/mini/unknown.xpm
1998-02-23	c3d129d194a13937a60a8ab07901b6537dec03d2	6c423ada9785643fe5826f8b3210d34c7e20556a2f1a3ed21d16ff765489f8a6	pics/mini/utilities_package.xpm
1997-10-30	1e5b5be3a3104261d4088f34b53230a19d94d966	51d09142655490804d6f2b5cbc074da75635376988d0d9e1c76a81ac4dd73419	pics/mini/video.xpm
1997-10-30	1e5b5be3a3104261d4088f34b53230a19d94d966	ca371d84a9f3f43890e5657eb5b4392e772e3bfb570e9fc0a332dd9bd9174f42	pics/mini/www.xpm
1998-04-15	3d2a95fc22a8785ea15e6ff62a82afe7078419a2	235d772178675183df5b72804e92578a0d52ab926da37dfc09f43e4833fbe0e6	pics/mini/x.xpm
1997-10-30	1e5b5be3a3104261d4088f34b53230a19d94d966	5da950dbdd78c29cfaaefaed89612b457f028e36448272e6150e7e817388349c	pics/mini/y_src.xpm
1997-10-30	1e5b5be3a3104261d4088f34b53230a19d94d966	c0fdcfe90357cb1f68c89621bf058a30a3460a2c9bdaeb74dee45f93a38a9212	pics/mini/zip_mount.xpm
1997-10-30	1e5b5be3a3104261d4088f34b53230a19d94d966	72bc206c9149391b8c6a5cab4ba3cd0760780a0e29f6dd4e51a062f002245ba7	pics/mini/zip_unmount.xpm
1997-04-13	69f6d6cc97cda34c0c78aa9fd77daff54a74e5a1	fafcb3e28133809f68992de7c3478acaea0827ebdaa66fb436a7cbcd2258ea66	pics/minimize.xbm
1999-08-04	df444bcfe48d6f43e7d6ae14a7b63c1d0ebb183f	8ac0ddb5411e119f6e60544aa92bec225d4ed7adef0dcc74b4426690e77091ab	pics/misc.xpm
1997-09-13	d24816a21faa05c0ced504c0d000ac2f3b7c85b0	94b376590b93cce1c358eeaac8d6c5853e777bd93e3bd37d3e6d85f6b7daae3c	pics/moc_src.xpm
1997-04-13	69f6d6cc97cda34c0c78aa9fd77daff54a74e5a1	b13f01b21ac085e925ab23b86e777ee76dd61518f0126ddd5368e53c5ee0d364	pics/monitor.xpm
1998-02-23	c3d129d194a13937a60a8ab07901b6537dec03d2	1b07925dfdc0ad97de9f290ac6beb664a965ef1cb12295ea3220a6442a16fff3	pics/multimedia_package.xpm
1997-04-13	69f6d6cc97cda34c0c78aa9fd77daff54a74e5a1	58d595738637d87fb8cc292ceaa3dedaea03d1ea55e4b24ee5ee5622513f3c78	pics/netscape3.xpm
1998-02-23	c3d129d194a13937a60a8ab07901b6537dec03d2	4f7cb09ce0248414fa62ace07fdf8553edf622c82590e4e55b7ecd2d00351dd8	pics/network_package.xpm
1997-09-13	d24816a21faa05c0ced504c0d000ac2f3b7c85b0	bf8749129dd36ff0008b37f631738a9ec11e86d01290027324323df652585490	pics/news.xpm
1997-10-30	1e5b5be3a3104261d4088f34b53230a19d94d966	19705dbe8a3a89aaa0edfbb478419207f20a61d79e26b8477dfcd051e1c1835d	pics/o_src.xpm
1997-04-13	69f6d6cc97cda34c0c78aa9fd77daff54a74e5a1	ae420178588d2e115b79648dc06b97314c77249e063f3a2b190554cfcf03f9f1	pics/open.gif
1997-04-14	3b292c52c3fc0ca19e04ace94b9145b4f86d82f6	629f438fcd98c55c5b3c03b71eaf6ca63dc213392d0c45eeec6fc404c9cde829	pics/open.xpm
1997-09-13	d24816a21faa05c0ced504c0d000ac2f3b7c85b0	ca67df974f4afac3f9ebf941ecf13aee251f413046c5fb27d2b045b64f81fef1	pics/p_src.xpm
1998-02-23	c3d129d194a13937a60a8ab07901b6537dec03d2	370fb36bd571d1263d29eb797a085b699ecb7c6695e059ae08520fef75d452fd	pics/package.xpm
1998-12-24	0dee6983e7c59f6d4e9f4141002abc3e4cfd6fa9	adb31e10d977da27ac053de9e113500e7a143a6f00f0ccb82ff99647e8f7f4a5	pics/pci.xpm
1997-09-13	d24816a21faa05c0ced504c0d000ac2f3b7c85b0	6051a514b3d981bc0766f012e2f3c3dd31f9ebe6a6cc1e12ace8da9deb32501b	pics/pdf.xpm
1999-09-06	b1716a44e1739bf0434b88aba054eee295e0418f	9ae12e8da927e72fbf2d69f957281ccb29da5e7f5fae040d445c27ce971d2c9d	pics/perl.xpm
1999-08-31	52e694ac70cb3204db28ef32f0c58b941ea5cda1	de6448534381a25408745a6a0d1c18f388bcaa2f0af78f72b27ba7899b6044d7	pics/pers_applnk.xpm
1997-04-13	69f6d6cc97cda34c0c78aa9fd77daff54a74e5a1	99059766ea2e597fa1b43a2ded76f5cb12a325ffa29c9e233a0b82b1688c74cc	pics/pindown.xbm
1997-04-13	69f6d6cc97cda34c0c78aa9fd77daff54a74e5a1	739d1261e246082f8e2dc4796336075f4e305f9b3bc9e09f476fc23817c9f768	pics/pinup.xbm
1997-09-13	d24816a21faa05c0ced504c0d000ac2f3b7c85b0	6bb5d4268f166685886c8017a2c264a731be0fa769b633d0eceb737051c41a2a	pics/pipe.xpm
1997-09-13	d24816a21faa05c0ced504c0d000ac2f3b7c85b0	72a10999d9911a0a01c9fc568d65be1cfc5b2ad817cf1656fccd50fcb1b39fb4	pics/pk.xpm
1997-09-13	d24816a21faa05c0ced504c0d000ac2f3b7c85b0	493f3c2f80aa09afff17936174ad8298f3bd7d571763e3455773304c9cbd1084	pics/postscript.xpm
1997-04-13	69f6d6cc97cda34c0c78aa9fd77daff54a74e5a1	a68c3d7e8bd993b63a0e1191c0ef574922ae4a9a1ac11923de591a9edbf39cc8	pics/printer.xpm
1997-09-13	d24816a21faa05c0ced504c0d000ac2f3b7c85b0	8b9dd0c841b34c0c6d97fa997c340d56f60afdddf3f8ccd3f85b088cf6cd2b90	pics/readme.xpm
1997-09-13	d24816a21faa05c0ced504c0d000ac2f3b7c85b0	afdaa7b222abfdc18a85a08efdc79c09947ff782c9e5b83f0148d3fe1013b2ed	pics/readonly.xpm
1997-10-30	1e5b5be3a3104261d4088f34b53230a19d94d966	07f1feae642bd0a14d09a354147c55b186d290736989c5a7537a219ced8eb135	pics/resource.xpm
1997-09-13	d24816a21faa05c0ced504c0d000ac2f3b7c85b0	41cf7c9414b02207a60ce05ebcedc7099623246e97552cad5925e7af470ee360	pics/s_src.xpm
1997-10-30	1e5b5be3a3104261d4088f34b53230a19d94d966	4cbe885b2031f09a7c66cbef170a6c2d921c88f302aab1976e5d4ee92c775e20	pics/script.xpm
1998-02-23	c3d129d194a13937a60a8ab07901b6537dec03d2	4f245242befd3b39206cb9414fb8cbd5497690f63170f7de2d6393e626ac9314	pics/settings_package.xpm
1999-08-12	63708d1635ee3da3bb69378e20db7f7d274e1c97	00272bce5553a1dc057f05cbeb0aba9a5231308be1af8f02eba56a8d420be86a	pics/shredder.xpm
1999-08-31	52e694ac70cb3204db28ef32f0c58b941ea5cda1	2e37ff1245c02f6bc131ec5f0c0a4573dab8e69ff527a3b67280e13356e49039	pics/single_doc.xpm
1997-10-16	778b66d57dcbe08c0e1c786983e1cee88e831ba4	6bb5d4268f166685886c8017a2c264a731be0fa769b633d0eceb737051c41a2a	pics/socket.xpm
1997-09-13	d24816a21faa05c0ced504c0d000ac2f3b7c85b0	408c052d3407b7ed072c397e2c84fb44e59a20b24a093fff8f8c9be8441b89d4	pics/sound.xpm
1997-04-13	69f6d6cc97cda34c0c78aa9fd77daff54a74e5a1	52120449cc9f30d9eb5c09dae3cdd3220581157a35b7c578b68326d9d268352f	pics/stop.xpm
1997-04-13	69f6d6cc97cda34c0c78aa9fd77daff54a74e5a1	b4051f53df684a7cee24f1d52b86e42135cacb4d6f32a6264d3d19fe4cf0e27a	pics/stop_gray.xpm
1997-04-13	69f6d6cc97cda34c0c78aa9fd77daff54a74e5a1	9b606a7345a3e9795b0e34f9f7025ddbcdbd9b68fc0f1dbbb466d2f92842e47d	pics/stylus.xpm
1998-02-23	c3d129d194a13937a60a8ab07901b6537dec03d2	053f05ca29e8798dd69d56d1ae5cbb88eb72b4c671d5f14498e5199f1b0ebd08	pics/system_package.xpm
1998-04-16	163bb1ffe694d4c6241060570cc06405003909c1	1d2a5afd5e759511811cf7a599ba818bdd738e208b15642afa1fa18a3cece666	pics/tablet.xpm
1997-04-13	69f6d6cc97cda34c0c78aa9fd77daff54a74e5a1	26c379661eeb2c70d9281106b8d013a9e56e77e07574f4672d1d085e806a661c	pics/terminal.xpm
1997-09-13	d24816a21faa05c0ced504c0d000ac2f3b7c85b0	523f9ef6f0b13f952a0216c2c5c2ef1d46e4482ce0291cac885631531527fc92	pics/tex.xpm
1997-04-13	69f6d6cc97cda34c0c78aa9fd77daff54a74e5a1	fd48f8e102dc12c94b72822a45652de652333168262088a546489a421d71c748	pics/tgz.xpm
1998-02-26	80a12a4a9bb8ec7b62ba1a485060b999aad2f79a	176b2c20c4bb2573d2acf5033b61d35484463503c36989118a39f333b223ba78	pics/toolbar/add_point.xpm
1998-02-26	80a12a4a9bb8ec7b62ba1a485060b999aad2f79a	0ae4cc17e33fd54644c6cef991ef5da9288e9bcd161f6125ffab8ae1fabf0139	pics/toolbar/airbrush.xpm
1997-04-13	69f6d6cc97cda34c0c78aa9fd77daff54a74e5a1	4eb1557f1e5442e4bce48685f0e95ec3685cb6df5406cbe9e8d783f34b03bc8c	pics/toolbar/back.xpm
1997-04-13	69f6d6cc97cda34c0c78aa9fd77daff54a74e5a1	6becafdea77d01f3991928ae65867625dcab8516af048a9ab1737f62d8473268	pics/toolbar/back_gray.xpm
1998-02-26	80a12a4a9bb8ec7b62ba1a485060b999aad2f79a	a8adbcb633238a687e4e2db6081baee6d18342e13ee055a6791a9f23ad387ab0	pics/toolbar/blend.xpm
1997-04-13	69f6d6cc97cda34c0c78aa9fd77daff54a74e5a1	b10c4659b9cfb4cb8ee0e5f08813bfe961b95bfd5419c7f8da58c04414a120ff	pics/toolbar/bottom.xpm
1997-04-13	69f6d6cc97cda34c0c78aa9fd77daff54a74e5a1	7521d49480e9f5268ccb4e82777280f13cc5a1d58ed8e40ee57bdd5c9d5cf25a	pics/toolbar/bottom_gray.xpm
1998-02-26	80a12a4a9bb8ec7b62ba1a485060b999aad2f79a	8051ca9ceafd461ff2fd8e475f73f5a16ada0a2cbbffa37a34b7ae96f018c442	pics/toolbar/centrejust.xpm
1998-02-26	80a12a4a9bb8ec7b62ba1a485060b999aad2f79a	2f274dd9e743ea1f47d25f43b604410a1c5541d774a94f63ccf1c92721b205cc	pics/toolbar/circle_select.xpm
1997-04-13	69f6d6cc97cda34c0c78aa9fd77daff54a74e5a1	184a4ba5e094f8c5f884a5a414d60da2660beca89d42d79da296bcff1d2f9d1d	pics/toolbar/contents.xpm
1997-04-13	69f6d6cc97cda34c0c78aa9fd77daff54a74e5a1	697c02ee19e527ef35e89bee1d137254e3315e6d0ec89055c04ed3fd56b4636f	pics/toolbar/contents_gray.xpm
1998-02-26	80a12a4a9bb8ec7b62ba1a485060b999aad2f79a	d2f0de6bb9fa6f1121874db49f3597c7cdc10994112ad659ab4df9f8cd2f0650	pics/toolbar/context_help.xpm
1998-02-26	80a12a4a9bb8ec7b62ba1a485060b999aad2f79a	68ee6702f245e03769f23454de80ebc2d39e2fe4a34b8ede2cdde40b847eb0b8	pics/toolbar/delete.xpm
1997-04-13	69f6d6cc97cda34c0c78aa9fd77daff54a74e5a1	2f6c128b9e7de376436531d1ce63cceb6805aa8cd840d510546958ee07f859fc	pics/toolbar/devious.xpm
1997-04-13	69f6d6cc97cda34c0c78aa9fd77daff54a74e5a1	24fcff822881e1134edadd6866fe17d1d23ccd640bda438d7a96f4590356c7e2	pics/toolbar/down.xpm
1997-04-13	69f6d6cc97cda34c0c78aa9fd77daff54a74e5a1	ebb1e9c535b609aec790c88ff1e11317a8e71c64ed2f345e434f1bebc9c1df91	pics/toolbar/down_gray.xpm
1998-02-26	80a12a4a9bb8ec7b62ba1a485060b999aad2f79a	95ca293f10d01bf220a7843a9e04da9421427d4364fbb1c15e5d4aa802de71fa	pics/toolbar/droplet.xpm
1998-02-26	80a12a4a9bb8ec7b62ba1a485060b999aad2f79a	5b76c69aea0d0b19997c505f4adb975a2d08371eaa261d6b417c15e63507e1dc	pics/toolbar/dropper.xpm
1998-02-26	80a12a4a9bb8ec7b62ba1a485060b999aad2f79a	7dccabf79272de671e4a73251b58d98d37d94b40dfb62d7a99febb86b0092bd9	pics/toolbar/edit_point.xpm
1997-04-13	69f6d6cc97cda34c0c78aa9fd77daff54a74e5a1	7aef67a3b98247b95ce34eed6be88f6526e709bb36eb60fd11786e5620c515ae	pics/toolbar/editcopy.xpm
1997-04-13	69f6d6cc97cda34c0c78aa9fd77daff54a74e5a1	ab976997d1469559256a315a020c8969730b78067a635e04682ac1d4b03b67e5	pics/toolbar/editcopy_gray.xpm
1997-04-13	69f6d6cc97cda34c0c78aa9fd77daff54a74e5a1	1897f20dd1793f649931efec8e44b691dc7a4fd6b69e2916246d93545a545d13	pics/toolbar/editcut.xpm
1997-04-13	69f6d6cc97cda34c0c78aa9fd77daff54a74e5a1	25d5d90335ac7dceb8379ebf78da4d7673280aebc9528fbcbfa7996c1304e1cd	pics/toolbar/editcut_gray.xpm
1997-04-13	69f6d6cc97cda34c0c78aa9fd77daff54a74e5a1	d0e8e384038a20e175a338c5420fcc114d9c664b7c34b9721dbc0031d8c456b2	pics/toolbar/editpaste.xpm
1997-04-13	69f6d6cc97cda34c0c78aa9fd77daff54a74e5a1	d784c59111923414d72eda1964fb5ec3a99ec12715c767f43d52b6e20dd070de	pics/toolbar/editpaste_gray.xpm
1998-02-26	80a12a4a9bb8ec7b62ba1a485060b999aad2f79a	d761b93ced3058eedcdfb88487cc6e84462e401a33a3b16d7b374ae598074911	pics/toolbar/eraser.xpm
1997-04-13	69f6d6cc97cda34c0c78aa9fd77daff54a74e5a1	1c83c0255e823a172d24a1069ccbd11e8d4f5835ee38985e2a4f641488645dcb	pics/toolbar/exclamation.xpm
1997-04-13	69f6d6cc97cda34c0c78aa9fd77daff54a74e5a1	01ad01e6ed461c00593b083c9802156310da5188f815702192823fcc64eb849b	pics/toolbar/exit.xpm
1997-04-13	69f6d6cc97cda34c0c78aa9fd77daff54a74e5a1	7e9a453157bef5a0da7560f3ea5b46d4385579f9bd8e0c217f4eb281509fba70	pics/toolbar/exit_gray.xpm
1997-04-13	69f6d6cc97cda34c0c78aa9fd77daff54a74e5a1	7aa83d7195ad8dce34c8e7e51005d361b27e0123866e0bf506de4d6744b008c7	pics/toolbar/filefloppy.xpm
1997-04-13	69f6d6cc97cda34c0c78aa9fd77daff54a74e5a1	683d10f76b4002bb3af0c92d66447a602fbf6e3f3fed30c9c5ef662f7c5b8943	pics/toolbar/filemail.xpm
1997-04-13	69f6d6cc97cda34c0c78aa9fd77daff54a74e5a1	a22e7678832683701c4f11f4fe4404cb8b78b8f453dc9f382152e66a0bd40d62	pics/toolbar/filenew.xpm
1997-10-25	6d8768fa6be181f47aa95dfd46dad1339ae6f2d6	be787473b7650438a3ff8c9ef8f1f25cf0edf41ea095b13230be10f5e15e85a9	pics/toolbar/filenew2.xpm
1997-04-13	69f6d6cc97cda34c0c78aa9fd77daff54a74e5a1	69b97f9f8f598023f0003bdc8daad1977b57d01daf6b30a3d03a88f75d117735	pics/toolbar/fileopen.xpm
1997-04-13	69f6d6cc97cda34c0c78aa9fd77daff54a74e5a1	8e706ba1649f69dd4da20016cc70c1efe76a45654d6fabd4953f664d9265ae06	pics/toolbar/fileprint.xpm
1997-04-13	69f6d6cc97cda34c0c78aa9fd77daff54a74e5a1	1186e79e9e58631f0b934c08d54516eacd848d6b5bab82449eb630e8dfd639f2	pics/toolbar/fileprint_gray.xpm
1998-02-26	80a12a4a9bb8ec7b62ba1a485060b999aad2f79a	40078dd1d2d858e3df9726f0b06f60a90fba2798478feb6fceb790c186600b73	pics/toolbar/find.xpm
1997-04-13	69f6d6cc97cda34c0c78aa9fd77daff54a74e5a1	653221131d46e4f9393ee81a8d91a4ca82e40b58e8ddcf0d09813cc0dcbe9b25	pics/toolbar/finish.xpm
1997-04-13	69f6d6cc97cda34c0c78aa9fd77daff54a74e5a1	d2f9b0b85059056dd0b8e50c0b2cfb30cb63c4997f1570845e980d1aa5c384fd	pics/toolbar/finish_gray.xpm
1997-09-23	51af789274beca526a106e9987eb03b9c62d164a	273207fdfb09aa745e874f996260734c7fc899faaae0c008dcab499c9953fe71	pics/toolbar/flag.xpm
1997-04-13	69f6d6cc97cda34c0c78aa9fd77daff54a74e5a1	85f1441a653365cf19fd2ca82a89110bbd901f4f36708ba911b7d0b837851500	pics/toolbar/forward.xpm
1997-04-13	69f6d6cc97cda34c0c78aa9fd77daff54a74e5a1	75a4cb3d9d11a1e0fd96de0608d126b566d8ce2804452f88c8479e85cd74e57a	pics/toolbar/forward_gray.xpm
1997-04-13	69f6d6cc97cda34c0c78aa9fd77daff54a74e5a1	079f6d7d27144fe5ae86cf8a4172749cf8fffb80157f89a7db921d495724db0f	pics/toolbar/help.xpm
1997-04-13	69f6d6cc97cda34c0c78aa9fd77daff54a74e5a1	3dac05d7ded45285bb57eaa4fe34d0dfa5e500ee3d40253a2e5200517960f959	pics/toolbar/home.xpm
1997-04-13	69f6d6cc97cda34c0c78aa9fd77daff54a74e5a1	205fa571ab38c62f4e8043592e3b3be453a9c2f58e856d92f4384302cae975c0	pics/toolbar/idea.xpm
1998-02-26	80a12a4a9bb8ec7b62ba1a485060b999aad2f79a	ea8af659987256ad30ca0f9280f612ab056c64649c0c125c427c5ac0cfc02628	pics/toolbar/knife.xpm
1998-02-26	80a12a4a9bb8ec7b62ba1a485060b999aad2f79a	cb9552c63ef00b1a87240830450f0a03fb2c6b08c329b03cd168a383c2451ef1	pics/toolbar/lassoo.xpm
1998-02-26	80a12a4a9bb8ec7b62ba1a485060b999aad2f79a	bd722913e468cb98d0e2085cbfd870acd5132f52fbe4cd0b217dd3a99fe098a5	pics/toolbar/leftjust.xpm
1997-04-13	69f6d6cc97cda34c0c78aa9fd77daff54a74e5a1	ee7744e963d53d1244eb468206d85f3343709b4395929dbe50695fc82a4893e5	pics/toolbar/lock.xpm
1997-04-13	69f6d6cc97cda34c0c78aa9fd77daff54a74e5a1	4432deff36885cc90b2e13e15d3f0486facca4aa089b8e1cbb50688385272e49	pics/toolbar/lock_gray.xpm
1998-02-26	80a12a4a9bb8ec7b62ba1a485060b999aad2f79a	28be5f99c9b8f4683791ddb510b6157f4689aea061db41d8a2b70ac0ddd0cbb4	pics/toolbar/move.xpm
1997-04-13	69f6d6cc97cda34c0c78aa9fd77daff54a74e5a1	91684426d87d4d97fc5d48e529513a3bbfa2a7f3a407945e7c49ddca4e11d29c	pics/toolbar/next.xpm
1997-04-13	69f6d6cc97cda34c0c78aa9fd77daff54a74e5a1	bae9209e4f27c4803c91e9f10597a09c072ff9e30b5e4e653a4f3695ec58516b	pics/toolbar/next_gray.xpm
1997-04-13	69f6d6cc97cda34c0c78aa9fd77daff54a74e5a1	b5661e8b7d652e02c1fa87d084b8cc3098e51fdaeb27e9646da104537ddbd112	pics/toolbar/next_gray_old.xpm
1997-04-13	69f6d6cc97cda34c0c78aa9fd77daff54a74e5a1	177cc9a4fc732ad0ca435d0c9d82af036e749e63cf568dfc24ccdeda07c8b614	pics/toolbar/next_old.xpm
1997-09-16	6a2023ab2e8059461d9aa3a5d299ebb7cc223d25	446f47a5486df8189953ef5e8fc793fdadbb1c33a0ac97cb12816678345b3ca6	pics/toolbar/openbook.xpm
1997-04-13	69f6d6cc97cda34c0c78aa9fd77daff54a74e5a1	f7128384f633ecabf896a74b63fb888fbd9a3a88ca0449bef16862539e8bf3f5	pics/toolbar/page.xpm
1997-04-13	69f6d6cc97cda34c0c78aa9fd77daff54a74e5a1	f6ef7c066310bc61757cef1b20892f9a82a8cdb47aec28a0d9cc0c5ad940420f	pics/toolbar/page_gray.xpm
1998-02-26	80a12a4a9bb8ec7b62ba1a485060b999aad2f79a	110cd7cdb05a62bdcce49f53de228ad668c44d9cf681ec2ce894dce4ca8b026d	pics/toolbar/paintbrush.xpm
1997-04-13	69f6d6cc97cda34c0c78aa9fd77daff54a74e5a1	d7f82138cf387ce45633a4c41e32f0543e6ad67e6cf20b3ec655dfd547a2d411	pics/toolbar/paintbucket.xpm
1998-02-26	80a12a4a9bb8ec7b62ba1a485060b999aad2f79a	11ae0a7a0bea281f905560d6edc8454d4818dab468af94bbb1ac5875012441a2	pics/toolbar/pencil.xpm
1997-04-13	69f6d6cc97cda34c0c78aa9fd77daff54a74e5a1	b4c0853982dcdac60718dc08307eb51b2d700681b9b6c559df5ee9b09a767b4a	pics/toolbar/prev.xpm
1997-04-13	69f6d6cc97cda34c0c78aa9fd77daff54a74e5a1	1445cc64ecd35c2d6e8222747b4ebde01d0c570291bd11cf97ee3ac2338f6cb6	pics/toolbar/prev_gray.xpm
1997-04-13	69f6d6cc97cda34c0c78aa9fd77daff54a74e5a1	d4e41a5d88c13287e5d3177a6242f2364c8c0090394561ac35250d8ed212a292	pics/toolbar/prev_gray_old.xpm
1997-04-13	69f6d6cc97cda34c0c78aa9fd77daff54a74e5a1	197abac72f5b6a965c017e871bb210a1d79c182d472a0866af18f7a83293e325	pics/toolbar/prev_old.xpm
1998-02-26	80a12a4a9bb8ec7b62ba1a485060b999aad2f79a	5ef17bcb883bec1d5fb4a61a87fa3e3167533cb84cdc68c419e6764ddb5cc871	pics/toolbar/print_preview.xpm
1998-02-26	80a12a4a9bb8ec7b62ba1a485060b999aad2f79a	955c679e8b78d96945c114f5c040e77c5a0565fde68ca35450ed6694edb6897d	pics/toolbar/rectangle_select.xpm
1998-02-26	80a12a4a9bb8ec7b62ba1a485060b999aad2f79a	47bd8b971516604fbcf7f5f2f027c5dc827e2d487fdc11875b0f085a537454f6	pics/toolbar/redo.xpm
1997-04-13	69f6d6cc97cda34c0c78aa9fd77daff54a74e5a1	4e6ad6fe2dc946907070cf58dcd804834162984b0f6c78809cd810328b7e6da7	pics/toolbar/reload.xpm
1997-04-13	69f6d6cc97cda34c0c78aa9fd77daff54a74e5a1	8426d4dcd029a95a3957b8ad85c7163c879896f4315d90374fd72f7eda460460	pics/toolbar/reload_gray.xpm
1997-04-13	69f6d6cc97cda34c0c78aa9fd77daff54a74e5a1	75b50764c9201b4c6d0e0874db5b8312fb4497b822e0079a5f92dc52b0e749ae	pics/toolbar/rightjust.xpm
1997-09-16	6a2023ab2e8059461d9aa3a5d299ebb7cc223d25	e4d22d4a413794399ecd188c486c8f85c6d6c288fcc2667d07e461216c5217e8	pics/toolbar/send.xpm
1998-02-26	80a12a4a9bb8ec7b62ba1a485060b999aad2f79a	a726654dbc12d678e12453c59d97788b7d3ab578f6c8a5ee7ed77a2316216387	pics/toolbar/smart_select.xpm
1998-02-26	80a12a4a9bb8ec7b62ba1a485060b999aad2f79a	b9f9203a7bc8d68dccd311ad6d19fa4c2182e418af3c9f63ea7e1855da29dadc	pics/toolbar/stamp.xpm
1997-04-13	69f6d6cc97cda34c0c78aa9fd77daff54a74e5a1	d119b0ab92204a279aeef86b343b7558d10dd6580aa3e3dd5abe0459dd5411f5	pics/toolbar/start.xpm
1997-04-13	69f6d6cc97cda34c0c78aa9fd77daff54a74e5a1	33cace16795d7f923374a997f13363226bedfbac01cee1280c0a8fe9937afb69	pics/toolbar/start_gray.xpm
1997-09-04	c3781620af5a0c21b09e6cdbc112560d3e540135	ebe3f3f4c0bc7e426f1b4bf0acbc6bcd117ee4a09d3abd0e48861c9d70a790ce	pics/toolbar/stop.xpm
1998-02-26	80a12a4a9bb8ec7b62ba1a485060b999aad2f79a	c49283c6132dc559d831aeaec6f67c863b91743bdf2a6095798e3a9b77eaeeb7	pics/toolbar/text.xpm
1997-04-13	69f6d6cc97cda34c0c78aa9fd77daff54a74e5a1	6d0f24a7d0ac3a72720bb9f0cfabb338a3b10066718314d30d7d1a9a0ca35f28	pics/toolbar/tick.xpm
1997-04-13	69f6d6cc97cda34c0c78aa9fd77daff54a74e5a1	82c82436accd9dda10ae09155cc0f8cee62502a10a35bc395390b7e6be705a82	pics/toolbar/tick_gray.xpm
1997-04-13	69f6d6cc97cda34c0c78aa9fd77daff54a74e5a1	05f61f0d13d9c70fcb30da5be64fc1465b1815ff0bbbfd585771c75cc1d4c46e	pics/toolbar/top.xpm
1997-04-13	69f6d6cc97cda34c0c78aa9fd77daff54a74e5a1	b19aa1704b3a2fe51c89d2bc28c28f9ab250af294d1ea1d96797aa857cd7426b	pics/toolbar/top_gray.xpm
1998-02-26	80a12a4a9bb8ec7b62ba1a485060b999aad2f79a	0168d3869a884b14327770a5589b03bc7d4bf0c2efd1fdd83f0bdcb340a7f8ea	pics/toolbar/transform.xpm
1998-02-26	80a12a4a9bb8ec7b62ba1a485060b999aad2f79a	0ed4e06dcb865c182ccb23b262db2d907c1a8166baa4c08b4d34fcd3cf6b405d	pics/toolbar/undo.xpm
1997-04-13	69f6d6cc97cda34c0c78aa9fd77daff54a74e5a1	50e52c77a0a06d7d85568a6009a47871f33a707eae0fc70cc8569120116cda6c	pics/toolbar/up.xpm
1997-04-13	69f6d6cc97cda34c0c78aa9fd77daff54a74e5a1	ed1a07904f2c3d10336f3372c10dde8e6af920dea99e7c83d4fc73c783e6149b	pics/toolbar/up_gray.xpm
1997-04-13	69f6d6cc97cda34c0c78aa9fd77daff54a74e5a1	227ec3a8f6a291b6ac4364690569a907c43aa3879af7a60ad66e5c73df827852	pics/toolbar/viewmag+.xpm
1997-04-13	69f6d6cc97cda34c0c78aa9fd77daff54a74e5a1	24eb103b9953df9352977a9f8305c639ddebdabbb472ca7cf0ab1475af954a6a	pics/toolbar/viewmag+_gray.xpm
1997-04-13	69f6d6cc97cda34c0c78aa9fd77daff54a74e5a1	852360008d600d247fadb45522a5954be38bddedd32e0fc01982876c07851c84	pics/toolbar/viewmag-.xpm
1997-04-13	69f6d6cc97cda34c0c78aa9fd77daff54a74e5a1	c6d46d75656f5ac15bac0ac9df88e2df37bf08d575305b9ddbf045033c15a7db	pics/toolbar/viewmag-_gray.xpm
1997-04-13	69f6d6cc97cda34c0c78aa9fd77daff54a74e5a1	6db4d7f0babc1bfc098b687e95714e525911d63caebef46f5e24b9e298f53009	pics/toolbar/viewmag.xpm
1997-04-13	69f6d6cc97cda34c0c78aa9fd77daff54a74e5a1	15ba7861aa9e13e76a2aa02f615885b5e0eda47a4915094836527bba001dfefc	pics/toolbar/viewmag_gray.xpm
1997-04-13	69f6d6cc97cda34c0c78aa9fd77daff54a74e5a1	7c15c9b6c4e60314d1da64317987246fdd084fceed2cd4fde236284c459cda5c	pics/toolbar/viewzoom.xpm
1997-04-13	69f6d6cc97cda34c0c78aa9fd77daff54a74e5a1	373eeb8f8c342775a3106d96e1f5514f4a5bc441c5ff4c0a8b05aaa4ab77fdc1	pics/toolbar/viewzoom_gray.xpm
1997-04-13	69f6d6cc97cda34c0c78aa9fd77daff54a74e5a1	41c8505e878f6c69ff9a73ee4212f4e100710bb899f72d754127d5e204f79bd2	pics/trash.xpm
1997-04-13	69f6d6cc97cda34c0c78aa9fd77daff54a74e5a1	58bd0ef0e95d99f9272e2dbbfcc994f23fa80467abe706d5358a48c136c83869	pics/txt.xpm
1997-04-13	69f6d6cc97cda34c0c78aa9fd77daff54a74e5a1	c63b32e5901c5e6597212137a22fa7338df1e6feae9cfef8db307e8b89a75746	pics/unknown.xpm
1997-04-13	69f6d6cc97cda34c0c78aa9fd77daff54a74e5a1	ba3f65fe2ae00832a7beb543144a08693f0874d72115d54bcd4c082b8fd64d66	pics/unzip.xpm
1998-02-23	c3d129d194a13937a60a8ab07901b6537dec03d2	2ae9833202192b17a0dc5c50f95d3b2d55749e7a99d78d21726f9ff850de9248	pics/utilities_package.xpm
1997-09-13	d24816a21faa05c0ced504c0d000ac2f3b7c85b0	b35d2b9bb83fd9505a18f3439e4dcad8b0fb0a305d4519096acf6ce94408bc61	pics/video.xpm
1999-09-05	b9a066bd1c0a68bacb49f0f466beeafc51ea4a62	348fb077cb09f8547b0c4eb8e643a8effad220467315a48362a7344646b38a81	pics/wallpapers/A-Little-Exercise-3.jpg
1999-09-05	b9a066bd1c0a68bacb49f0f466beeafc51ea4a62	68f19b7f906a7e03b647f1c9123b9ff35681efe31e2f5a5a63112834c34d04f3	pics/wallpapers/All-Good-People-1.jpg
1999-09-05	b9a066bd1c0a68bacb49f0f466beeafc51ea4a62	937d74589a5bb51bbca0abff0e0bb2074a16fc82241aa9d320147226453166c1	pics/wallpapers/Appropriately-Left-Handed-2.jpg
1999-09-05	b9a066bd1c0a68bacb49f0f466beeafc51ea4a62	dec234b3c1e1b18295b0178152011aa0f022ff273d683fa470dfe5dcaa5cdac1	pics/wallpapers/Chicken-Songs-2.jpg
1999-09-05	b9a066bd1c0a68bacb49f0f466beeafc51ea4a62	321ea2a99e861c0954937917d742816ec868388c3719865dcbe092c0c49d78fd	pics/wallpapers/Dawn-Turns-To-Day-1.jpg
1999-09-05	b9a066bd1c0a68bacb49f0f466beeafc51ea4a62	47e1e93f6e5ff6dced128393bd8498a81d5772a86521e530640b0cc954ccba3d	pics/wallpapers/Flock-Of-Seagulls-2.jpg
1999-09-05	b9a066bd1c0a68bacb49f0f466beeafc51ea4a62	34419c1d08f51a05f266a8773747b97063fb35e545bfd84ceb1c821cc6eea43e	pics/wallpapers/Just-A-Woman-1.jpg
1999-09-05	b9a066bd1c0a68bacb49f0f466beeafc51ea4a62	34293810aeaeb134381f6c93fa98b524b3a70353fe23d6eae95b5a0c55dea947	pics/wallpapers/Light-Industry-1.jpg
1999-09-05	b9a066bd1c0a68bacb49f0f466beeafc51ea4a62	da3823036947820a0ca823cb32a6978bef70402b420c38562e7bde30ffa11a25	pics/wallpapers/Lowdown-Popcorn-1.jpg
1999-09-05	b9a066bd1c0a68bacb49f0f466beeafc51ea4a62	3a3e8222514677f5ae2d91cd42244acf2de4ca62b548f1a58f0c0db700ca4d1d	pics/wallpapers/No-Ones-Laughing-3.jpg
1999-09-05	b9a066bd1c0a68bacb49f0f466beeafc51ea4a62	be40cb88c162e58658e6a95f1c4ab73af58e5a33754010411f82c54aaf85b494	pics/wallpapers/Penguin-Sushi-3.jpg
1999-09-05	b9a066bd1c0a68bacb49f0f466beeafc51ea4a62	140d809509766b097593f90ad9873a49eaac19368e89a6990308d8d0cbbc6fb0	pics/wallpapers/Planning-And-Probing-1.jpg
1999-09-05	b9a066bd1c0a68bacb49f0f466beeafc51ea4a62	6d116f793d0af1f72e8ee3aaf33c0d31308bb0f90c676b5611475180aca40253	pics/wallpapers/Right-Wing-Pinheads-1.jpg
1999-09-05	b9a066bd1c0a68bacb49f0f466beeafc51ea4a62	b3643653eafe36fb31f52dd375b2d8d7851332b5ed7fee729d623593217715f1	pics/wallpapers/Sasquatch-Suction-1.jpg
1999-09-05	b9a066bd1c0a68bacb49f0f466beeafc51ea4a62	b50558a692196bf0ed329313d13724fca40d691b8c0d97e0d5c09a416db8ecc9	pics/wallpapers/Schematic-Diagram-1.jpg
1999-09-05	b9a066bd1c0a68bacb49f0f466beeafc51ea4a62	27bcf73f4cb8588c636f80e10f0a99caa8c56fd0f28aa7ac613866d348583f31	pics/wallpapers/Sleep-Deprivation-3.jpg
1999-09-05	b9a066bd1c0a68bacb49f0f466beeafc51ea4a62	444e182696e90e44a33b1e6222b8a4cc3891166bf5a495029a5da55c9eb9fa84	pics/wallpapers/Superfluous-Organ-1.jpg
1999-09-05	b9a066bd1c0a68bacb49f0f466beeafc51ea4a62	e340ddade599ed36c46cfc4501eafdc91893dc771f6157461826d6cf35610f67	pics/wallpapers/The-Alias-Line-4.jpg
1999-09-05	b9a066bd1c0a68bacb49f0f466beeafc51ea4a62	207324163051daf13ffe60aaf2770f8d500d33149bc7e88bf2c10653bdfaccde	pics/wallpapers/The-Good-Times-1.jpg
1999-09-05	b9a066bd1c0a68bacb49f0f466beeafc51ea4a62	f447c76e42aa627e988da4a29d79217762c8d0d19a8b4580f4ca6e631468421c	pics/wallpapers/There-You-Are-1.jpg
1999-09-05	b9a066bd1c0a68bacb49f0f466beeafc51ea4a62	1e60f947e0be9b4ff5ddd264cb2fd3d429f2d17e7e57e98521b1e19a8e0e2428	pics/wallpapers/Time-For-Lunch-2.jpg
1999-09-05	b9a066bd1c0a68bacb49f0f466beeafc51ea4a62	68612596612a42048a63836dfd718c17ecef97e3c878cbab4af435c3d17c7b0e	pics/wallpapers/Totally-New-Product-1.jpg
1999-09-05	b9a066bd1c0a68bacb49f0f466beeafc51ea4a62	a6e9207a8d5937f5725f36b0400c1d386ed434d654b519d62e0ab0575fc87cd6	pics/wallpapers/Unknown-Rheostat-1.jpg
1999-09-05	b9a066bd1c0a68bacb49f0f466beeafc51ea4a62	8ea5b4c44a779132d7c39c8b272bb5c04dbf2bbacdb9f1f04a31b14f1ec1a96b	pics/wallpapers/Won-Ton-Soup-3.jpg
1998-07-19	3eaeb5a262ab4d9ec83499dffc691c628ab2f45a	49d3e3d6f0b54f702be1becf4cde8838649bfd137ff51c57439f3bae52a3c8f3	pics/wallpapers/abnormal_fluid.jpg
1998-07-19	3eaeb5a262ab4d9ec83499dffc691c628ab2f45a	851eb505a264cf3338d374ff4de093393ed5f0a175f1127bea99f0a793df3f02	pics/wallpapers/absolute_zero.jpg
1998-07-19	3eaeb5a262ab4d9ec83499dffc691c628ab2f45a	74aea9ab4b190645495f787131018a7652425daeed7d3eb636d098f1009bd374	pics/wallpapers/abstract_clay.jpg
1998-07-19	3eaeb5a262ab4d9ec83499dffc691c628ab2f45a	1167d2ca9a378a79f2d083d9c87e234281d200d47634b776595947c8865d0595	pics/wallpapers/alien_riverbed.jpg
1998-07-19	3eaeb5a262ab4d9ec83499dffc691c628ab2f45a	823ba4561e3b1b94f52d5ef6cb3049b0221437e5b1c36e4369296cb334bbb38f	pics/wallpapers/ancient_glyphs.jpg
1998-07-19	3eaeb5a262ab4d9ec83499dffc691c628ab2f45a	a0533b3a1fc3182c3cbce4072dc4c028c40717a1e10dc079b8daeb45c2b7c141	pics/wallpapers/aqua_ravines.jpg
1998-07-19	3eaeb5a262ab4d9ec83499dffc691c628ab2f45a	1a443e0aab4ca563a73c8109f2c9a67b62582077367751270b480c62e525beb9	pics/wallpapers/banana_squishie.jpg
1998-02-26	76f95f848baf5927ae36b91afbe5822c390fbcf3	2ced2411a1705958dccdee7f4937e43933272ca99db6d59bd504ff112aa26b2b	pics/wallpapers/berries.jpg
1998-07-19	3eaeb5a262ab4d9ec83499dffc691c628ab2f45a	b0df36151c87bb0e36acdb7e30de2b2b607134531e97ae5b19027e45d60f60f0	pics/wallpapers/big_leaves.jpg
1998-02-26	76f95f848baf5927ae36b91afbe5822c390fbcf3	717b503ea7cc2bac6309be71064d1f9570840f2f1f9ab969bf58927954c7515d	pics/wallpapers/blkmarble.gif
1998-07-19	3eaeb5a262ab4d9ec83499dffc691c628ab2f45a	f175404a52b152d9036cd3815b6d45997b871c0426d172173d154cff73052517	pics/wallpapers/blkmarble.jpeg
1998-07-20	3c65a4300f482c344c14f70e881b4a66ea478500	f175404a52b152d9036cd3815b6d45997b871c0426d172173d154cff73052517	pics/wallpapers/blkmarble.jpg
1998-07-03	3c7921c01302839fa9acabc87fb47e0b161392fd	39f2954529da65710d1c50ad3fddc7eb0ab0cf343a8f9dc77081b4e83f7239c9	pics/wallpapers/bluegrnt.jpg
1998-07-19	3eaeb5a262ab4d9ec83499dffc691c628ab2f45a	271d75090581e5ee69faf17618f53b4df58fa646ffe34297b46a6fe4e423ee8d	pics/wallpapers/boiling_centrifuge.jpg
1998-04-06	6e820bedc2bdc245c99ef0b23b64f17c72acc3d7	9cc2283326a0f5aad9f12be8b2a113785ecb589b5cebd8773a79913776c7894f	pics/wallpapers/bowtie.gif
1998-07-19	3eaeb5a262ab4d9ec83499dffc691c628ab2f45a	9ebc6f69b29bfcedaaf2644ae53d2cee64d8c4d1c6dcd3e67e5ff230d8f48d4e	pics/wallpapers/bowtie.jpeg
1998-07-20	3c65a4300f482c344c14f70e881b4a66ea478500	9ebc6f69b29bfcedaaf2644ae53d2cee64d8c4d1c6dcd3e67e5ff230d8f48d4e	pics/wallpapers/bowtie.jpg
1998-07-19	3eaeb5a262ab4d9ec83499dffc691c628ab2f45a	03359dae418339efc2a15355c81fc07a0ddb30346b3d7bbdb9e1935f74a7de33	pics/wallpapers/brass_trails.jpg
1998-07-19	3eaeb5a262ab4d9ec83499dffc691c628ab2f45a	4456ad356af0332ad6b7ceb68ca0e3cd542aa1852aff386a86d9c2b430298578	pics/wallpapers/brass_wiring.jpg
1998-07-19	3eaeb5a262ab4d9ec83499dffc691c628ab2f45a	80ea1cffa1021fc42194ef8e853fe10b36fbd46c7deda815c1b199dcf737be6b	pics/wallpapers/bronze_tornado.jpg
1998-07-19	3eaeb5a262ab4d9ec83499dffc691c628ab2f45a	b16de16d9bb4b950f6fc364564a983ca6787fe2f31c3c582322d338a64600556	pics/wallpapers/bubble_vortex.jpg
1998-07-19	3eaeb5a262ab4d9ec83499dffc691c628ab2f45a	10f852592787ceea19b10f3630acb0dbc604050179f9888a83da9a6f60aa2567	pics/wallpapers/burning_fire.jpg
1998-07-19	3eaeb5a262ab4d9ec83499dffc691c628ab2f45a	7948a293f1977871b33e7e7a9a97a54945d97ece27af6ad012939b2c1dbae861	pics/wallpapers/cellular_tetsuo.jpg
1998-07-19	3eaeb5a262ab4d9ec83499dffc691c628ab2f45a	e566f323914866b6036bed43c110d78f1329e83108020ef8a5d8dd24a902686e	pics/wallpapers/chalk_marks.jpg
1998-02-26	76f95f848baf5927ae36b91afbe5822c390fbcf3	48081a5d5d083245b79e0da361794c034f0a3bd6846d5b972c7af3d5178f6862	pics/wallpapers/chess.jpg
1998-07-19	3eaeb5a262ab4d9ec83499dffc691c628ab2f45a	9fcc838980842b3e4f9901a40c8ef0c2894387c374c6eff076f7be6482a2cd60	pics/wallpapers/chunky_spinach.jpg
1998-02-26	76f95f848baf5927ae36b91afbe5822c390fbcf3	39cb793ae5884519620aba231d1c59a72d7c2f44a390c1e6ef6b17e191f945f5	pics/wallpapers/circuit.gif
1998-07-19	3eaeb5a262ab4d9ec83499dffc691c628ab2f45a	7df5a1a724d3df9f7cb96863b32582ddf0dc9dfad37b0c40f28036c5c4c445b3	pics/wallpapers/circuit.jpeg
1998-07-20	3c65a4300f482c344c14f70e881b4a66ea478500	7df5a1a724d3df9f7cb96863b32582ddf0dc9dfad37b0c40f28036c5c4c445b3	pics/wallpapers/circuit.jpg
1998-07-19	3eaeb5a262ab4d9ec83499dffc691c628ab2f45a	e045e9c63e8303b30954dc9b765e1c2e0d1c88050c954c9e6f3eff585391b751	pics/wallpapers/clay_caverns.jpg
1998-07-19	3eaeb5a262ab4d9ec83499dffc691c628ab2f45a	2dfb31b3a8237683bc7c9a5b3033e19465eac83952bdbfc0899b0c5962ba1942	pics/wallpapers/cloth_bubbles.jpg
1998-07-19	3eaeb5a262ab4d9ec83499dffc691c628ab2f45a	2d534e467bd1c2b6272d4eee8d6225c176ef439d865685259d35ca50c6aa6dbf	pics/wallpapers/cocoon_skin.jpg
1998-07-19	3eaeb5a262ab4d9ec83499dffc691c628ab2f45a	702e9c85521363f5a3bf86d6c74d52efac2d301551e78c415ea8d919c9c4e530	pics/wallpapers/coloured_hearts.jpg
1998-07-19	3eaeb5a262ab4d9ec83499dffc691c628ab2f45a	679a14ebdc33cf9dae47549d8a3aaa771dc9b263624bcc2c24ebf936e217ec3f	pics/wallpapers/copper_blur.jpg
1998-07-19	3eaeb5a262ab4d9ec83499dffc691c628ab2f45a	d15e766141e738477f654a3016aa9fec9048cb5e1b404f61ac59e29243c63991	pics/wallpapers/copper_liquid.jpg
1998-07-19	3eaeb5a262ab4d9ec83499dffc691c628ab2f45a	9d51e3c45543a6c9d01af025a9a0c830d6abe03e7dc3b5b0e6673eb3cdd76c25	pics/wallpapers/corroded_rock.jpg
1998-07-19	3eaeb5a262ab4d9ec83499dffc691c628ab2f45a	0b050210c5fc5df735925bf11818a764448f06ae049df98a301c74cfcd341366	pics/wallpapers/cosmic_gears.jpg
1998-07-19	3eaeb5a262ab4d9ec83499dffc691c628ab2f45a	5f08c548d3fd0e5e4df7421f7a384fb78eeff435cb134d81f3b13b2c1c7c8f3f	pics/wallpapers/cosmic_lillypads.jpg
1998-07-19	3eaeb5a262ab4d9ec83499dffc691c628ab2f45a	9875e80e34de754b736f700ef718c39b71927b06256c76e78b07a441675c7b7c	pics/wallpapers/cracking_blueberry.jpg
1998-07-19	3eaeb5a262ab4d9ec83499dffc691c628ab2f45a	d38bc82a96ef576c4e56c27761331ae5ae2614d5cdde70d4e441c44cf36f3a16	pics/wallpapers/crayon_canyon.jpg
1998-07-19	3eaeb5a262ab4d9ec83499dffc691c628ab2f45a	88f3cb00152a011aac6e132bee1c58b1a3a626775f53cf6ecf7d4b9c01721e12	pics/wallpapers/cruising_color.jpg
1998-04-06	09bfc00b4de371d21990e2a42e76cf146cf6badd	9f440558d9083062646f884bbfcc363741da726f3efedde3a62d4b3d17c6a2ef	pics/wallpapers/cubic1.gif
1998-07-19	3eaeb5a262ab4d9ec83499dffc691c628ab2f45a	3da4759519a9f80f506378bc34295181d58508f5b6e181e76331e07bee7b6985	pics/wallpapers/cubic1.jpeg
1998-07-20	3c65a4300f482c344c14f70e881b4a66ea478500	3da4759519a9f80f506378bc34295181d58508f5b6e181e76331e07bee7b6985	pics/wallpapers/cubic1.jpg
1998-04-06	09bfc00b4de371d21990e2a42e76cf146cf6badd	65f2daff465b2f98a5ce461066b2296a728679e6ed0d1f42d0c23480a1fc83d3	pics/wallpapers/cubic2.gif
1998-07-19	3eaeb5a262ab4d9ec83499dffc691c628ab2f45a	8aaac63b713ff55bcc25ada50ffb49258871d5f37c85e5e9be1f3727dc07c5de	pics/wallpapers/cubic2.jpeg
1998-07-20	3c65a4300f482c344c14f70e881b4a66ea478500	8aaac63b713ff55bcc25ada50ffb49258871d5f37c85e5e9be1f3727dc07c5de	pics/wallpapers/cubic2.jpg
1998-07-19	3eaeb5a262ab4d9ec83499dffc691c628ab2f45a	738374d5bf897be880c11e6e96a424b2911ea1358fa9379d5fc84a8c35a95697	pics/wallpapers/dancy_pants.jpg
1998-07-19	3eaeb5a262ab4d9ec83499dffc691c628ab2f45a	58c737c3a9974dee1950adf396adf0a67230b6a7f536c2ef5643fb3767d809db	pics/wallpapers/digital_waves.jpg
1998-07-19	3eaeb5a262ab4d9ec83499dffc691c628ab2f45a	a047e025749700f8bd82a88373652c34a7c8dc70f8140bda738dfa3f523dbed1	pics/wallpapers/distorted_anomaly.jpg
1998-07-19	3eaeb5a262ab4d9ec83499dffc691c628ab2f45a	83250caac4d3e9c834d4bd89a2ff94d306de9b5e166774ca2d95daa5003c0a62	pics/wallpapers/engraved_gold.jpg
1998-07-19	3eaeb5a262ab4d9ec83499dffc691c628ab2f45a	fc529d0593f6436b6b73a721598c8e4c8aac37b2d4d54ae6be772853ad7c6239	pics/wallpapers/eroding_sandstone.jpg
1998-07-19	3eaeb5a262ab4d9ec83499dffc691c628ab2f45a	c499631180256413e18036e8b7ca6ddc0ea2a8b8a29c229c9211bdd93a8d4b72	pics/wallpapers/expired_cornflakes.jpg
1998-02-26	76f95f848baf5927ae36b91afbe5822c390fbcf3	bae6a8d9e47516440ab6fda3e9cdaeb7bcbfa2d17cf89c15d0bb6dc4e7108ee6	pics/wallpapers/face.gif
1998-07-19	3eaeb5a262ab4d9ec83499dffc691c628ab2f45a	d243d6e47f010ad8622855839eba9c70d05304f7e1508d4cdb74e4024164860a	pics/wallpapers/face.jpeg
1998-07-20	3c65a4300f482c344c14f70e881b4a66ea478500	d243d6e47f010ad8622855839eba9c70d05304f7e1508d4cdb74e4024164860a	pics/wallpapers/face.jpg
1998-07-19	3eaeb5a262ab4d9ec83499dffc691c628ab2f45a	e402e71afc514f5f6a9d8bbf50c594ead5c649d49676a77007750a530f46d505	pics/wallpapers/fisheye_lens.jpg
1998-07-19	3eaeb5a262ab4d9ec83499dffc691c628ab2f45a	10801eadcdaf503950c5dfb28e68e24cd941a9564904dd9d93e5724fdb3ce1ae	pics/wallpapers/foam_strands.jpg
1998-04-06	09bfc00b4de371d21990e2a42e76cf146cf6badd	0f048e2c667f6e89fd34b42381f04d54d730320d39272f3cadd15b898c23d330	pics/wallpapers/foggy1.gif
1998-07-19	3eaeb5a262ab4d9ec83499dffc691c628ab2f45a	93dca0b4bf1c6ce620ec764eef39df6571937cd7097207de3ce4f105f22140cf	pics/wallpapers/foggy1.jpeg
1998-07-20	3c65a4300f482c344c14f70e881b4a66ea478500	93dca0b4bf1c6ce620ec764eef39df6571937cd7097207de3ce4f105f22140cf	pics/wallpapers/foggy1.jpg
1998-04-06	09bfc00b4de371d21990e2a42e76cf146cf6badd	a03b8a946bb13c3780c1c0a8f7d469898e6f3dcdeaa08396d5449162957e73d8	pics/wallpapers/foggy2.gif
1998-07-19	3eaeb5a262ab4d9ec83499dffc691c628ab2f45a	19dd0daee3d513fb930bd26c388cb77ac0250ee30459dea3c296fa2e3cef3e72	pics/wallpapers/foggy2.jpeg
1998-07-20	3c65a4300f482c344c14f70e881b4a66ea478500	19dd0daee3d513fb930bd26c388cb77ac0250ee30459dea3c296fa2e3cef3e72	pics/wallpapers/foggy2.jpg
1998-07-19	3eaeb5a262ab4d9ec83499dffc691c628ab2f45a	aeb4066c27216162c897ce508ae72cfa1cd038a9bd5128cccb941fc21b5ed787	pics/wallpapers/folded_space.jpg
1998-07-19	3eaeb5a262ab4d9ec83499dffc691c628ab2f45a	a478343a1f09c5ba925f8be1cf6c13610eed9b4bc4c2f66c2ec23e9135458acc	pics/wallpapers/fractal_nebula.jpg
1998-07-19	3eaeb5a262ab4d9ec83499dffc691c628ab2f45a	28551c8aac4fd54b2baea9a6295d1f5e6253fb08a722a911a2f6b7e6d81c8842	pics/wallpapers/freon_mist.jpg
1998-07-19	3eaeb5a262ab4d9ec83499dffc691c628ab2f45a	6b71e51b7b191b37987a168ff60e3430174f638650f3ac85f84f58d282434b37	pics/wallpapers/fudge_chunks.jpg
1998-07-19	3eaeb5a262ab4d9ec83499dffc691c628ab2f45a	95f897935913a6f4428c0a256b332c461463f2c74ee895e4b7575e9df86d11c2	pics/wallpapers/fusion_fire.jpg
1998-07-19	3eaeb5a262ab4d9ec83499dffc691c628ab2f45a	889147d1627cfa9d6f37a9101ff5781cf4c8098bb7cd63ed3cc184777f3a8c47	pics/wallpapers/future_farms.jpg
1998-07-19	3eaeb5a262ab4d9ec83499dffc691c628ab2f45a	afcbcd64b8e2f25e102ee1841c622774a2bc42d175231b1d6e577e9d3a6223e7	pics/wallpapers/gator_hide.jpg
1998-07-19	3eaeb5a262ab4d9ec83499dffc691c628ab2f45a	2f33da3672b0ffced086d6737192a229f8e47f251c927e4dde93c93d22493250	pics/wallpapers/gelatin_chemical.jpg
1998-07-19	3eaeb5a262ab4d9ec83499dffc691c628ab2f45a	32a55e0f9c9c3541cacf5d42fffedb469d76ab983a33a353d982f0ca3b0f3c7f	pics/wallpapers/goldring_globe.jpg
1998-02-26	76f95f848baf5927ae36b91afbe5822c390fbcf3	7acd48884e3e153c57bf763d3ef1efdaf6e8e116dae2bf79a732c11a91b1e460	pics/wallpapers/grablkwt.jpg
1998-04-06	09bfc00b4de371d21990e2a42e76cf146cf6badd	454e89475044d0d4f9b624b633db3cc52605851eb7fdb5bd019c617b75eb2fed	pics/wallpapers/gray2.gif
1998-07-19	3eaeb5a262ab4d9ec83499dffc691c628ab2f45a	27d4f961991454948c644481a0d0c586c9cdaa48bd3a61d69276ee145cb16ba9	pics/wallpapers/gray2.jpeg
1998-07-20	3c65a4300f482c344c14f70e881b4a66ea478500	27d4f961991454948c644481a0d0c586c9cdaa48bd3a61d69276ee145cb16ba9	pics/wallpapers/gray2.jpg
1998-04-06	09bfc00b4de371d21990e2a42e76cf146cf6badd	2b276589658edf92687e88c768dc45ba9cf19debefa8ee76d13012ec74e261e2	pics/wallpapers/greek.gif
1998-07-19	3eaeb5a262ab4d9ec83499dffc691c628ab2f45a	368a4a1b327031164f535b14e3af5da725b66fb7ab7a9d53d9d0fd1c9d7292f0	pics/wallpapers/greek.jpeg
1998-07-20	3c65a4300f482c344c14f70e881b4a66ea478500	368a4a1b327031164f535b14e3af5da725b66fb7ab7a9d53d9d0fd1c9d7292f0	pics/wallpapers/greek.jpg
1998-07-19	3eaeb5a262ab4d9ec83499dffc691c628ab2f45a	a99e35f136e3c55a7a29f13dd183ed3775a3a58f7ddb1dd7bc33f85dc84faba5	pics/wallpapers/gremlin_buds.jpg
1998-07-19	3eaeb5a262ab4d9ec83499dffc691c628ab2f45a	0ed34841d1543e7893b9c351d051188c47ca55ce21f3467b16a6822e970e842b	pics/wallpapers/ground_zero.jpg
1998-07-19	3eaeb5a262ab4d9ec83499dffc691c628ab2f45a	e5b6789e26e9c928c54b5c6f44e9ce4e68d7f2261fe6d61040def399ba0f871a	pics/wallpapers/heat_ripple.jpg
1998-07-19	3eaeb5a262ab4d9ec83499dffc691c628ab2f45a	5016d6dc13b0fa7a54610170ecfce29a97abaccf23624ae51106bbef94beab80	pics/wallpapers/iceberg_tips.jpg
1998-07-19	3eaeb5a262ab4d9ec83499dffc691c628ab2f45a	1cf07861e420d31c65446d96e655da61ac9a36dae3d8c63595f2bd5af4c183ae	pics/wallpapers/indigo_paint.jpg
1998-07-19	3eaeb5a262ab4d9ec83499dffc691c628ab2f45a	3ff15758b94549cff8a5fcbea86f94c7e4343367ef7c898030e8b1ab8c9964ac	pics/wallpapers/infared_fossil.jpg
1998-07-19	3eaeb5a262ab4d9ec83499dffc691c628ab2f45a	cff34c6e441573c834313e696072fb5a890460ff2fff7fde30faab6212e73d6e	pics/wallpapers/infinity_cube.jpg
1998-07-19	3eaeb5a262ab4d9ec83499dffc691c628ab2f45a	3014cf007f8ea63ca1ca7340365530392d32fee4eb36c2b2a4ee20aac813a5b4	pics/wallpapers/inner_quasar.jpg
1998-07-19	3eaeb5a262ab4d9ec83499dffc691c628ab2f45a	b53b1cf1cd4e8fc16b964d77b09eda303aecaa78c7852e00be0f433273caa68d	pics/wallpapers/isotope_threads.jpg
1998-07-19	3eaeb5a262ab4d9ec83499dffc691c628ab2f45a	7b599288da04c6e216af5c67fe1555f6cc3d4dabb84dcb55e94dcfd452259233	pics/wallpapers/jello_elbows.jpg
1998-07-19	3eaeb5a262ab4d9ec83499dffc691c628ab2f45a	bb4478bcec97ee18e405e6a8b75f8491323221f1f891c9c53fa9cbc379e83503	pics/wallpapers/liquid_helium.jpg
1998-07-19	3eaeb5a262ab4d9ec83499dffc691c628ab2f45a	8297ce62f9ff1fcd0de8e0d3be71ff9183a0990be73fb7c5f0c1e0600eb00953	pics/wallpapers/lizard_scales.jpg
1998-07-19	3eaeb5a262ab4d9ec83499dffc691c628ab2f45a	bc6ef211c49ced83d42a2b224eb835fb1424d4c89d8a329ecd785dd71aa4823e	pics/wallpapers/lunar_jelly.jpg
1998-07-19	3eaeb5a262ab4d9ec83499dffc691c628ab2f45a	d00b79fb18cbe9c3dd1dd663362df5b54c5f561506c79fe9e1ee18dc38e0bd56	pics/wallpapers/magnetic_field.jpg
1998-07-19	3eaeb5a262ab4d9ec83499dffc691c628ab2f45a	d98a4c95a37bd6f66e1b296c705c4d856f569382747cdb3d9f93473a69dc00ba	pics/wallpapers/magneto_bomb.jpg
1998-01-20	3c1cb1f43bba0c46410b8b07c95effba19d5a303	9b991b3d5fc20d4e5a14c6fc717f895298c64fb75c043ccab40984b481d912dc	pics/wallpapers/marble01.jpg
1998-07-19	3eaeb5a262ab4d9ec83499dffc691c628ab2f45a	56df8e2c18090829d22469eb4076be4e215abace2948d00c9b9bf244ea75274b	pics/wallpapers/martian_silk.jpg
1998-07-19	3eaeb5a262ab4d9ec83499dffc691c628ab2f45a	17a1677a91fec9c943a9dd8601e8c96d58941ba189a52f3428f974111e401d5f	pics/wallpapers/melting_glass.jpg
1998-07-19	3eaeb5a262ab4d9ec83499dffc691c628ab2f45a	7c0bd0688c25026c218c043a3f28210c922fd1aa4ba64a82aaac48c2595b9168	pics/wallpapers/melting_honeycomb.jpg
1998-07-19	3eaeb5a262ab4d9ec83499dffc691c628ab2f45a	b90452376c20abadb8705ddd78c86e9e3b672293d0f9b86f4e38b01cf2d1b2f8	pics/wallpapers/metal_beads.jpg
1998-07-19	3eaeb5a262ab4d9ec83499dffc691c628ab2f45a	4a59a2726c9b27acf0eef3ed7226becb7067f7a76041187cf7d058633ae6145f	pics/wallpapers/million_minnows.jpg
1998-07-19	3eaeb5a262ab4d9ec83499dffc691c628ab2f45a	a15aaa6c80cef364cd1b710d1964fdb620b75f6b95c042040f0e47f315f38454	pics/wallpapers/mustard_ketchup.jpg
1998-07-19	3eaeb5a262ab4d9ec83499dffc691c628ab2f45a	e692d2359041edf2d025935cc1109047d6878c01a26d8ae54691e8f6719173ea	pics/wallpapers/mutant_berries.jpg
1998-07-19	3eaeb5a262ab4d9ec83499dffc691c628ab2f45a	7c22eb1a8c875d96bfd213892fbe7236e7276a3b3637e12f317c5f18ec1cb4b1	pics/wallpapers/mystical_hourglass.jpg
1998-07-19	3eaeb5a262ab4d9ec83499dffc691c628ab2f45a	14102f054e1c66509ad2db335981ac605b824f6e2e4613798ec05cb7e50f160d	pics/wallpapers/neon_flux.jpg
1998-07-19	3eaeb5a262ab4d9ec83499dffc691c628ab2f45a	5793809b7a719c12ed1c75d25b7ce2b1f3c2d0ecbf0dd35c3c15a25360f6bb1d	pics/wallpapers/nuclear_coral.jpg
1997-04-13	69f6d6cc97cda34c0c78aa9fd77daff54a74e5a1	874a412fe7872fd49bce565732ad74cfbfdcfd67525e37fd50787060024fa727	pics/wallpapers/ocean01.jpg
1998-07-19	3eaeb5a262ab4d9ec83499dffc691c628ab2f45a	24e21c33e6b0ce630608752981a587cd6a60ca59299415942dbc25a760d1d88c	pics/wallpapers/odd_atmosphere.jpg
1998-07-19	3eaeb5a262ab4d9ec83499dffc691c628ab2f45a	73717b0f5bef7014d11b4d444aaf14467111de54cea73229744191611e2cbf47	pics/wallpapers/olive_wisps.jpg
1998-07-19	3eaeb5a262ab4d9ec83499dffc691c628ab2f45a	25532f0c84477a03e35c705acfc8ee58721f41bb0d40f2f7f46f7ee1abed3fc3	pics/wallpapers/owl_elder.jpg
1997-04-13	69f6d6cc97cda34c0c78aa9fd77daff54a74e5a1	7b1c6663c15e75e9690639c3263622c3527cde6d38e259f508c854e4ca0749f4	pics/wallpapers/paper01.jpg
1998-07-19	3eaeb5a262ab4d9ec83499dffc691c628ab2f45a	4ec8dc04eda55699a9a879f17eb8303b2451b63959ec0acd39ac5c9b3bd70c85	pics/wallpapers/paper_umbrella.jpg
1998-02-26	76f95f848baf5927ae36b91afbe5822c390fbcf3	ca5fa068b1f8bbcf4f80ca5c05a2e4543ca8586676e69fc3afd556b4735ff0ec	pics/wallpapers/parrots.jpg
1998-07-19	3eaeb5a262ab4d9ec83499dffc691c628ab2f45a	e8177ab736217f80bd88f6fe22542cf540ece62bb1fb7c0a331625831e53ca14	pics/wallpapers/pebble_town.jpg
1998-02-26	76f95f848baf5927ae36b91afbe5822c390fbcf3	769589fbde1233d1df818f705dfb8ce88f6f56c4f584d89296286d23dc104ee7	pics/wallpapers/pinkflam.jpg
1998-07-19	3eaeb5a262ab4d9ec83499dffc691c628ab2f45a	acd08798c5a7e872b2af4760e70cdfde128d72f413199f4435fc23c9bb557106	pics/wallpapers/plant_formation.jpg
1998-07-19	3eaeb5a262ab4d9ec83499dffc691c628ab2f45a	1e8c8297f83a3043ad36d1297c5600e657aa7b9bee822acf5baf4d5a3185ea3d	pics/wallpapers/plasmatic_globules.jpg
1998-07-19	3eaeb5a262ab4d9ec83499dffc691c628ab2f45a	026d208fb59a7ac92225be538d5ee607f89853f1b4c710fb18a7487c7bfff8bd	pics/wallpapers/plasmatic_points.jpg
1998-02-26	76f95f848baf5927ae36b91afbe5822c390fbcf3	8f6572f1d1c6ec78afc932819409fde736e04137f6a534713eed41264b1bf004	pics/wallpapers/produce.jpg
1998-02-26	76f95f848baf5927ae36b91afbe5822c390fbcf3	b2a51ec420d7e325e2c18c13b695fbf8e9853189a0b5f6e12c71bad36b73e423	pics/wallpapers/prpbumps.gif
1998-07-19	3eaeb5a262ab4d9ec83499dffc691c628ab2f45a	d0ca9ce07d9c82a9bba9980790106a9b742c48d65d9787f78eb16aba5718df17	pics/wallpapers/prpbumps.jpeg
1998-07-20	3c65a4300f482c344c14f70e881b4a66ea478500	d0ca9ce07d9c82a9bba9980790106a9b742c48d65d9787f78eb16aba5718df17	pics/wallpapers/prpbumps.jpg
1998-07-19	3eaeb5a262ab4d9ec83499dffc691c628ab2f45a	6b73a785a0d81ce7b5e58fc323aec0cf0f88aaf48bb10e04ef59a833cc8b86d8	pics/wallpapers/quantum_threads.jpg
1998-07-19	3eaeb5a262ab4d9ec83499dffc691c628ab2f45a	f929fbe451f8750a94c46a0d5f13834fc54375d67ef5d75991027129d2ed9373	pics/wallpapers/rainbow_alleys.jpg
1998-07-19	3eaeb5a262ab4d9ec83499dffc691c628ab2f45a	0ebe528ad60e45f5e825e2c79372076c54b6285d54c41d96505d8a4142531648	pics/wallpapers/red_big_bang.jpg
1998-07-19	3eaeb5a262ab4d9ec83499dffc691c628ab2f45a	6abc36bd619f40150c254afb8ce3fbb8952b48e73e6211030766bc93c750304f	pics/wallpapers/redblue_filaments.jpg
1998-07-19	3eaeb5a262ab4d9ec83499dffc691c628ab2f45a	8f50d9950a6c3985b6119136ff940384e0b1d93aa2e9a037c75259c1998ce507	pics/wallpapers/ringworm_circus.jpg
1998-07-19	3eaeb5a262ab4d9ec83499dffc691c628ab2f45a	5df766a3b51ecc7bc6c97606b5485c56fa03ceedc9fd18ea21df59788f03ed0d	pics/wallpapers/rose_petals.jpg
1998-07-19	3eaeb5a262ab4d9ec83499dffc691c628ab2f45a	f86d81d6c9236468e68c30fa2cb9b07cee43f065ff3b7178e69c4af99eca0558	pics/wallpapers/rotten_vegetables.jpg
1998-07-19	3eaeb5a262ab4d9ec83499dffc691c628ab2f45a	22338ceacae94194c8fc70288da51a2acad2d2f9e8effbd2890197f0542a964b	pics/wallpapers/rubber_cds.jpg
1998-07-19	3eaeb5a262ab4d9ec83499dffc691c628ab2f45a	d1c991d3a8b37fbb0b3af5e8dc418e83eb9f91a3ba22cb0039b1063ef61fffc2	pics/wallpapers/ruby_dunes.jpg
1998-02-26	76f95f848baf5927ae36b91afbe5822c390fbcf3	53aad3d39f420fb50543d6672a9397de431a678194557db997a1ef447edbe6bb	pics/wallpapers/ruins.jpg
1998-02-26	76f95f848baf5927ae36b91afbe5822c390fbcf3	cc2d5bf1e191d670ef61e57a2ca4186d82470ff65df545f8e7279891a783518d	pics/wallpapers/sandman.jpg
1998-07-19	3eaeb5a262ab4d9ec83499dffc691c628ab2f45a	484d4d39f81f940c4514099f927a2f0081f165533cb45a9051447376c386e8f3	pics/wallpapers/sapphire_surface.jpg
1998-07-19	3eaeb5a262ab4d9ec83499dffc691c628ab2f45a	383d6337a672e657418ea6cdb5b0f5725932e80bb3a0f15f36ae733284cf1bad	pics/wallpapers/scattered_islands.jpg
1998-07-19	3eaeb5a262ab4d9ec83499dffc691c628ab2f45a	2294060a0962378e3c3068f5e4772901eaf54ae3222fc988a15499c803a05561	pics/wallpapers/scraped_metal.jpg
1998-07-19	3eaeb5a262ab4d9ec83499dffc691c628ab2f45a	67a4def9f0d35ce2763bee8e1ff93648d7667c55aa6757515c6dae4f2e60ec42	pics/wallpapers/silver_vibration.jpg
1998-07-19	3eaeb5a262ab4d9ec83499dffc691c628ab2f45a	900805868c86877e4f131f19d30da7e6d91b1752ab672aa10dd434d9c92f15ae	pics/wallpapers/spinning_stones.jpg
1998-07-19	3eaeb5a262ab4d9ec83499dffc691c628ab2f45a	30b8f3fda054d34bd8656ed34b338d72b8031ad03642ef1b0b0145c532199f41	pics/wallpapers/spoiled_sprouts.jpg
1998-07-19	3eaeb5a262ab4d9ec83499dffc691c628ab2f45a	ff063c858a590861d3b0e9436121d39b78af5f3084cf1b0be5c52046598e12ba	pics/wallpapers/stellar_shadows.jpg
1998-07-19	3eaeb5a262ab4d9ec83499dffc691c628ab2f45a	a99c875ca35a00961e60d02c3f58e893a4fc70ef65d6190f0fd5487c69fb777f	pics/wallpapers/striped_fragments.jpg
1998-07-19	3eaeb5a262ab4d9ec83499dffc691c628ab2f45a	e95eeb96913c0907d88470f565f7241e8a56c8763610bc41d01f1b6402d11984	pics/wallpapers/sulfur_lakes.jpg
1998-07-19	3eaeb5a262ab4d9ec83499dffc691c628ab2f45a	7697722f0567aa1413fb4b451f7b4dac5d3feeef54dbaea07980f7c7ff3f490a	pics/wallpapers/sunburnt_crust.jpg
1998-07-19	3eaeb5a262ab4d9ec83499dffc691c628ab2f45a	d903a4177b3e1b370c34a6d8acde30374d7e8e94d8a1f9ee5f69737622132dbc	pics/wallpapers/tarnished_rings.jpg
1998-07-19	3eaeb5a262ab4d9ec83499dffc691c628ab2f45a	b10933d846830679d241248a3f112587b1396f9d5eb5acc8aae0c910a7fbaf63	pics/wallpapers/techno_sharks.jpg
1998-07-19	3eaeb5a262ab4d9ec83499dffc691c628ab2f45a	e7987c2b9e3b4b699f7aaf5af2723cf23450d4d1882f6a8ea22a8fcab08eb48f	pics/wallpapers/terrain_relief.jpg
1998-07-19	3eaeb5a262ab4d9ec83499dffc691c628ab2f45a	e675f86ff1587c46680172e6d6dcb83ee3f10e7d07d12447c58e418fa0321fb6	pics/wallpapers/theoretical_life.jpg
1998-07-19	3eaeb5a262ab4d9ec83499dffc691c628ab2f45a	b26b8d02ad6b1ab52de4689b94de025c298d7cc4c2fbc52b88f0971689143298	pics/wallpapers/thick_syrup.jpg
1998-07-19	3eaeb5a262ab4d9ec83499dffc691c628ab2f45a	25fd6dc4133c3e9aca49b7833ac8c7b70ffd527e17ad4878044ce732cafdb1d8	pics/wallpapers/thin_tentacles.jpg
1998-07-19	3eaeb5a262ab4d9ec83499dffc691c628ab2f45a	246c9d490555e1768207027d13475d57dc541c9c712bbf96113b8a76fa871c2f	pics/wallpapers/toe_paint.jpg
1998-07-19	3eaeb5a262ab4d9ec83499dffc691c628ab2f45a	82d63e5457c7df22c80c9e2b8f47b4be3b280200fb801490bbae5ec86c840b99	pics/wallpapers/tree_knobs.jpg
1998-07-19	3eaeb5a262ab4d9ec83499dffc691c628ab2f45a	f2c69484f118d476843e5c7ac63e7443d8c5d2b6b3f7fc9c83b39b33f1ff50ab	pics/wallpapers/tropical_leaves.jpg
1998-07-19	3eaeb5a262ab4d9ec83499dffc691c628ab2f45a	1deb134ed7af99aa371b9c8cb44f8a12d082db03ecfe4adfd4e22b4b4383dcf4	pics/wallpapers/ufo_frenzy.jpg
1998-07-19	3eaeb5a262ab4d9ec83499dffc691c628ab2f45a	0958d9b024a619af783c2b7053b774d399bf54bb0e1b3b9880cb2209306e74ef	pics/wallpapers/unstable_element.jpg
1998-07-19	3eaeb5a262ab4d9ec83499dffc691c628ab2f45a	45545da98c6b4fbf8aadfec6ceea14c365b661800ab5a258e243c337650e7d0e	pics/wallpapers/vessel_swirl.jpg
1997-04-13	69f6d6cc97cda34c0c78aa9fd77daff54a74e5a1	5f3ea1c1be79f82beafdff9c98681fb9c5b12694f571c7dbd89aa8912fd05f61	pics/wallpapers/water01.jpg
1998-07-19	3eaeb5a262ab4d9ec83499dffc691c628ab2f45a	01ce704cd59ae3e3e7f54d337e806eadd873cbbeaad3dd09bb6d62652f335221	pics/wallpapers/wavy_ribbons.jpg
1998-07-19	3eaeb5a262ab4d9ec83499dffc691c628ab2f45a	bb8f20ae09b2e410bd76ad19d9da37eb6dac58bcb523c85140d4289dbd676ae6	pics/wallpapers/whiplash_vines.jpg
1998-07-19	3eaeb5a262ab4d9ec83499dffc691c628ab2f45a	c28849bd0dda8e5764099c145efe30dcdc94e9393c6c6296c0191ca477f55875	pics/wallpapers/whirling_spirit.jpg
1998-07-19	3eaeb5a262ab4d9ec83499dffc691c628ab2f45a	567d74ae58c16ef9ee341358d0767a6596f9e1d80c37fbe2faa2973eb51cf6ce	pics/wallpapers/wind_chill.jpg
1998-02-26	76f95f848baf5927ae36b91afbe5822c390fbcf3	cbd8d0b25577c941ce6cba69f2720115708fa9e6117bf6ef98b5a36a8e0cfb56	pics/wallpapers/wood1.jpg
1997-04-13	69f6d6cc97cda34c0c78aa9fd77daff54a74e5a1	a08bcebc6e29f7b151337ca5576ab6835fc062271e44ead553fac90269367fa1	pics/www.xpm
1998-04-15	3d2a95fc22a8785ea15e6ff62a82afe7078419a2	90b2d42dc1e3483add2cb3916fbe09950a46fcaae47a3bcdb17bac07d905e148	pics/x.xpm
1997-09-13	d24816a21faa05c0ced504c0d000ac2f3b7c85b0	243f55d5ff5993895e2aaef67f1b25b5be8abda0c8f59a170edfe902754b4d14	pics/y_src.xpm
1997-09-13	d24816a21faa05c0ced504c0d000ac2f3b7c85b0	dd7db7cfb5cc15b0332b00b06d0142d44dc84efb39676a67943e70f39f90a0ab	pics/zip_mount.xpm
1997-09-13	d24816a21faa05c0ced504c0d000ac2f3b7c85b0	bab5a130b2fc39fd308b615b70447f51418b66a2423d8094be75af571487fe5d	pics/zip_unmount.xpm
